order_id,product_id,quantity
200001,61,1
200002,16,4
200002,42,1
200003,40,1
200003,102,2
200003,46,1
200003,55,1
200004,46,8
200005,36,1
200005,20,1
200006,75,6
200006,7,2
200007,56,7
200008,102,4
200008,51,1
200008,22,1
200008,30,1
200009,43,1
200010,50,7
200011,10,3
200011,69,5
200012,28,2
200012,31,1
200013,26,4
200014,12,10
200015,9,3
200015,28,2
200015,105,1
200016,24,1
200016,92,1
200016,60,1
200017,41,1
200017,50,1
200017,74,2
200017,118,3
200018,13,2
200018,117,3
200019,53,1
200020,16,1
200020,1,3
200020,42,1
200020,114,1
200021,119,3
200022,58,4
200022,52,1
200022,45,2
200023,48,3
200023,58,3
200023,11,1
200024,17,1
200024,12,1
200024,37,5
200025,32,3
200025,59,1
200025,53,1
200026,56,1
200026,41,5
200026,63,1
200027,41,3
200027,13,5
200028,88,8
200028,65,2
200028,50,1
200029,91,1
200029,100,2
200029,13,6
200030,69,1
200030,54,1
200031,42,5
200032,82,1
200032,46,1
200033,114,1
200033,108,2
200033,77,2
200033,39,1
200034,98,3
200034,53,3
200035,24,5
200035,91,1
200036,28,1
200037,52,9
200037,13,1
200038,56,2
200038,12,1
200038,21,3
200038,84,2
200039,1,6
200040,108,1
200040,60,1
200041,82,1
200042,52,2
200043,57,2
200043,6,5
200044,106,1
200044,78,1
200044,14,1
200045,50,4
200045,42,3
200045,111,1
200046,59,1
200046,51,1
200046,44,1
200046,13,1
200047,77,6
200047,62,1
200048,50,1
200048,43,1
200048,69,2
200049,11,1
200049,44,7
200050,30,5
200051,19,3
200051,7,2
200052,20,1
200052,69,1
200052,7,1
200053,9,1
200053,3,1
200053,54,1
200054,24,1
200054,3,2
200054,100,1
200054,46,1
200055,33,5
200055,50,1
200055,22,1
200056,40,2
200056,53,2
200057,18,5
200057,15,1
200057,7,1
200058,24,4
200058,54,1
200058,46,2
200059,17,3
200059,26,2
200060,3,6
200060,108,3
200061,2,4
200061,71,1
200062,51,1
200062,20,1
200062,55,1
200063,11,3
200063,46,2
200064,2,7
200064,36,1
200065,97,5
200065,19,3
200066,19,2
200066,63,1
200066,79,2
200067,53,9
200068,102,2
200068,13,1
200068,86,1
200068,71,1
200069,4,3
200069,38,1
200069,76,3
200070,50,1
200070,60,7
200071,91,1
200071,6,1
200071,47,4
200072,29,3
200072,15,4
200073,16,3
200073,65,1
200073,53,1
200074,66,7
200074,27,2
200075,48,3
200075,15,4
200076,16,2
200076,10,3
200076,31,3
200077,18,8
200078,53,3
200078,86,1
200078,14,1
200079,85,1
200079,84,1
200079,29,1
200079,7,1
200080,113,1
200080,107,1
200080,30,1
200081,117,1
200081,21,2
200081,63,2
200082,12,1
200082,76,1
200082,13,1
200082,110,1
200082,89,1
200083,91,3
200083,114,3
200083,67,1
200084,56,5
200084,57,1
200084,70,2
200085,19,5
200085,61,1
200086,16,2
200086,7,6
200087,96,2
200087,34,5
200088,17,4
200088,53,2
200089,45,4
200089,47,2
200090,16,4
200091,48,3
200091,81,2
200092,45,2
200092,62,3
200092,14,1
200093,48,1
200093,1,2
200094,88,2
200094,106,1
200095,7,1
200095,112,1
200095,18,1
200095,56,3
200095,25,1
200096,69,8
200096,87,3
200097,51,1
200097,67,1
200098,3,1
200098,61,1
200099,43,5
200099,28,1
200100,8,1
200100,51,1
200100,85,1
200101,29,3
200101,22,4
200102,51,2
200102,101,4
200103,70,3
200103,6,2
200104,33,7
200104,10,3
200105,114,1
200105,35,3
200105,13,1
200106,89,6
200107,56,2
200107,55,8
200108,6,4
200108,15,3
200109,51,4
200109,115,2
200110,48,1
200110,24,1
200110,42,1
200110,11,1
200111,16,2
200111,8,3
200111,34,1
200111,71,2
200112,48,3
200112,38,1
200112,111,1
200113,34,3
200113,35,2
200113,13,3
200114,45,3
200114,7,1
200115,50,3
200115,22,5
200116,48,2
200116,41,1
200116,19,1
200116,4,1
200117,5,4
200117,62,1
200117,119,1
200118,9,7
200118,82,1
200119,49,1
200119,3,1
200120,9,1
200120,38,2
200121,37,1
200121,30,1
200121,79,1
200122,58,2
200122,99,6
200123,27,3
200123,101,2
200123,15,3
200124,46,5
200125,45,3
200125,54,1
200126,11,10
200127,20,9
200128,67,2
200128,38,2
200128,46,1
200128,54,1
200128,31,1
200129,40,4
200129,45,4
200130,70,6
200131,25,3
200131,77,4
200132,9,2
200132,98,2
200132,91,3
200133,8,4
200133,42,1
200134,64,3
200134,37,1
200134,11,1
200134,18,1
200134,61,1
200135,98,8
200136,58,8
200137,9,3
200137,108,5
200138,17,3
200139,59,3
200139,117,5
200139,14,1
200140,5,1
200140,6,3
200140,31,5
200141,102,8
200142,88,8
200143,24,1
200143,110,2
200143,71,3
200144,91,1
200144,59,6
200144,46,1
200145,35,7
200145,34,1
200145,67,1
200145,14,1
200146,51,1
200146,60,1
200146,79,1
200147,19,2
200147,52,2
200148,8,5
200149,51,2
200149,20,4
200150,25,1
200150,38,4
200151,115,10
200152,103,4
200153,18,4
200153,11,3
200153,14,1
200154,65,1
200154,41,1
200154,56,1
200154,4,2
200155,113,3
200155,50,3
200155,60,4
200156,52,4
200156,39,2
200157,106,4
200157,47,2
200158,50,1
200158,20,2
200158,13,5
200159,117,7
200160,24,2
200160,18,1
200160,51,1
200160,38,1
200161,89,3
200161,95,1
200162,114,1
200162,13,1
200163,42,8
200164,50,5
200164,45,1
200165,37,5
200166,73,2
200166,26,1
200166,115,2
200167,27,3
200167,4,1
200167,62,5
200168,11,1
200168,52,1
200168,39,1
200168,47,1
200169,113,3
200169,20,4
200169,14,1
200170,102,1
200170,52,2
200170,60,3
200171,3,1
200172,72,6
200173,48,5
200173,8,3
200174,57,6
200174,43,1
200174,60,1
200174,118,1
200175,26,1
200175,43,1
200175,85,5
200176,35,4
200176,27,1
200176,93,2
200177,120,6
200177,2,1
200177,46,2
200178,56,1
200178,5,1
200179,91,1
200179,3,2
200179,22,5
200180,5,5
200180,9,1
200180,13,1
200180,18,1
200180,84,2
200181,50,1
200181,22,1
200182,21,10
200183,73,4
200184,108,5
200185,7,2
200185,48,2
200185,16,1
200185,53,2
200185,58,1
200186,48,2
200186,18,4
200186,77,1
200186,47,1
200187,89,2
200187,33,2
200187,38,2
200188,116,2
200188,60,4
200188,55,2
200189,84,4
200190,23,5
200191,120,2
200191,19,1
200191,54,1
200192,3,2
200192,4,1
200192,19,2
200192,21,2
200192,86,1
200193,10,2
200193,14,3
200194,10,6
200194,53,2
200195,61,8
200196,42,2
200196,71,1
200197,47,1
200198,35,1
200198,102,2
200198,104,1
200198,51,1
200198,54,1
200199,56,1
200199,29,1
200199,14,2
200199,55,1
200200,89,1
200200,58,1
200200,5,1
200201,82,4
200201,18,3
200201,101,2
200201,117,1
200202,96,3
200202,90,1
200202,19,1
200203,57,5
200203,98,2
200204,72,2
200204,4,3
200204,13,6
200205,73,1
200205,58,1
200205,60,1
200206,24,2
200206,81,1
200206,67,1
200206,115,2
200207,5,1
200207,93,1
200207,118,1
200208,51,5
200208,107,1
200208,55,1
200209,60,1
200209,94,2
200210,74,1
200210,39,7
200211,54,3
200211,50,1
200211,22,2
200212,43,4
200212,108,1
200212,61,1
200212,39,2
200213,84,2
200213,21,4
200214,3,4
200214,44,4
200214,79,2
200215,57,3
200215,43,3
200215,47,1
200216,96,5
200216,2,1
200217,50,2
200217,90,1
200217,15,4
200218,13,6
200218,38,1
200219,56,1
200219,39,12
200220,33,2
200220,78,1
200221,65,1
200221,53,7
200222,14,4
200222,47,1
200223,64,1
200223,113,3
200223,58,2
200223,29,1
200224,67,9
200225,43,1
200225,110,1
200225,55,2
200226,7,1
200226,31,1
200226,54,1
200226,87,1
200227,90,1
200227,44,1
200227,61,1
200228,32,1
200228,49,1
200229,108,7
200229,70,1
200230,105,1
200230,82,1
200230,4,1
200230,12,1
200231,55,1
200231,79,1
200232,73,4
200233,11,3
200233,85,2
200234,35,1
200234,6,1
200234,8,1
200234,53,1
200234,60,3
200235,20,5
200236,9,3
200236,18,4
200237,49,1
200237,83,1
200237,61,1
200238,35,1
200238,46,1
200239,105,3
200239,14,2
200240,73,3
200240,2,6
200241,97,7
200241,52,1
200242,46,1
200242,119,1
200243,53,1
200243,69,1
200243,47,1
200244,16,7
200244,36,1
200244,71,1
200245,33,3
200245,76,1
200245,45,1
200246,18,1
200246,100,1
200247,67,3
200247,19,2
200247,85,1
200248,49,2
200248,18,2
200248,19,1
200248,13,2
200249,8,2
200249,102,1
200249,38,2
200250,73,1
200250,25,4
200250,2,1
200250,43,2
200251,73,5
200252,2,3
200252,59,1
200252,55,1
200253,8,1
200253,66,1
200253,7,1
200254,104,2
200254,80,2
200255,107,1
200255,59,2
200256,57,3
200256,83,2
200256,21,1
200257,91,1
200257,45,3
200258,23,1
200259,25,2
200259,82,3
200259,46,3
200260,16,1
200260,30,1
200261,33,3
200261,50,3
200262,2,1
200262,5,1
200262,51,1
200262,29,1
200263,25,5
200263,51,1
200263,109,2
200264,1,1
200264,26,1
200265,11,1
200265,3,2
200265,15,1
200266,11,1
200267,51,5
200267,46,5
200268,29,6
200269,12,1
200269,55,3
200270,1,2
200270,17,3
200270,78,2
200271,27,1
200271,115,2
200272,14,1
200272,23,2
200273,25,1
200273,45,4
200273,38,1
200273,39,1
200274,51,3
200274,46,1
200275,96,1
200275,94,1
200276,99,1
200276,10,2
200276,16,1
200276,48,2
200276,53,1
200277,48,2
200277,46,2
200278,25,7
200279,27,4
200279,29,1
200279,47,1
200280,49,5
200280,70,1
200280,15,2
200281,96,1
200281,51,1
200281,116,1
200281,91,1
200281,31,6
200282,8,1
200282,17,1
200282,15,3
200283,97,7
200284,54,2
200284,30,5
200285,13,9
200286,101,1
200286,70,1
200286,41,1
200286,18,1
200286,60,1
200287,43,4
200287,30,3
200288,49,1
200288,27,1
200289,49,3
200289,66,2
200289,76,1
200289,60,1
200290,10,1
200290,29,1
200291,20,8
200292,25,2
200292,12,6
200293,116,1
200293,45,1
200294,1,9
200295,8,1
200295,20,1
200295,87,1
200295,76,1
200296,49,3
200296,45,1
200296,102,1
200296,79,1
200297,5,10
200298,52,1
200298,54,1
200299,11,2
200300,5,5
200301,21,3
200301,55,1
200302,96,1
200303,36,1
200303,69,4
200304,52,5
200304,13,3
200305,10,3
200305,46,4
200306,72,4
200306,38,2
200307,46,5
200308,39,2
200308,54,7
200308,119,1
200309,23,5
200310,88,6
200311,91,4
200311,4,2
200311,63,1
200311,119,1
200312,13,1
200312,86,1
200312,119,1
200313,59,1
200314,92,2
200314,117,1
200314,110,2
200315,56,3
200315,42,6
200315,51,1
200316,30,1
200317,9,1
200318,1,9
200319,23,1
200319,15,5
200320,8,1
200320,82,1
200320,4,1
200320,98,1
200321,5,10
200322,81,2
200322,49,1
200322,9,1
200323,8,1
200323,66,1
200323,84,1
200324,32,1
200324,27,2
200324,14,2
200325,98,11
200326,90,9
200327,16,4
200327,15,4
200328,73,1
200328,54,1
200329,10,1
200330,2,7
200331,115,6
200331,29,2
200332,54,6
200333,87,9
200334,77,3
200335,48,2
200335,91,3
200335,55,2
200336,104,3
200336,97,2
200336,38,1
200337,40,1
200337,97,2
200338,99,1
200338,33,1
200338,27,1
200338,60,1
200339,76,3
200339,38,2
200340,50,1
200340,11,1
200340,68,3
200340,98,1
200341,32,1
200341,26,1
200341,67,3
200341,117,1
200342,27,1
200342,15,1
200343,94,4
200344,4,1
200344,111,1
200344,48,1
200344,81,1
200344,54,1
200345,3,1
200346,82,3
200347,114,1
200347,77,1
200347,101,2
200347,15,1
200348,97,3
200348,114,1
200348,43,1
200349,1,3
200349,52,3
200350,20,8
200351,16,2
200351,69,1
200351,94,3
200351,79,1
200352,13,1
200352,93,3
200352,7,2
200353,11,2
200353,7,1
200353,119,3
200353,55,1
200354,56,1
200354,57,1
200355,104,4
200355,4,4
200355,102,1
200355,14,1
200356,65,1
200356,4,1
200357,9,8
200357,10,1
200357,28,1
200358,97,1
200358,98,1
200358,45,3
200358,54,1
200358,24,1
200359,106,4
200359,59,2
200360,8,1
200361,61,6
200361,15,4
200362,26,3
200362,94,3
200363,82,5
200363,23,1
200363,7,1
200364,60,1
200364,6,1
200365,48,1
200365,22,1
200366,23,4
200366,55,1
200367,3,2
200367,15,4
200368,89,1
200368,101,1
200368,15,1
200369,89,4
200369,69,1
200369,22,1
200370,117,5
200371,38,2
200372,40,1
200372,50,1
200372,12,1
200372,15,1
200373,72,1
200373,20,3
200374,97,1
200374,58,1
200374,45,1
200374,95,1
200375,89,1
200375,42,3
200375,3,1
200376,1,1
200376,37,1
200376,57,1
200377,26,4
200377,10,1
200377,29,1
200378,24,2
200378,34,4
200378,91,1
200379,107,1
200379,15,1
200380,96,1
200380,108,3
200380,7,4
200381,90,5
200382,2,1
200383,19,2
200383,6,8
200384,48,4
200384,86,1
200385,17,1
200386,42,2
200386,14,2
200387,91,3
200387,100,5
200388,27,4
200389,35,10
200390,70,4
200390,38,3
200391,42,5
200391,5,1
200391,111,1
200392,41,5
200392,58,1
200392,44,2
200393,57,1
200393,18,1
200393,91,2
200393,52,1
200394,57,4
200394,83,1
200394,45,1
200395,113,2
200395,59,4
200395,4,1
200396,18,2
200397,107,3
200397,51,2
200398,12,1
200399,88,3
200399,45,1
200400,117,1
200400,86,4
200400,79,3
200401,19,3
200401,70,1
200402,44,1
200402,60,1
200402,23,3
200403,81,2
200403,13,1
200403,20,1
200403,53,1
200404,25,1
200405,13,4
200405,61,1
200406,49,1
200406,57,1
200407,13,7
200407,83,1
200407,37,1
200408,27,6
200408,109,2
200409,74,6
200409,52,1
200410,54,8
200411,60,8
200412,113,5
200413,120,5
200414,27,2
200414,22,2
200414,23,2
200415,1,3
200415,3,4
200416,113,3
200416,18,2
200416,75,1
200416,36,1
200417,16,2
200417,50,7
200418,17,1
200418,93,2
200419,2,1
200419,3,2
200420,24,4
200420,55,3
200421,68,1
200421,117,1
200422,49,1
200422,90,3
200423,9,1
200423,12,1
200423,13,1
200423,38,2
200424,120,1
200424,57,1
200424,22,1
200424,39,1
200425,42,1
200425,37,1
200426,58,1
200426,12,1
200426,53,1
200427,28,5
200428,81,2
200428,60,1
200428,45,4
200429,116,1
200429,6,1
200430,58,4
200430,27,3
200431,65,1
200431,17,1
200432,18,1
200432,19,2
200432,116,2
200432,87,1
200433,49,1
200433,105,2
200433,63,1
200434,5,2
200434,39,1
200434,10,1
200434,42,1
200434,47,1
200435,48,1
200435,1,1
200435,96,3
200435,33,1
200436,24,6
200436,3,1
200436,36,1
200437,8,5
200438,47,2
200439,74,1
200439,12,1
200439,13,1
200439,27,1
200439,63,1
200440,96,1
200440,94,1
200441,34,3
200441,44,6
200442,40,1
200442,25,1
200442,26,1
200443,22,3
200443,87,5
200444,99,5
200444,103,1
200445,57,2
200445,20,1
200445,45,1
200446,3,1
200447,80,5
200447,39,1
200448,24,3
200448,46,5
200449,45,2
200449,101,3
200449,47,3
200450,32,1
200450,43,2
200450,3,2
200451,65,3
200451,10,3
200452,19,1
200453,18,3
200453,83,2
200453,50,1
200453,87,1
200453,25,1
200454,114,1
200454,46,2
200455,59,1
200455,60,5
200456,115,1
200456,13,1
200456,39,1
200457,57,5
200458,43,2
200458,52,2
200458,4,1
200459,19,2
200459,1,1
200459,35,1
200460,106,3
200460,3,1
200460,22,2
200461,41,1
200461,43,1
200461,44,1
200462,98,9
200463,16,1
200464,43,5
200464,54,2
200465,9,4
200465,54,4
200466,26,3
200467,28,7
200467,47,1
200468,24,1
200468,57,1
200468,36,1
200469,2,1
200469,30,3
200470,2,8
200471,48,5
200471,66,2
200471,43,1
200472,52,1
200473,48,3
200473,59,5
200474,50,1
200475,81,4
200475,57,1
200475,11,1
200475,7,1
200476,25,2
200476,51,5
200477,33,1
200477,23,1
200478,55,4
200479,105,4
200480,42,1
200480,99,5
200480,36,1
200480,63,1
200481,67,9
200482,3,1
200482,30,1
200482,39,6
200483,17,8
200484,97,1
200484,58,6
200484,28,1
200484,34,1
200485,97,4
200485,12,3
200486,34,1
200486,52,1
200487,99,1
200487,11,4
200488,104,2
200488,42,1
200488,22,2
200489,43,1
200489,4,1
200490,97,1
200490,3,1
200490,45,1
200491,89,4
200491,6,4
200492,88,4
200492,42,1
200492,80,2
200492,15,1
200493,56,1
200493,60,1
200493,118,1
200494,105,2
200494,91,2
200494,36,1
200494,6,2
200495,27,4
200495,60,7
200495,52,1
200496,41,1
200496,105,4
200496,47,1
200496,17,1
200496,88,1
200497,49,3
200497,19,1
200497,20,1
200497,33,1
200498,16,5
200498,9,1
200498,58,1
200498,22,1
200499,56,3
200499,65,2
200499,44,1
200499,47,1
200500,13,1
200501,48,3
200501,24,2
200501,45,1
200502,1,2
200502,93,4
200502,78,2
200503,20,1
200503,117,1
200504,58,2
200504,85,6
200505,16,1
200506,17,3
200506,76,3
200506,53,1
200507,16,1
200507,116,5
200507,78,1
200507,47,1
200508,106,6
200509,73,1
200509,27,1
200509,44,1
200510,17,5
200510,114,3
200510,27,1
200511,4,2
200511,31,3
200512,120,1
200513,43,5
200514,1,2
200514,59,2
200515,16,1
200515,78,3
200515,14,2
200516,25,1
200516,11,1
200516,13,2
200516,30,1
200517,47,7
200518,49,1
200519,3,6
200519,102,1
200519,42,1
200519,12,1
200519,93,1
200520,14,1
200521,34,6
200522,43,1
200522,3,1
200522,105,1
200523,82,1
200523,20,2
200523,47,1
200524,25,2
200524,26,1
200524,46,3
200524,55,1
200525,96,2
200525,66,2
200525,95,1
200526,16,6
200526,65,1
200526,84,1
200526,102,1
200527,73,4
200527,84,4
200528,11,8
200529,56,2
200529,27,3
200529,7,1
200530,9,5
200530,11,1
200530,12,1
200531,64,3
200531,3,1
200531,79,3
200532,9,4
200533,11,1
200534,17,1
200534,38,1
200535,56,3
200535,40,1
200536,1,4
200537,10,4
200537,4,1
200537,52,1
200538,7,1
200538,43,1
200538,53,1
200538,119,1
200538,58,1
200539,8,1
200539,4,5
200539,63,1
200540,16,2
200540,68,1
200540,46,1
200541,8,1
200542,23,6
200543,3,1
200543,12,1
200543,30,1
200544,41,5
200544,18,2
200545,42,4
200545,99,2
200545,29,2
200546,91,2
200546,43,1
200546,44,1
200546,45,1
200547,69,1
200547,11,1
200547,115,1
200547,60,1
200547,61,1
200548,52,4
200548,117,1
200548,110,2
200549,98,1
200549,3,2
200550,26,1
200550,11,1
200550,12,1
200550,23,2
200551,50,2
200551,59,2
200552,51,1
200553,60,1
200553,45,3
200554,68,1
200554,21,6
200555,49,2
200555,50,6
200556,40,2
200556,57,1
200556,36,1
200556,39,1
200557,51,3
200557,5,5
200558,72,1
200558,22,1
200558,7,1
200559,51,4
200559,23,2
200560,10,8
200561,35,3
200561,14,1
200561,103,1
200562,50,1
200562,3,4
200563,94,6
200564,117,2
200564,51,1
200564,5,2
200565,56,7
200565,48,1
200566,41,1
200567,74,2
200567,20,3
200568,109,1
200569,8,1
200569,44,5
200569,22,2
200570,19,4
200570,87,3
200571,65,3
200571,2,2
200571,20,1
200572,81,1
200572,49,1
200572,18,1
200573,85,2
200573,12,1
200573,93,2
200574,65,3
200574,58,5
200575,112,1
200575,24,1
200575,4,1
200575,31,1
200576,69,5
200577,34,4
200577,12,1
200577,111,1
200578,34,1
200578,14,5
200579,2,1
200580,1,1
200580,68,1
200581,32,3
200581,8,3
200581,19,1
200581,46,1
200582,1,1
200582,67,3
200582,109,2
200583,30,1
200584,60,1
200584,118,1
200585,17,4
200585,98,2
200585,102,1
200586,3,2
200586,49,1
200586,83,1
200587,8,1
200587,33,5
200587,57,1
200587,41,1
200588,2,6
200589,9,2
200589,27,3
200590,59,1
200590,103,1
200591,10,2
200591,70,1
200592,12,3
200592,46,2
200592,111,1
200592,84,1
200592,27,1
200593,36,1
200593,45,2
200593,54,2
200594,96,2
200594,1,3
200594,27,1
200594,49,1
200595,8,3
200595,100,1
200595,54,1
200596,52,4
200596,109,2
200596,76,2
200597,3,2
200598,100,5
200598,106,1
200598,84,1
200598,118,1
200598,30,1
200599,46,1
200600,56,3
200600,2,1
200600,12,1
200601,57,4
200601,74,1
200601,69,1
200601,15,4
200602,29,1
200602,119,1
200603,47,7
200604,49,8
200605,16,6
200605,10,4
200606,62,5
200606,69,1
200606,37,1
200606,46,1
200607,32,2
200607,89,1
200608,26,1
200608,14,1
200609,32,1
200609,28,1
200610,52,1
200611,96,2
200611,52,1
200611,94,6
200612,8,1
200612,67,2
200612,111,2
200613,72,7
200614,8,1
200614,10,1
200615,14,1
200616,8,5
200616,60,1
200617,82,1
200617,29,1
200617,86,3
200618,66,1
200618,43,1
200618,12,1
200619,59,1
200619,47,4
200620,108,3
200620,46,3
200620,47,1
200621,12,5
200621,39,1
200622,107,1
200622,101,1
200622,46,2
200623,8,1
200623,116,3
200624,59,1
200624,31,1
200625,87,4
200625,119,3
200626,47,7
200627,65,8
200628,77,4
200629,25,4
200629,117,1
200629,30,2
200630,41,1
200630,42,1
200630,51,1
200631,93,3
200631,54,5
200632,20,9
200633,45,1
200633,6,9
200634,15,8
200635,80,2
200635,60,1
200635,29,1
200635,38,1
200636,113,1
200636,118,2
200636,14,1
200637,7,1
200637,105,2
200637,75,1
200637,47,1
200637,19,1
200638,3,10
200639,41,1
200639,18,1
200639,27,4
200640,55,1
200641,13,2
200641,6,3
200642,74,7
200643,88,1
200643,57,1
200643,98,1
200643,10,1
200644,16,4
200644,57,6
200645,20,1
200646,103,1
200647,42,3
200647,91,3
200647,45,1
200647,47,4
200648,74,1
200648,103,1
200649,42,1
200649,36,2
200649,50,3
200649,71,1
200650,41,2
200651,113,4
200652,1,2
200652,102,2
200652,75,2
200652,25,1
200652,58,1
200653,59,5
200653,47,3
200654,56,3
200654,3,1
200654,75,1
200655,40,3
200655,19,1
200655,13,3
200656,57,2
200656,18,3
200656,69,3
200657,114,9
200658,58,8
200659,49,2
200659,52,2
200659,46,2
200659,105,1
200660,64,9
200660,55,2
200661,33,2
200661,1,1
200661,70,1
200662,18,1
200662,20,1
200663,24,1
200663,8,1
200663,18,1
200664,36,1
200664,45,5
200664,6,4
200665,9,1
200665,12,1
200666,64,1
200666,51,1
200666,52,1
200666,25,1
200666,28,1
200667,37,3
200667,15,1
200668,4,1
200668,69,1
200668,15,1
200669,51,3
200670,2,2
200670,47,4
200671,56,5
200671,67,2
200672,83,6
200673,41,5
200673,108,1
200673,77,1
200673,15,1
200673,20,1
200674,44,8
200675,9,1
200675,49,1
200676,18,2
200676,91,1
200676,101,2
200677,34,1
200677,47,2
200678,17,3
200678,28,1
200678,62,2
200679,71,10
200680,64,8
200681,85,1
200681,5,1
200682,38,1
200683,24,3
200683,35,3
200683,44,1
200683,63,1
200684,17,9
200684,74,1
200684,20,1
200685,72,3
200686,35,1
200686,76,4
200686,117,1
200686,79,1
200687,120,2
200687,34,6
200688,39,4
200689,56,2
200689,2,1
200689,91,1
200689,45,1
200690,10,1
200690,58,3
200690,53,1
200690,55,1
200691,16,1
200691,98,1
200691,58,2
200692,80,4
200692,25,1
200693,33,2
200693,45,8
200694,42,1
200694,53,1
200694,61,1
200694,22,1
200695,92,4
200695,87,3
200696,43,6
200697,57,2
200697,46,2
200698,97,2
200698,91,1
200698,51,1
200698,116,1
200699,32,1
200699,106,1
200699,19,1
200699,58,1
200699,95,1
200700,117,2
200700,86,1
200701,70,2
200701,50,2
200701,54,1
200702,25,4
200702,58,2
200702,94,5
200703,8,1
200703,17,1
200703,20,2
200704,106,1
200704,75,1
200705,4,7
200705,86,1
200706,96,3
200706,60,1
200707,96,1
200707,41,3
200707,91,3
200708,41,1
200709,97,4
200709,2,1
200709,51,1
200709,13,1
200710,2,1
200710,58,7
200711,41,2
200711,66,1
200711,10,2
200711,20,1
200712,49,1
200712,78,1
200712,55,1
200713,88,2
200713,40,1
200713,42,1
200714,55,2
200714,13,2
200714,54,1
200714,47,1
200715,2,4
200715,52,3
200716,73,3
200716,43,1
200716,60,1
200716,118,1
200717,33,1
200717,110,5
200718,110,1
200719,43,4
200720,8,1
200720,41,4
200721,19,3
200721,86,1
200722,24,1
200722,117,1
200722,5,1
200723,59,6
200723,109,3
200724,38,2
200724,83,4
200724,84,1
200724,14,1
200725,28,3
200725,7,3
200725,15,2
200726,57,5
200726,10,5
200727,58,2
200727,75,1
200727,84,1
200728,17,3
200728,19,1
200728,13,1
200729,88,1
200729,65,1
200729,61,1
200730,49,6
200730,27,2
200731,33,3
200731,67,3
200731,28,1
200732,1,3
200732,38,4
200733,17,8
200733,10,1
200733,59,1
200734,64,2
200734,103,2
200735,83,6
200735,102,2
200736,25,2
200736,51,1
200736,110,1
200737,37,2
200737,6,2
200738,66,8
200739,48,5
200739,60,1
200740,90,1
200740,19,1
200740,52,1
200741,2,1
200741,116,4
200741,78,1
200742,105,6
200742,99,1
200743,67,6
200744,45,1
200744,38,1
200744,15,1
200745,24,2
200745,6,2
200746,17,4
200746,52,1
200747,97,2
200747,21,1
200747,14,1
200748,49,4
200749,105,4
200750,120,7
200750,26,1
200751,50,3
200752,75,4
200752,5,1
200753,5,2
200753,48,2
200753,21,1
200753,26,1
200753,31,1
200754,49,2
200754,46,1
200754,55,1
200755,33,2
200755,37,3
200755,118,1
200755,31,2
200756,29,4
200757,97,6
200758,64,2
200758,8,1
200758,78,1
200758,81,2
200758,53,1
200759,57,1
200759,4,1
200759,54,2
200759,47,2
200760,54,6
200760,14,3
200761,88,1
200761,3,2
200761,38,1
200761,47,5
200762,41,1
200762,52,4
200762,46,1
200762,30,1
200763,24,1
200763,51,1
200764,2,2
200764,12,2
200764,45,3
200765,6,9
200766,22,9
200767,19,3
200767,51,2
200768,19,4
200769,112,1
200769,97,2
200770,55,1
200771,54,3
200771,46,1
200771,55,1
200772,98,1
200772,59,3
200772,58,1
200772,7,5
200773,64,1
200773,10,1
200773,3,1
200774,100,2
200774,38,4
200775,21,7
200776,46,1
200777,96,2
200777,50,1
200777,10,1
200777,42,1
200778,42,4
200778,13,1
200779,58,1
200779,45,1
200780,8,1
200780,88,2
200780,18,1
200780,80,3
200781,57,1
200781,43,4
200781,30,2
200782,109,1
200783,41,1
200784,96,3
200784,9,1
200784,48,2
200785,49,1
200785,4,1
200785,70,1
200786,68,3
200786,36,1
200787,42,1
200788,83,1
200789,89,1
200789,21,1
200789,7,1
200790,19,1
200790,101,1
200790,15,6
200791,1,5
200791,36,1
200791,15,1
200792,10,2
200792,52,1
200792,14,1
200793,71,3
200794,48,1
200794,116,1
200794,55,1
200795,85,1
200795,47,1
200796,93,2
200797,38,1
200797,12,1
200797,22,1
200798,52,3
200798,62,3
200799,13,1
200799,95,3
200800,56,1
200800,9,1
200800,1,1
200801,99,1
200801,46,5
200802,41,1
200802,75,2
200802,13,1
200802,112,1
200802,61,1
200803,21,3
200803,62,3
200804,59,2
200804,34,2
200804,43,1
200805,107,1
200805,36,1
200805,76,1
200806,108,1
200806,49,1
200806,60,3
200807,17,1
200807,18,3
200807,51,1
200807,90,1
200808,59,6
200809,29,1
200809,5,2
200809,7,1
200810,58,1
200810,51,1
200811,88,3
200811,5,1
200812,104,2
200812,28,1
200812,38,1
200813,56,2
200813,84,1
200813,77,1
200813,54,2
200814,8,1
200814,106,2
200814,4,1
200814,14,2
200815,80,3
200815,65,1
200815,28,1
200815,105,1
200816,8,2
200816,92,2
200816,22,1
200817,48,1
200817,16,1
200817,80,1
200817,12,1
200818,8,1
200818,10,2
200819,49,1
200819,12,2
200820,82,3
200820,44,4
200820,46,1
200821,59,2
200821,5,1
200822,48,3
200822,3,2
200822,110,1
200823,9,1
200823,19,1
200823,20,2
200824,36,3
200824,109,3
200824,30,1
200824,55,1
200825,26,2
200825,38,2
200825,71,4
200826,74,3
200827,99,5
200827,4,2
200828,104,5
200828,52,3
200829,120,5
200829,49,1
200829,52,1
200829,110,1
200830,82,1
200831,24,2
200832,100,3
200832,95,1
200833,11,4
200834,21,5
200835,74,5
200835,91,2
200835,58,1
200836,72,2
200836,35,3
200836,101,1
200836,6,1
200837,27,1
200837,23,1
200838,56,3
200838,11,3
200838,22,1
200839,18,1
200839,37,3
200840,18,1
200840,60,3
200840,119,1
200840,47,2
200841,47,1
200842,50,1
200842,19,1
200843,9,3
200843,100,1
200843,87,1
200844,62,8
200845,81,1
200845,34,2
200845,43,1
200845,29,1
200846,88,3
200847,12,1
200847,93,1
200847,44,6
200848,74,1
200848,19,6
200848,37,1
200849,51,4
200849,35,3
200850,1,1
200850,22,9
200851,14,4
200852,74,1
200853,112,6
200853,43,1
200853,23,1
200854,35,1
200854,45,1
200855,116,1
200856,120,1
200856,41,1
200856,46,1
200857,62,1
200857,46,5
200857,50,2
200857,70,2
200858,2,1
200858,106,1
200858,75,1
200858,7,1
200859,4,4
200859,12,3
200859,17,1
200859,50,1
200859,20,1
200860,88,2
200860,7,4
200861,3,3
200861,19,1
200861,118,1
200862,24,1
200863,34,3
200864,80,1
200865,4,1
200865,7,1
200865,8,2
200865,111,1
200865,50,1
200866,57,1
200866,15,2
200867,7,1
200867,111,1
200867,115,1
200867,58,1
200867,92,1
200868,78,5
200868,47,5
200869,116,3
200869,103,4
200870,57,4
200870,39,1
200871,80,6
200872,115,1
200872,110,1
200873,89,8
200874,19,2
200874,6,5
200875,112,3
200875,18,4
200875,55,2
200876,54,7
200877,49,9
200878,48,1
200878,13,1
200878,103,1
200879,73,6
200880,5,5
200880,78,1
200880,6,2
200881,1,1
200881,39,1
200882,49,1
200882,19,1
200882,41,1
200883,96,1
200883,17,8
200884,10,1
200884,29,4
200885,6,8
200886,8,4
200886,56,2
200886,6,1
200887,30,7
200888,96,6
200888,83,1
200889,11,3
200890,117,2
200890,31,1
200891,117,5
200891,7,3
200892,48,5
200892,82,1
200892,28,3
200893,2,1
200893,35,2
200893,36,1
200893,62,1
200894,8,3
200894,4,5
200895,18,1
200895,14,5
200896,60,2
200896,53,3
200897,25,3
200897,74,1
200897,63,2
200898,42,2
200898,43,3
200899,32,2
200899,13,3
200900,49,4
200900,76,1
200900,87,2
200901,5,2
200901,111,3
200902,19,8
200902,31,1
200903,86,1
200903,7,1
200904,96,2
200904,43,2
200905,17,3
200905,57,5
200906,56,2
200906,51,1
200906,28,1
200906,95,1
200907,54,1
200907,43,1
200907,118,1
200908,56,5
200908,9,3
200908,97,1
200909,88,1
200909,18,1
200909,45,1
200910,17,1
200910,58,2
200910,99,1
200910,1,1
200911,64,3
200911,43,5
200912,48,3
200912,44,1
200912,39,1
200913,4,4
200913,87,1
200914,107,4
200914,59,1
200914,119,1
200915,80,1
200915,33,1
200915,52,3
200916,18,1
200917,18,2
200917,42,1
200917,110,2
200917,92,1
200918,67,8
200919,107,1
200920,114,1
200920,94,6
200921,67,3
200921,43,2
200922,15,3
200923,41,1
200923,94,1
200924,13,1
200925,91,3
200925,20,1
200925,52,1
200926,105,2
200926,108,3
200926,5,4
200927,33,2
200927,98,2
200928,89,7
200928,58,1
200928,47,1
200929,43,1
200929,110,1
200930,11,2
200930,36,1
200931,4,1
200931,118,8
200932,1,5
200932,67,2
200932,111,2
200933,59,3
200933,100,1
200934,88,4
200934,67,2
200934,53,1
200935,3,2
200935,19,4
200935,52,1
200935,12,1
200936,32,3
200936,20,1
200936,86,2
200937,112,4
200937,17,1
200937,36,2
200938,36,1
200938,9,1
200938,41,1
200938,75,1
200938,21,1
200939,1,1
200939,75,2
200939,20,1
200940,32,1
200940,25,1
200940,20,1
200940,110,1
200941,91,2
200941,20,1
200941,13,1
200942,38,3
200942,13,1
200942,45,1
200942,77,1
200942,63,1
200943,49,2
200944,10,4
200944,68,2
200944,58,2
200945,88,2
200945,60,1
200945,69,1
200945,46,1
200946,3,5
200946,29,2
200946,87,1
200947,85,4
200948,26,2
200948,36,2
200948,62,1
200949,48,1
200949,5,1
200949,11,1
200949,85,3
200950,99,1
200950,60,1
200951,17,2
200951,113,8
200952,26,2
200952,107,2
200952,5,3
200953,18,1
200953,59,1
200953,84,1
200954,89,4
200954,58,2
200954,30,3
200955,102,1
200955,22,7
200956,9,1
200956,44,3
200956,20,2
200957,25,2
200957,11,6
200958,49,1
200958,91,1
200959,17,3
200960,5,1
200960,119,1
200961,80,1
200961,47,3
200962,110,6
200963,55,6
200964,18,4
200965,20,1
200965,12,2
200965,102,1
200965,60,2
200966,11,2
200966,103,2
200967,89,3
200967,68,2
200968,49,3
200968,98,2
200968,45,1
200969,35,9
200970,93,2
200970,54,1
200970,7,4
200971,16,6
200972,16,1
200972,89,2
200972,52,1
200972,86,1
200973,73,3
200974,64,4
200974,8,3
200974,5,2
200975,20,4
200975,39,1
200976,5,1
200977,3,6
200977,22,2
200978,81,10
200979,100,5
200980,11,4
200980,3,2
200981,120,1
200982,25,1
200982,29,2
200983,45,5
200983,55,2
200984,10,1
200984,5,5
200985,97,1
200985,92,1
200985,20,1
200985,6,1
200986,42,1
200986,51,2
200986,29,1
200987,52,5
200988,88,3
200989,89,1
200989,62,1
200990,3,7
200991,17,1
200991,93,1
200992,25,3
200992,74,5
200992,85,1
200993,97,8
200994,12,2
200994,85,1
200995,40,1
200995,6,1
200996,64,1
200996,65,1
200996,46,1
200997,76,4
200998,114,2
200998,34,3
200999,113,4
201000,10,1
201000,117,2
201000,5,1
201001,18,3
201001,59,1
201002,89,3
201002,82,1
201002,14,2
201003,20,1
201003,4,4
201003,39,3
201004,54,8
201005,27,3
201005,36,1
201005,5,1
201006,96,2
201006,54,1
201007,19,6
201008,10,1
201008,19,1
201009,115,1
201009,4,1
201009,15,1
201010,51,2
201010,28,1
201010,29,1
201010,23,1
201011,65,1
201011,60,1
201011,110,5
201012,73,2
201012,35,1
201013,105,3
201013,98,3
201013,102,3
201013,25,1
201014,16,5
201014,105,3
201015,3,1
201015,41,1
201015,24,1
201015,25,1
201015,60,2
201016,1,2
201016,9,4
201017,42,1
201017,44,2
201017,39,1
201018,26,6
201019,56,3
201019,81,1
201019,3,2
201019,55,2
201020,35,2
201021,1,1
201021,102,1
201021,6,2
201021,55,5
201022,97,2
201022,2,1
201023,17,1
201023,59,3
201023,37,3
201024,97,1
201024,26,1
201024,3,1
201024,92,1
201025,72,1
201025,91,1
201025,107,2
201025,90,3
201026,78,3
201027,72,1
201027,65,4
201027,85,1
201027,22,1
201028,98,2
201028,27,2
201029,100,1
201029,15,1
201030,25,10
201031,101,1
201031,31,1
201032,84,4
201032,47,5
201033,67,4
201033,43,1
201034,1,1
201034,39,1
201034,83,3
201034,19,1
201034,63,1
201035,82,1
201035,29,1
201036,1,4
201036,11,2
201036,46,2
201037,56,1
201037,8,1
201037,39,1
201038,62,1
201039,49,5
201039,20,1
201039,87,1
201040,3,1
201040,59,1
201041,49,1
201041,34,1
201042,8,3
201042,115,1
201042,68,1
201042,39,1
201043,64,1
201043,43,3
201043,76,2
201043,47,1
201043,57,1
201044,43,7
201044,108,1
201045,1,4
201045,47,4
201046,40,1
201047,11,1
201047,13,1
201048,57,1
201048,27,3
201048,68,1
201048,95,2
201049,75,7
201050,9,1
201050,82,2
201050,113,1
201050,39,1
201051,112,2
201051,86,6
201052,33,5
201052,43,1
201052,94,1
201053,35,7
201054,9,5
201054,66,1
201054,54,1
201055,52,1
201055,21,1
201056,42,3
201056,60,2
201057,46,5
201058,43,7
201058,4,1
201059,25,5
201059,18,1
201059,12,1
201059,39,1
201060,91,2
201060,34,6
201060,11,2
201061,58,2
201061,67,1
201061,70,4
201062,1,8
201063,52,6
201063,46,1
201063,31,1
201064,21,1
201065,38,7
201065,110,1
201065,23,3
201066,54,1
201066,27,1
201066,30,1
201067,17,6
201067,3,2
201068,53,1
201069,72,1
201069,51,1
201069,52,1
201070,9,2
201070,27,1
201070,17,3
201071,113,1
201071,5,8
201071,17,2
201072,8,4
201072,26,3
201072,68,4
201073,11,1
201073,39,1
201074,64,3
201074,19,3
201074,12,1
201074,55,1
201075,116,6
201075,45,1
201075,6,2
201076,9,6
201077,3,2
201077,5,2
201077,110,1
201078,33,7
201078,2,1
201078,46,1
201078,18,1
201078,94,1
201079,17,1
201079,28,8
201080,24,1
201080,92,4
201081,23,6
201082,32,1
201082,5,7
201083,12,9
201083,53,2
201084,23,1
201085,85,1
201086,58,6
201086,12,4
201086,114,1
201087,48,2
201087,26,1
201087,3,5
201088,25,5
201088,83,1
201088,76,1
201088,15,1
201089,49,3
201089,106,5
201090,23,5
201091,39,7
201092,10,2
201092,92,5
201092,6,1
201092,47,1
201093,41,1
201093,11,3
201093,109,1
201094,52,1
201095,49,1
201095,58,4
201096,73,4
201096,18,3
201097,24,11
201098,32,2
201098,5,1
201099,110,1
201100,50,2
201100,43,2
201100,15,2
201101,59,6
201102,81,2
201102,44,2
201103,48,5
201103,99,1
201103,19,1
201104,112,2
201104,65,1
201104,18,1
201104,5,3
201105,67,4
201105,59,5
201106,56,1
201106,18,1
201106,19,1
201106,98,2
201107,107,3
201107,5,1
201108,64,2
201108,10,3
201108,74,1
201108,18,1
201108,56,1
201109,116,1
201110,42,1
201110,43,7
201111,15,3
201111,48,1
201111,17,1
201111,112,1
201111,54,1
201112,97,1
201112,93,6
201113,31,8
201114,41,5
201114,53,3
201114,79,1
201115,58,1
201115,108,2
201116,65,2
201116,20,4
201117,112,1
201118,106,3
201118,68,2
201118,29,1
201119,16,1
201119,15,1
201120,116,1
201120,41,1
201120,36,1
201120,6,1
201121,56,6
201121,43,1
201122,43,2
201123,73,7
201123,30,1
201124,59,1
201125,26,4
201125,77,1
201125,46,1
201125,63,1
201126,34,3
201126,103,3
201127,3,4
201127,37,1
201127,84,1
201127,60,1
201127,61,1
201128,107,1
201128,12,1
201128,55,1
201129,88,1
201129,12,1
201129,108,1
201129,13,2
201130,88,1
201130,92,1
201130,13,1
201131,33,3
201131,60,8
201132,41,5
201132,46,3
201133,13,1
201133,93,2
201134,72,4
201134,49,1
201134,82,1
201134,60,1
201135,49,2
201135,9,1
201136,115,6
201137,17,5
201137,18,5
201137,30,1
201138,12,9
201138,60,2
201139,41,3
201140,7,6
201141,43,2
201141,45,2
201142,3,1
201142,31,1
201142,79,1
201143,8,3
201143,53,4
201144,46,2
201145,8,3
201145,54,1
201146,41,1
201146,44,1
201147,72,1
201147,58,1
201147,110,1
201148,56,4
201148,2,2
201148,78,2
201148,6,1
201149,49,4
201149,30,4
201150,40,5
201150,11,1
201150,102,4
201151,81,3
201151,26,2
201152,67,8
201153,41,7
201154,3,1
201154,48,2
201154,27,3
201154,70,1
201155,64,2
201155,98,3
201155,39,1
201156,19,1
201156,4,1
201156,53,1
201157,25,3
201157,45,3
201158,102,4
201159,8,7
201160,40,5
201161,32,4
201161,46,1
201161,103,2
201162,5,5
201163,76,1
201163,77,1
201163,114,1
201163,52,1
201163,31,1
201164,8,1
201164,29,1
201164,53,1
201165,43,1
201165,63,3
201166,104,8
201167,104,2
201167,81,2
201167,92,3
201167,65,1
201168,92,1
201168,47,2
201169,17,1
201169,98,6
201170,9,1
201170,70,4
201171,29,2
201172,8,10
201173,77,2
201173,45,1
201173,70,2
201174,75,1
201174,20,1
201174,21,1
201175,3,3
201175,56,1
201175,91,1
201175,67,1
201176,43,7
201177,1,1
201178,20,1
201178,76,2
201179,34,6
201179,84,1
201179,45,1
201179,7,2
201180,62,1
201180,33,3
201180,92,1
201180,52,3
201181,58,1
201181,4,1
201181,20,1
201181,7,1
201182,43,1
201182,52,1
201182,45,1
201182,23,1
201183,60,1
201183,28,2
201183,71,3
201184,17,3
201184,35,2
201184,119,1
201184,41,1
201185,90,1
201185,7,1
201186,73,4
201186,76,3
201187,51,1
201187,46,7
201187,119,1
201188,46,5
201188,79,3
201189,105,4
201190,5,1
201190,79,4
201191,18,1
201191,61,1
201192,25,1
201192,7,1
201193,41,1
201193,37,1
201193,47,1
201194,41,3
201194,20,5
201195,120,3
201195,57,1
201196,14,6
201197,8,4
201197,20,1
201197,45,1
201198,1,1
201198,27,1
201199,17,1
201199,60,10
201200,93,4
201200,76,3
201200,101,1
201201,13,8
201201,15,1
201202,11,3
201202,44,1
201203,10,1
201203,3,1
201203,44,1
201203,15,1
201204,4,4
201204,6,1
201205,57,3
201205,43,2
201205,62,1
201205,119,1
201206,41,2
201206,44,1
201206,22,1
201207,35,1
201207,38,2
201207,43,1
201207,45,1
201207,26,1
201208,29,2
201209,92,2
201209,21,4
201209,38,1
201210,51,1
201210,13,4
201211,18,1
201211,44,1
201211,69,1
201212,97,2
201212,10,1
201212,13,1
201212,47,1
201212,112,1
201213,17,2
201213,53,2
201213,110,2
201214,88,6
201214,49,1
201214,54,2
201215,43,1
201215,84,3
201216,36,8
201217,41,4
201217,58,3
201218,10,4
201218,45,1
201218,55,3
201219,16,2
201219,19,1
201219,22,1
201220,11,2
201220,51,4
201220,36,1
201220,12,1
201221,60,1
201221,55,1
201222,114,7
201223,24,1
201224,82,1
201224,20,2
201224,106,2
201225,66,4
201225,59,1
201226,12,1
201227,13,2
201228,16,1
201228,26,1
201228,61,1
201228,6,1
201229,8,4
201229,73,3
201229,40,1
201229,22,1
201229,90,1
201230,29,9
201231,49,5
201231,10,2
201232,32,9
201232,5,1
201233,21,10
201234,117,2
201235,44,5
201235,13,3
201236,80,1
201236,12,1
201236,62,1
201237,2,2
201237,80,2
201237,81,2
201237,20,1
201237,56,1
201238,96,2
201238,10,2
201238,70,1
201239,43,1
201239,92,2
201239,7,1
201240,30,4
201240,7,1
201241,97,2
201241,93,5
201242,117,1
201242,54,1
201243,80,4
201243,42,1
201243,13,3
201244,32,6
201244,60,1
201245,51,2
201245,59,1
201246,16,1
201246,49,1
201246,120,1
201246,7,1
201247,61,7
201248,41,5
201249,12,1
201249,22,3
201250,43,1
201250,15,1
201251,75,6
201252,17,1
201252,37,1
201252,15,1
201253,12,3
201253,82,1
201253,20,2
201253,56,1
201253,88,1
201254,97,1
201254,42,1
201254,38,1
201254,15,1
201255,8,3
201255,44,1
201255,36,1
201255,15,1
201256,17,1
201256,42,2
201256,28,1
201257,10,1
201257,36,1
201257,47,1
201258,87,1
201259,105,1
201260,112,5
201260,25,2
201260,7,1
201261,37,1
201261,38,2
201262,11,3
201262,54,1
201262,119,1
201263,98,1
201264,9,1
201264,58,4
201265,113,3
201265,43,3
201266,53,2
201266,37,1
201266,31,6
201267,24,4
201267,43,1
201267,44,3
201268,94,2
201268,119,2
201269,14,7
201270,105,1
201270,4,1
201270,14,2
201271,8,5
201271,115,1
201271,119,1
201272,84,2
201273,49,1
201273,58,8
201273,19,1
201273,62,1
201274,22,8
201275,49,5
201275,27,3
201276,60,4
201277,27,1
201277,116,1
201277,70,1
201278,57,1
201278,60,2
201279,84,1
201279,22,1
201279,15,1
201280,1,1
201280,17,1
201281,10,2
201281,11,2
201281,49,1
201281,19,1
201281,55,1
201282,112,1
201282,3,3
201282,23,3
201283,46,3
201284,116,1
201284,45,6
201285,11,2
201285,100,3
201285,52,1
201286,65,1
201286,11,1
201286,4,1
201286,13,1
201287,1,2
201287,59,1
201288,8,3
201288,92,2
201288,36,1
201288,52,1
201289,118,5
201289,38,2
201290,23,2
201291,92,2
201291,110,3
201291,55,3
201292,44,1
201292,45,1
201292,47,2
201292,51,1
201292,58,1
201293,8,2
201293,104,2
201293,5,1
201294,106,5
201294,14,1
201295,37,2
201295,12,1
201295,120,1
201295,89,1
201295,27,1
201296,62,1
201296,21,1
201296,102,1
201297,34,7
201297,39,1
201298,56,6
201298,29,2
201299,90,5
201299,51,3
201299,29,1
201299,14,1
201300,29,1
201300,15,1
201301,7,1
201302,52,3
201302,29,2
201302,44,1
201303,84,6
201303,14,2
201304,32,3
201304,10,6
201305,9,1
201305,114,3
201305,19,2
201305,6,1
201306,97,1
201306,111,7
201307,20,4
201307,6,3
201307,44,2
201308,24,1
201308,49,1
201308,2,1
201308,107,1
201309,36,1
201310,49,2
201310,54,3
201311,74,3
201311,90,1
201311,52,1
201311,53,2
201312,48,1
201312,3,1
201312,100,1
201313,49,2
201313,20,1
201313,110,1
201314,24,4
201315,57,2
201315,5,6
201316,91,1
201317,103,3
201318,48,3
201318,79,7
201319,2,2
201319,3,2
201319,41,2
201319,79,1
201319,50,2
201320,32,1
201320,82,1
201321,82,1
201321,118,1
201322,62,10
201323,101,1
201323,117,1
201323,30,1
201324,8,8
201325,64,1
201325,74,1
201325,23,1
201326,67,3
201326,70,4
201327,94,1
201327,14,1
201328,105,1
201328,50,6
201329,53,2
201329,14,1
201329,22,6
201330,16,1
201330,57,5
201331,3,8
201332,64,6
201333,57,1
201333,11,3
201334,21,3
201334,87,3
201334,119,1
201335,42,3
201335,61,1
201335,6,2
201336,56,2
201336,116,1
201336,54,1
201336,36,2
201337,70,6
201338,9,3
201338,75,2
201339,48,4
201339,106,1
201339,28,1
201339,79,1
201340,48,6
201341,20,1
201341,7,1
201342,109,2
201343,21,3
201343,53,1
201343,102,4
201344,66,4
201344,62,1
201344,63,1
201345,30,3
201346,97,2
201346,43,1
201346,38,1
201347,54,1
201348,81,2
201348,54,2
201348,33,5
201349,20,1
201349,85,1
201350,113,1
201350,75,1
201350,31,2
201350,15,1
201351,33,1
201351,35,1
201351,117,2
201352,25,3
201352,79,2
201353,26,6
201353,46,1
201354,10,4
201354,116,3
201355,2,3
201356,116,3
201356,93,3
201356,46,1
201357,4,3
201357,9,1
201357,42,1
201357,23,1
201357,90,1
201358,8,1
201358,49,1
201358,50,3
201358,57,1
201359,115,1
201359,6,1
201360,88,5
201360,77,3
201361,31,6
201362,27,1
201362,4,1
201362,62,1
201362,7,1
201363,37,1
201363,49,1
201363,86,1
201363,63,1
201363,31,1
201364,102,2
201364,42,1
201364,109,2
201364,113,1
201364,31,1
201365,91,3
201365,60,3
201366,32,1
201366,2,2
201366,8,2
201366,43,2
201366,48,1
201367,47,1
201368,7,1
201368,76,2
201368,45,1
201368,85,1
201368,56,1
201369,16,1
201369,42,1
201369,67,1
201370,73,2
201370,57,1
201371,109,3
201371,37,2
201371,45,1
201371,14,1
201372,8,2
201373,50,1
201373,35,2
201373,15,1
201374,9,2
201374,67,1
201374,17,1
201375,112,5
201375,19,1
201375,4,1
201375,12,1
201376,3,3
201376,12,4
201377,25,3
201377,101,2
201378,59,2
201379,81,4
201380,72,1
201380,50,1
201380,61,1
201380,98,1
201381,60,3
201381,22,1
201382,43,1
201382,52,1
201383,64,3
201383,59,1
201383,7,5
201384,9,1
201384,20,1
201384,76,1
201385,33,1
201385,2,1
201385,67,1
201385,101,1
201386,64,3
201386,72,2
201386,44,1
201386,114,1
201386,21,2
201387,88,7
201387,15,2
201388,41,3
201388,11,1
201388,110,2
201389,91,1
201389,39,1
201390,12,7
201391,20,4
201392,45,8
201393,40,5
201394,36,4
201395,10,1
201395,12,7
201395,14,1
201396,11,3
201396,21,6
201397,20,1
201397,12,1
201397,54,1
201397,6,1
201398,4,1
201398,66,1
201398,60,1
201398,20,1
201399,72,1
201399,42,1
201400,41,1
201400,52,1
201400,13,1
201401,89,2
201401,47,1
201402,64,3
201402,10,4
201402,3,1
201402,100,1
201403,60,4
201404,41,2
201405,84,1
201405,52,1
201406,3,8
201407,41,1
201408,79,7
201409,49,1
201409,26,3
201409,21,3
201410,12,1
201411,112,1
201411,46,5
201411,38,4
201412,10,4
201412,102,1
201413,15,3
201413,39,1
201414,2,5
201414,35,2
201415,76,7
201416,73,5
201417,24,3
201417,71,2
201418,28,1
201419,20,1
201420,1,1
201420,3,1
201420,38,1
201421,1,2
201421,95,3
201422,68,3
201422,52,2
201423,19,1
201424,33,1
201424,52,3
201425,46,6
201425,118,1
201426,64,1
201426,38,1
201427,89,1
201428,114,5
201429,1,1
201429,11,1
201429,45,1
201430,9,3
201430,28,1
201430,15,1
201431,68,1
201432,20,1
201432,21,1
201433,14,2
201434,17,10
201435,65,3
201435,79,4
201435,95,1
201436,56,4
201436,50,1
201436,79,1
201437,87,1
201437,55,3
201438,10,6
201438,67,1
201439,72,2
201439,69,4
201440,16,1
201440,53,1
201440,5,2
201441,8,7
201442,58,2
201442,44,5
201443,90,2
201443,54,4
201444,34,3
201444,11,3
201444,20,1
201444,15,1
201445,8,2
201445,106,1
201445,118,3
201445,15,1
201446,9,1
201446,119,1
201446,15,1
201447,41,3
201447,3,1
201447,28,1
201447,23,1
201448,104,3
201448,100,4
201448,45,1
201448,46,2
201449,16,6
201450,74,2
201450,53,4
201451,59,2
201451,45,5
201452,47,1
201453,98,3
201453,93,8
201454,89,1
201454,49,1
201454,75,3
201455,41,3
201455,3,1
201455,46,2
201456,84,2
201456,20,2
201456,36,1
201457,108,2
201457,50,2
201457,27,1
201457,20,1
201458,48,1
201458,5,3
201458,95,3
201459,35,1
201460,65,1
201460,49,1
201461,102,4
201461,15,4
201462,36,2
201462,47,1
201462,20,1
201462,58,1
201462,60,1
201463,42,1
201463,5,1
201463,45,1
201463,94,1
201464,90,4
201465,37,4
201465,102,1
201465,48,1
201465,19,1
201465,20,1
201466,26,1
201466,59,1
201466,39,1
201467,75,2
201467,108,4
201468,56,1
201468,91,1
201468,7,1
201469,42,1
201469,116,1
201469,15,1
201470,44,1
201470,36,1
201471,48,1
201471,5,4
201471,7,1
201472,2,10
201473,24,1
201473,49,1
201474,63,10
201475,35,1
201475,109,1
201475,6,1
201476,40,7
201476,26,1
201476,92,1
201477,15,1
201477,53,1
201477,7,1
201478,43,2
201478,49,1
201478,53,1
201478,85,1
201478,89,1
201479,19,1
201479,13,3
201480,32,1
201480,21,1
201480,39,1
201481,50,1
201481,54,1
201482,55,6
201483,8,1
201483,1,1
201484,70,2
201484,111,4
201485,43,1
201485,99,1
201485,7,1
201485,33,1
201486,33,4
201486,38,2
201487,2,3
201487,119,1
201487,71,1
201487,95,1
201488,106,4
201488,10,1
201488,108,1
201489,56,1
201489,74,1
201489,76,1
201489,15,1
201490,64,5
201490,2,1
201490,6,2
201490,42,1
201490,25,2
201491,49,4
201491,94,3
201492,114,1
201492,109,1
201493,34,1
201493,51,3
201494,2,4
201494,12,3
201494,13,1
201494,79,1
201495,81,7
201495,11,3
201496,58,1
201496,47,4
201497,62,3
201498,82,1
201499,33,3
201499,76,1
201499,37,1
201499,111,2
201500,48,4
201500,11,4
201501,38,3
201502,40,6
201503,62,5
201504,12,1
201504,84,2
201504,45,1
201504,14,1
201505,2,2
201505,12,1
201505,14,1
201505,18,1
201505,55,1
201506,57,8
201507,88,6
201507,19,1
201507,13,1
201508,15,1
201509,58,2
201509,108,1
201509,46,2
201510,49,1
201510,27,3
201510,13,1
201511,64,2
201511,58,2
201512,67,1
201512,31,1
201513,18,1
201513,50,2
201513,51,1
201514,107,1
201514,29,1
201514,45,1
201514,5,1
201515,59,4
201515,117,1
201515,22,3
201516,16,6
201516,106,1
201516,47,1
201517,24,2
201518,34,4
201518,66,1
201518,15,1
201518,55,1
201518,31,1
201519,112,2
201519,49,2
201519,56,1
201519,12,1
201520,37,1
201520,7,1
201521,112,2
201521,71,3
201522,51,3
201522,68,1
201523,40,2
201523,114,2
201523,91,2
201524,51,5
201524,45,2
201525,100,3
201525,95,1
201526,51,2
201527,46,4
201528,53,1
201528,15,3
201529,73,3
201529,27,4
201529,97,1
201530,104,1
201530,13,1
201531,14,3
201531,63,2
201532,43,1
201532,109,1
201533,17,1
201533,10,1
201533,11,1
201533,61,1
201534,34,1
201534,77,1
201534,45,1
201534,70,1
201535,112,7
201535,36,3
201536,8,2
201536,43,1
201536,119,5
201537,49,3
201537,29,3
201538,83,1
201538,45,1
201539,15,2
201540,105,1
201540,59,1
201540,5,1
201540,46,1
201541,3,4
201541,20,4
201542,45,1
201542,43,3
201542,5,1
201542,54,2
201543,32,4
201543,11,1
201543,44,1
201543,14,1
201544,24,5
201545,81,1
201545,83,1
201545,60,1
201546,6,3
201547,5,8
201548,33,1
201549,11,4
201549,48,1
201549,51,2
201550,95,1
201551,49,1
201551,19,2
201552,36,4
201552,45,1
201552,22,1
201552,55,1
201553,4,5
201554,16,3
201554,25,1
201554,102,1
201554,62,3
201555,61,8
201556,89,7
201557,4,5
201557,69,2
201558,24,2
201558,18,2
201559,120,2
201559,5,6
201560,52,1
201560,69,4
201561,32,3
201562,31,2
201562,7,3
201563,52,7
201563,37,1
201564,60,1
201564,39,1
201565,92,1
201566,100,2
201566,21,2
201567,48,1
201567,89,1
201567,53,1
201567,55,1
201568,1,1
201568,3,1
201569,85,1
201569,55,2
201570,97,1
201570,19,1
201571,13,1
201571,70,1
201571,7,1
201572,93,1
201572,47,4
201573,52,2
201573,55,7
201574,50,2
201574,2,4
201574,60,1
201575,24,4
201575,102,4
201576,9,4
201576,26,4
201576,55,1
201577,106,1
201577,44,2
201577,71,5
201578,15,5
201579,42,1
201580,10,2
201580,12,1
201580,77,1
201581,74,1
201581,59,2
201581,14,1
201581,6,1
201582,55,1
201583,37,1
201584,120,1
201584,7,1
201584,103,2
201585,76,5
201586,49,3
201586,82,2
201586,50,3
201587,99,1
201587,60,2
201587,54,2
201588,16,2
201588,56,3
201588,42,1
201588,14,2
201589,99,7
201590,112,2
201590,17,1
201590,4,1
201590,15,2
201591,90,4
201591,46,1
201592,32,5
201592,102,1
201593,99,6
201594,55,8
201595,21,2
201595,86,1
201596,68,5
201596,49,1
201596,90,1
201596,91,1
201596,94,1
201597,24,3
201597,51,1
201598,41,2
201598,33,3
201599,107,1
201600,103,4
201601,75,1
201601,23,3
201602,72,1
201602,9,2
201602,66,2
201602,19,3
201603,47,1
201604,24,2
201604,89,1
201604,56,1
201605,2,9
201606,57,2
201606,59,4
201606,41,3
201607,119,4
201607,13,1
201607,30,1
201607,79,1
201608,20,1
201609,9,4
201609,52,4
201610,5,3
201610,9,1
201610,108,1
201610,12,1
201610,56,1
201611,39,2
201611,7,5
201611,68,1
201611,55,1
201612,56,1
201613,78,2
201613,59,5
201613,86,1
201614,25,1
201614,58,1
201614,86,1
201615,91,2
201615,118,6
201616,88,3
201616,42,1
201616,117,1
201616,6,1
201617,28,3
201617,38,1
201618,108,7
201618,28,2
201619,34,3
201619,43,2
201620,48,4
201620,95,1
201621,49,6
201622,97,1
201622,9,5
201623,53,9
201623,54,1
201624,32,1
201624,57,1
201624,90,2
201624,11,1
201625,112,1
201625,41,3
201625,108,4
201626,37,3
201626,63,2
201627,44,1
201627,118,1
201628,114,1
201628,35,2
201628,4,1
201628,79,1
201629,11,1
201629,110,2
201629,81,1
201629,26,1
201629,62,1
201630,40,2
201630,57,1
201630,18,1
201630,53,1
201631,2,1
201631,19,1
201631,90,1
201631,95,1
201632,3,1
201632,20,7
201633,16,1
201633,50,1
201633,20,3
201633,56,1
201633,92,1
201634,67,1
201635,81,1
201636,5,3
201636,4,1
201636,12,3
201637,73,1
201637,114,1
201637,19,2
201637,110,2
201638,41,1
201638,50,2
201639,31,10
201640,53,3
201640,39,3
201641,75,1
201641,51,2
201641,37,1
201642,60,4
201642,36,1
201643,90,3
201643,10,3
201643,38,2
201644,8,4
201644,46,4
201645,56,4
201645,1,3
201645,60,1
201646,40,1
201646,49,1
201646,46,4
201647,86,6
201648,9,5
201648,35,2
201648,119,1
201649,50,1
201649,37,1
201649,55,1
201650,28,1
201651,26,1
201651,95,1
201652,16,2
201652,106,2
201652,12,2
201652,60,5
201653,65,2
201653,1,2
201653,59,3
201653,9,1
201654,2,1
201654,54,1
201655,81,1
201655,114,2
201655,37,1
201656,33,3
201656,92,5
201657,96,1
201657,35,1
201658,97,3
201658,76,2
201658,30,1
201659,98,1
201659,44,1
201659,7,1
201660,106,3
201661,9,1
201661,67,1
201661,101,1
201662,32,6
201663,89,1
201663,4,2
201663,52,1
201664,34,8
201665,28,2
201665,21,1
201666,80,2
201666,97,4
201666,72,2
201667,3,1
201667,29,1
201667,46,1
201668,73,2
201668,59,1
201668,49,1
201669,60,3
201669,29,1
201670,16,4
201670,7,3
201671,51,3
201671,13,4
201672,4,2
201672,47,1
201672,39,1
201673,8,1
201673,5,1
201673,22,4
201674,70,5
201674,2,1
201674,36,1
201674,118,1
201675,6,3
201675,105,2
201675,43,1
201675,49,1
201675,23,1
201676,56,1
201676,73,2
201676,11,1
201676,20,1
201677,39,1
201677,13,1
201677,79,1
201677,55,1
201678,111,9
201679,33,1
201679,59,2
201679,101,1
201679,9,1
201680,8,3
201680,34,1
201680,29,1
201681,116,2
201681,50,1
201681,20,1
201681,82,1
201682,40,1
201682,110,1
201682,47,3
201683,105,1
201683,53,6
201684,49,1
201684,90,1
201685,87,7
201686,41,3
201686,18,1
201687,46,2
201687,54,4
201688,33,1
201688,10,1
201688,115,1
201689,49,1
201689,50,6
201690,13,1
201691,75,10
201692,44,1
201693,20,4
201694,43,1
201694,22,1
201695,18,1
201695,70,1
201696,8,1
201696,41,1
201696,115,1
201696,52,1
201696,51,1
201697,1,6
201698,5,8
201699,100,3
201699,63,3
201700,49,5
201700,108,3
201701,89,2
201701,85,2
201701,44,1
201701,61,1
201702,17,4
201702,53,1
201702,30,1
201703,24,4
201703,73,1
201703,56,1
201703,114,1
201704,13,9
201705,92,1
201705,15,1
201706,97,1
201706,38,10
201707,42,5
201707,47,1
201708,7,1
201708,47,1
201709,9,2
201709,106,1
201709,6,3
201710,8,1
201710,1,1
201710,3,1
201711,77,1
201711,63,1
201712,48,2
201712,82,2
201712,52,2
201712,92,1
201713,59,9
201714,40,1
201715,32,2
201715,60,1
201715,77,1
201715,79,2
201716,4,7
201716,45,2
201717,107,1
201718,90,1
201719,89,6
201719,51,1
201720,112,5
201720,17,1
201720,52,1
201721,18,8
201722,12,7
201723,42,1
201723,82,1
201724,90,1
201724,2,1
201724,52,2
201724,111,1
201725,8,3
201725,1,2
201725,18,1
201725,48,2
201726,12,1
201726,44,4
201727,52,2
201727,54,6
201728,93,4
201728,4,1
201728,77,2
201728,111,1
201729,56,3
201729,102,2
201730,8,1
201730,53,7
201731,49,5
201731,53,2
201731,15,2
201732,8,2
201732,113,1
201732,83,1
201732,108,1
201733,99,3
201733,39,3
201734,89,5
201734,78,1
201734,113,2
201735,100,2
201735,2,1
201735,43,2
201735,60,1
201736,48,1
201736,8,1
201736,19,1
201736,71,1
201737,81,2
201737,98,2
201738,52,7
201739,105,8
201740,1,6
201741,120,6
201742,67,4
201742,95,1
201743,22,2
201743,79,6
201744,49,5
201744,20,3
201745,4,2
201745,69,1
201745,6,1
201746,89,1
201746,101,1
201746,46,1
201747,54,1
201747,6,2
201748,52,8
201749,114,1
201749,67,1
201749,74,1
201750,2,1
201750,53,5
201751,1,2
201751,9,4
201751,75,1
201751,50,1
201751,119,1
201752,33,1
201752,29,1
201753,40,1
201753,4,3
201753,86,2
201754,57,1
201754,11,2
201754,28,1
201754,101,1
201755,16,1
201755,6,4
201756,1,2
201756,4,1
201756,12,1
201756,52,1
201756,58,2
201757,42,4
201757,46,1
201758,65,1
201758,17,1
201758,55,1
201759,117,9
201760,46,2
201760,116,2
201760,52,1
201760,54,1
201760,28,1
201761,74,2
201761,39,11
201762,112,3
201763,98,3
201763,70,1
201763,12,1
201763,58,1
201763,93,1
201764,17,3
201764,37,2
201764,119,1
201765,20,5
201766,72,4
201767,29,4
201767,69,1
201767,79,1
201768,40,4
201768,13,1
201768,117,4
201769,18,1
201769,98,5
201769,99,2
201770,8,5
201771,108,1
201771,5,1
201772,18,1
201772,67,6
201772,77,1
201772,63,1
201773,73,2
201774,26,2
201774,10,1
201775,113,1
201775,20,2
201776,96,1
201776,35,1
201777,69,1
201777,63,1
201778,9,1
201778,69,1
201778,105,2
201779,55,1
201780,4,2
201780,37,2
201781,42,6
201781,77,3
201782,49,1
201782,59,2
201783,58,2
201784,82,1
201784,22,2
201784,55,4
201785,8,3
201785,24,1
201785,94,1
201785,7,2
201786,57,4
201786,101,5
201786,109,1
201787,18,6
201788,104,4
201788,4,1
201788,44,1
201788,60,1
201789,49,3
201789,4,3
201790,49,1
201790,84,5
201790,57,1
201791,3,1
201791,13,1
201792,120,2
201792,98,3
201792,78,1
201792,31,1
201793,13,1
201793,5,1
201793,46,1
201794,16,3
201794,20,2
201794,110,2
201795,79,5
201796,18,1
201797,55,2
201798,120,5
201798,109,2
201798,99,1
201798,53,1
201799,36,3
201799,77,1
201799,22,1
201800,60,8
201801,94,1
201801,52,1
201801,30,5
201802,10,6
201802,58,1
201802,47,1
201803,3,3
201804,13,6
201805,107,1
201805,68,1
201805,111,1
201806,114,2
201806,26,1
201807,2,2
201807,12,2
201807,37,2
201807,70,1
201808,52,6
201809,53,1
201809,94,2
201810,82,3
201810,67,1
201810,20,1
201811,104,1
201811,74,1
201811,22,1
201812,12,1
201812,95,1
201813,56,1
201814,42,11
201815,64,1
201815,48,2
201815,25,1
201815,26,2
201815,29,1
201816,6,1
201817,10,2
201817,43,1
201817,25,1
201817,58,1
201817,30,1
201818,69,8
201819,16,1
201819,51,1
201819,6,1
201820,58,1
201820,19,2
201820,52,5
201821,25,1
201821,29,1
201822,16,2
201822,70,2
201823,9,4
201823,54,4
201824,18,5
201824,69,1
201824,86,1
201824,111,1
201825,68,1
201825,117,1
201825,23,2
201826,109,2
201827,43,10
201828,89,1
201828,51,1
201829,96,5
201829,78,2
201829,30,2
201830,113,1
201830,28,3
201830,22,4
201831,18,1
201832,94,10
201833,19,1
201833,1,2
201833,51,2
201833,12,1
201834,48,1
201834,33,1
201834,60,1
201835,57,1
201835,51,1
201835,15,3
201836,48,6
201836,20,2
201836,12,2
201837,9,5
201837,12,1
201837,117,2
201838,1,2
201838,48,1
201838,19,1
201838,86,1
201838,60,1
201839,106,3
201839,43,2
201840,45,5
201840,102,1
201841,18,6
201841,85,1
201842,106,4
201842,60,1
201843,42,6
201843,6,5
201844,27,1
201844,111,1
201845,15,3
201846,9,1
201846,2,1
201846,51,1
201846,94,1
201847,65,2
201847,91,6
201848,6,8
201849,48,1
201849,44,4
201850,67,5
201850,75,2
201851,52,1
201852,26,1
201853,41,1
201854,113,3
201854,42,4
201855,33,2
201855,42,3
201856,64,1
201856,57,1
201857,9,1
201857,12,7
201858,2,3
201858,13,2
201859,1,8
201860,117,7
201861,57,1
201861,58,1
201861,41,1
201862,69,6
201862,37,2
201863,41,3
201864,32,1
201864,41,1
201864,33,1
201865,42,1
201865,59,1
201865,69,2
201866,16,4
201866,57,2
201866,43,1
201866,19,1
201867,43,2
201868,27,1
201868,59,1
201868,69,1
201868,7,1
201869,42,4
201869,36,2
201869,15,1
201870,40,1
201870,92,4
201871,38,5
201871,86,1
201871,114,1
201871,30,1
201872,50,7
201872,36,5
201873,104,1
201873,53,1
201874,4,7
201875,32,1
201875,117,1
201876,41,2
201876,42,1
201876,108,1
201876,7,1
201877,96,1
201878,112,1
201878,114,1
201878,52,5
201878,45,1
201879,105,1
201879,7,1
201880,24,3
201880,111,3
201881,58,3
201881,3,1
201881,20,1
201882,1,1
201882,34,3
201882,44,2
201882,21,1
201883,89,2
201883,50,1
201883,28,1
201884,41,1
201884,6,1
201885,42,2
201885,11,1
201885,16,1
201885,85,1
201885,95,1
201886,61,4
201887,115,6
201887,37,1
201888,35,4
201888,11,2
201888,119,1
201889,3,2
201889,46,9
201890,79,1
201891,107,1
201891,61,1
201891,94,1
201892,96,3
201892,5,2
201892,71,1
201893,56,5
201893,72,1
201894,105,1
201895,41,2
201895,85,1
201896,15,2
201897,24,1
201897,2,1
201897,112,1
201898,89,2
201898,61,1
201899,44,4
201900,31,6
201901,65,1
201901,6,7
201902,83,1
201902,54,1
201902,7,1
201903,17,1
201903,83,1
201904,88,8
201905,66,1
201905,15,4
201906,33,2
201906,114,2
201906,59,2
201906,79,2
201907,37,5
201908,74,2
201908,69,1
201908,45,1
201908,22,1
201909,1,1
201909,99,4
201909,110,2
201909,81,1
201909,23,1
201910,49,1
201910,85,5
201911,28,1
201911,13,1
201911,63,3
201912,99,3
201912,35,1
201912,76,1
201913,52,3
201914,67,2
201914,91,4
201915,8,1
201915,26,4
201915,21,2
201916,72,2
201916,4,2
201916,70,1
201916,87,2
201917,13,1
201917,29,1
201918,65,4
201919,41,2
201919,35,1
201919,12,1
201919,95,1
201920,57,2
201921,103,4
201921,117,2
201921,31,3
201922,77,1
201922,54,4
201923,77,3
201923,15,1
201923,50,1
201923,53,1
201923,93,1
201924,80,3
201924,42,1
201924,55,2
201925,16,1
201925,40,1
201925,53,1
201926,1,1
201926,114,3
201926,92,1
201926,46,1
201927,74,4
201927,59,3
201927,6,1
201927,22,1
201928,35,6
201928,44,1
201928,46,1
201929,79,2
201930,96,4
201931,19,2
201931,44,4
201931,87,1
201932,103,4
201933,36,1
201933,119,1
201934,19,1
201934,46,1
201935,34,1
201936,57,5
201936,107,2
201936,20,1
201937,49,4
201938,89,3
201938,106,2
201938,5,1
201939,84,8
201940,65,2
201940,89,5
201941,51,3
201942,19,1
201942,83,8
201943,84,1
201943,119,1
201944,107,3
201944,10,1
201944,50,1
201944,11,1
201945,32,2
201945,40,1
201945,43,1
201945,50,1
201945,56,1
201946,97,2
201946,67,6
201947,1,1
201947,18,2
201947,53,1
201948,54,1
201949,73,3
201949,14,2
201950,31,3
201951,48,4
201951,9,1
201951,10,1
201952,113,1
201952,90,1
201952,15,1
201953,72,6
201953,62,3
201954,59,7
201955,56,1
201955,57,1
201955,33,3
201956,72,3
201957,72,1
201957,57,1
201957,19,1
201957,49,1
201958,48,2
201958,45,1
201959,40,1
201959,47,2
201960,10,5
201960,114,1
201961,75,4
201961,51,1
201961,79,3
201962,29,6
201963,9,2
201963,59,1
201963,45,2
201964,8,2
201964,117,1
201964,29,1
201964,15,1
201965,1,5
201965,19,2
201966,55,1
201967,103,1
201968,51,2
201968,77,4
201969,34,1
201970,81,1
201970,52,2
201971,54,1
201972,18,7
201973,13,6
201974,50,2
201974,95,2
201975,4,5
201976,72,2
201976,26,1
201977,14,1
201978,57,3
201978,3,2
201978,29,3
201979,1,1
201979,69,1
201979,22,1
201980,12,1
201980,117,6
201981,42,3
201981,4,2
201981,29,2
201982,41,2
201982,18,1
201982,42,1
201982,5,1
201983,2,4
201983,4,1
201983,118,1
201984,16,1
201984,39,1
201985,44,3
201985,54,1
201986,88,4
201986,113,1
201986,43,2
201986,96,1
201987,8,1
201987,50,3
201987,26,4
201988,119,1
201989,85,5
201990,23,7
201991,109,2
201991,103,7
201992,31,8
201993,24,4
201993,10,2
201994,1,5
201994,18,1
201994,19,1
201994,29,1
201995,98,3
201995,11,1
201996,30,1
201997,28,2
201998,58,1
201998,93,1
201998,86,2
201999,10,4
201999,5,1
202000,32,4
202001,112,2
202001,48,2
202001,51,1
202001,53,4
202002,17,4
202003,56,4
202003,53,1
202003,38,2
202004,10,1
202005,74,1
202006,74,1
202007,36,7
202008,112,3
202008,109,1
202008,13,2
202009,8,2
202009,108,2
202009,54,1
202010,19,1
202010,61,1
202011,98,3
202011,87,3
202012,114,1
202013,54,2
202013,53,1
202013,14,4
202014,41,4
202014,54,1
202014,26,1
202014,91,1
202014,28,1
202015,43,5
202016,49,1
202016,14,3
202016,71,1
202017,22,3
202017,47,5
202018,40,3
202018,5,4
202019,49,2
202019,98,3
202020,81,3
202020,102,2
202020,43,1
202020,110,1
202021,105,5
202021,21,1
202021,95,1
202022,42,1
202022,27,1
202022,28,1
202022,31,1
202023,89,4
202023,86,1
202024,52,4
202025,18,1
202026,25,3
202026,55,2
202027,6,9
202028,58,1
202028,93,3
202028,54,1
202029,16,1
202029,19,1
202029,55,2
202030,70,1
202031,58,1
202031,19,6
202032,76,3
202032,23,2
202033,49,1
202033,91,1
202033,13,1
202033,47,1
202034,41,2
202034,44,1
202035,4,1
202035,46,1
202035,47,1
202036,106,6
202036,84,2
202037,33,1
202037,100,1
202037,5,1
202037,105,1
202037,30,2
202038,4,1
202038,44,1
202038,14,1
202038,76,1
202039,43,3
202040,9,3
202040,100,1
202040,118,1
202040,31,1
202041,97,2
202041,51,3
202041,12,2
202042,41,1
202042,23,2
202043,25,2
202043,60,1
202044,73,3
202044,11,1
202044,105,5
202045,64,2
202045,17,2
202045,22,1
202046,98,4
202046,59,1
202046,5,2
202047,20,8
202048,8,2
202048,106,1
202048,56,1
202048,87,1
202049,18,4
202049,12,1
202049,53,1
202050,9,6
202050,90,1
202050,19,2
202051,16,5
202051,60,1
202051,4,1
202051,22,1
202052,3,2
202053,18,7
202053,68,2
202053,69,1
202054,42,7
202055,4,1
202056,38,2
202056,71,1
202057,14,2
202058,65,3
202058,59,1
202058,101,1
202059,8,1
202059,90,1
202060,12,10
202061,89,4
202061,75,1
202061,11,2
202062,40,3
202062,116,1
202062,60,1
202063,102,6
202064,48,1
202064,10,5
202064,58,1
202064,37,1
202065,102,6
202066,103,1
202066,47,1
202067,43,5
202067,46,1
202068,9,2
202068,108,6
202069,24,1
202069,1,1
202070,27,4
202070,12,2
202070,95,3
202071,10,2
202071,13,1
202071,45,1
202071,113,2
202071,52,1
202072,36,3
202073,34,1
202073,44,2
202073,16,2
202073,50,2
202073,19,1
202074,43,1
202074,117,2
202075,25,3
202075,19,1
202075,20,2
202076,24,4
202077,2,4
202077,98,1
202078,24,1
202078,17,4
202078,44,3
202078,45,2
202079,2,1
202079,30,1
202080,2,3
202081,46,1
202082,44,2
202082,5,1
202083,72,1
202083,25,3
202084,3,2
202084,103,1
202085,73,4
202085,78,2
202085,97,1
202086,76,2
202086,85,2
202087,116,1
202087,82,4
202087,34,1
202088,64,3
202088,51,1
202088,116,1
202089,40,1
202089,85,2
202089,14,3
202090,73,1
202090,90,4
202090,11,2
202090,13,1
202091,24,3
202091,110,8
202092,5,1
202092,54,3
202093,104,4
202093,10,1
202094,76,2
202094,53,2
202095,26,1
202096,2,6
202096,67,1
202096,84,1
202097,30,6
202098,1,4
202098,78,3
202099,26,3
202099,108,1
202099,61,2
202100,57,1
202100,19,1
202100,29,1
202100,9,2
202101,10,1
202101,2,1
202101,3,4
202101,45,2
202102,111,8
202103,41,1
202103,55,1
202104,93,4
202104,55,4
202105,48,5
202106,56,2
202106,66,4
202106,99,1
202106,34,2
202107,16,3
202107,58,1
202107,84,1
202107,14,1
202108,82,7
202108,6,1
202109,99,11
202110,8,4
202111,6,1
202111,41,1
202111,13,1
202111,47,1
202111,56,1
202112,106,4
202112,35,1
202112,118,1
202112,47,1
202113,88,1
202113,82,1
202113,59,1
202113,63,1
202114,5,1
202114,37,1
202115,112,2
202115,13,2
202115,71,3
202116,45,4
202116,29,4
202117,108,1
202118,49,3
202118,117,3
202118,2,1
202118,85,1
202119,53,1
202119,71,1
202120,44,1
202120,4,7
202121,48,3
202121,11,4
202122,51,1
202123,48,1
202124,44,3
202124,45,1
202124,60,3
202125,69,1
202126,16,1
202126,96,3
202127,53,4
202127,38,1
202127,63,1
202128,58,2
202128,11,1
202128,20,4
202128,26,1
202128,60,1
202129,56,1
202129,50,2
202129,38,1
202129,22,2
202130,74,1
202131,7,4
202131,46,1
202131,113,1
202131,49,1
202131,27,1
202132,32,6
202133,6,8
202134,68,6
202134,7,4
202135,120,2
202135,27,3
202135,13,4
202136,20,5
202136,47,1
202137,15,6
202138,50,3
202138,55,1
202139,20,9
202140,26,1
202140,42,1
202141,25,1
202141,44,1
202141,60,2
202142,8,6
202143,104,7
202144,8,2
202144,11,1
202144,44,1
202145,104,1
202145,43,5
202145,87,3
202145,7,1
202146,32,1
202146,34,1
202146,12,1
202147,73,11
202148,8,2
202148,53,3
202149,57,6
202150,10,8
202151,58,2
202151,4,9
202152,8,4
202152,36,1
202152,37,1
202153,118,7
202154,27,1
202154,49,1
202154,2,1
202154,43,1
202155,105,2
202155,45,2
202156,49,2
202157,104,4
202157,108,1
202157,101,3
202157,15,2
202158,32,1
202158,35,3
202159,58,1
202159,13,1
202160,106,3
202160,67,1
202161,64,1
202161,11,1
202161,55,2
202162,10,4
202162,11,5
202163,2,1
202163,108,1
202163,42,1
202164,58,4
202164,53,6
202165,8,1
202165,26,1
202165,54,1
202166,26,1
202167,59,3
202167,15,2
202168,113,1
202168,31,6
202169,82,2
202169,84,2
202169,39,7
202170,4,4
202170,13,1
202170,76,2
202171,40,1
202171,75,2
202171,4,3
202172,33,1
202172,38,2
202172,20,1
202172,85,1
202172,92,4
202173,66,2
202173,22,5
202174,93,4
202175,11,1
202175,54,3
202176,88,10
202177,96,1
202177,105,5
202177,101,1
202178,97,2
202178,45,2
202179,8,1
202179,9,1
202179,14,1
202179,51,1
202179,19,1
202180,58,1
202180,95,3
202181,61,1
202182,7,1
202182,53,1
202182,71,2
202182,47,1
202183,80,2
202183,78,1
202184,8,1
202184,20,5
202185,89,1
202185,4,1
202185,63,1
202186,99,3
202186,72,1
202186,46,1
202186,17,1
202186,20,1
202187,51,1
202187,27,1
202188,32,1
202188,25,2
202188,37,4
202189,105,2
202189,26,1
202189,115,2
202190,40,2
202190,66,1
202190,60,1
202190,111,1
202191,94,6
202191,15,1
202192,34,6
202193,41,7
202194,43,1
202194,68,1
202194,39,1
202194,15,1
202195,41,1
202195,10,2
202195,116,1
202195,37,1
202196,6,2
202197,57,1
202197,47,5
202198,59,1
202198,28,1
202199,44,2
202199,71,1
202199,15,1
202200,15,6
202201,25,6
202201,85,2
202201,119,2
202202,1,4
202202,2,1
202202,54,1
202203,19,9
202204,2,6
202204,62,1
202205,52,1
202206,50,2
202206,53,1
202207,42,2
202208,49,2
202208,39,2
202209,117,4
202209,70,2
202209,63,1
202210,64,2
202210,16,1
202210,9,4
202210,41,1
202211,33,3
202211,83,1
202211,22,1
202211,55,2
202212,80,1
202212,5,2
202212,21,4
202213,81,1
202213,19,1
202213,45,1
202213,59,1
202214,88,1
202214,70,2
202214,68,1
202214,44,1
202215,81,4
202216,91,1
202216,78,2
202217,16,4
202217,54,3
202218,56,2
202218,58,3
202219,25,1
202219,20,5
202219,38,1
202220,54,4
202220,65,1
202220,86,1
202220,24,1
202221,96,3
202221,37,1
202221,111,5
202222,41,1
202222,10,2
202223,1,2
202223,6,1
202224,89,2
202224,1,1
202224,8,1
202224,31,1
202225,44,1
202225,21,7
202225,15,2
202226,27,1
202226,61,4
202227,11,1
202227,12,2
202227,110,1
202227,14,1
202228,13,2
202228,5,4
202229,73,1
202229,2,1
202229,14,1
202230,44,3
202230,70,2
202230,6,3
202231,25,3
202231,51,1
202231,5,1
202231,57,1
202232,73,6
202232,5,1
202233,8,5
202233,41,4
202233,85,1
202233,7,1
202234,104,2
202234,26,1
202234,91,1
202235,59,2
202235,28,3
202236,106,5
202237,35,2
202237,119,5
202238,24,1
202238,46,1
202239,58,1
202240,47,3
202241,116,6
202242,8,1
202242,12,1
202242,6,1
202243,20,7
202244,98,3
202244,58,5
202245,95,4
202246,51,2
202246,43,1
202246,4,2
202247,8,9
202247,97,2
202247,13,1
202248,96,3
202248,38,1
202248,11,1
202248,44,1
202248,27,1
202249,67,1
202250,102,1
202250,51,1
202250,53,1
202250,54,1
202251,116,5
202251,93,1
202252,105,4
202252,108,1
202252,102,2
202252,41,1
202253,40,2
202253,11,1
202254,59,1
202255,10,1
202255,34,3
202255,2,3
202256,59,1
202256,52,1
202256,111,1
202257,55,6
202258,9,1
202258,42,5
202258,34,1
202259,44,1
202259,13,6
202260,92,4
202261,18,1
202262,97,1
202262,30,1
202262,87,1
202263,27,6
202264,10,6
202265,41,2
202265,61,4
202265,5,1
202265,110,1
202266,35,1
202266,4,1
202266,14,1
202266,47,1
202267,16,4
202267,11,3
202268,64,2
202268,4,3
202268,53,2
202268,55,1
202269,98,2
202270,17,3
202271,54,1
202272,73,2
202272,117,2
202273,10,3
202273,13,1
202274,104,6
202274,21,1
202275,9,1
202276,56,1
202276,35,1
202277,106,8
202278,56,1
202278,11,1
202278,14,1
202279,120,1
202279,51,7
202280,33,4
202280,19,1
202280,4,1
202280,57,1
202281,8,2
202281,50,1
202281,30,1
202282,32,1
202282,65,1
202282,91,1
202283,6,6
202284,10,1
202284,42,1
202285,8,1
202285,86,6
202286,10,1
202286,5,1
202286,94,1
202286,30,1
202287,106,8
202288,9,1
202288,99,3
202288,28,1
202289,75,1
202289,29,2
202290,26,1
202290,35,1
202290,31,4
202291,25,4
202292,34,1
202293,17,8
202294,77,6
202295,33,3
202295,3,2
202295,70,4
202295,45,1
202295,17,1
202296,41,1
202296,46,1
202297,96,1
202297,57,4
202297,100,2
202297,5,3
202298,12,1
202298,28,1
202298,29,1
202298,54,1
202299,94,2
202299,79,1
202300,1,2
202301,74,3
202301,2,2
202301,54,1
202302,66,3
202302,50,1
202302,20,2
202302,55,1
202302,31,1
202303,16,7
202304,19,1
202304,115,5
202305,66,2
202305,75,1
202305,17,5
202305,22,2
202305,62,1
202306,82,2
202306,58,3
202307,2,3
202308,14,8
202309,53,1
202309,21,1
202309,102,1
202310,74,1
202310,44,2
202311,8,1
202312,72,1
202313,24,3
202313,4,3
202314,9,6
202314,2,1
202315,64,4
202315,10,2
202315,13,2
202316,5,8
202316,95,2
202317,64,3
202317,9,1
202317,75,2
202318,60,5
202318,54,1
202318,103,1
202319,100,2
202319,68,2
202319,103,1
202319,119,1
202320,26,6
202321,92,2
202321,38,2
202321,103,1
202322,9,2
202322,51,1
202322,30,1
202323,65,1
202324,1,3
202325,100,1
202325,6,1
202325,103,1
202326,93,1
202326,53,1
202327,32,2
202327,58,1
202327,27,2
202327,54,1
202328,106,6
202328,67,1
202328,38,1
202329,8,2
202329,11,2
202329,68,1
202330,93,3
202330,61,4
202331,2,2
202331,54,7
202332,97,1
202332,44,1
202332,79,1
202333,60,7
202334,34,4
202334,31,4
202335,33,2
202335,109,5
202336,103,2
202336,109,2
202336,118,1
202336,95,1
202337,9,1
202337,46,2
202337,17,1
202338,57,4
202338,29,2
202339,41,6
202340,80,1
202340,5,1
202341,41,4
202341,18,1
202341,119,1
202342,67,1
202342,11,1
202343,65,1
202343,45,1
202344,19,1
202344,85,1
202345,37,1
202345,86,1
202346,81,4
202346,92,1
202346,53,1
202346,63,1
202347,116,1
202348,49,5
202348,39,1
202348,7,1
202349,34,3
202349,19,1
202349,28,2
202350,81,1
202350,18,2
202350,43,1
202350,9,1
202351,84,4
202351,79,3
202352,6,4
202352,15,4
202353,11,2
202353,23,6
202354,3,1
202354,38,1
202354,23,1
202355,50,1
202355,53,1
202356,56,1
202356,90,6
202357,57,4
202357,13,1
202358,2,8
202359,104,1
202359,43,1
202359,42,2
202359,51,1
202360,88,2
202360,66,2
202360,70,1
202361,77,6
202362,40,3
202362,74,4
202362,14,1
202362,49,1
202362,57,1
202363,40,2
202363,57,1
202363,51,4
202364,58,1
202365,8,1
202365,107,1
202366,54,5
202366,77,3
202366,22,3
202367,3,5
202367,67,1
202367,35,1
202367,60,1
202368,11,7
202369,13,1
202370,8,2
202370,5,2
202370,14,2
202371,10,1
202371,20,1
202372,46,1
202373,43,1
202373,77,1
202373,47,1
202374,41,1
202375,16,1
202375,10,3
202375,102,1
202375,22,2
202376,21,5
202377,57,1
202377,44,2
202377,29,1
202377,113,1
202378,48,1
202378,33,1
202379,61,2
202380,18,1
202380,38,4
202381,51,1
202381,13,1
202381,62,1
202382,1,4
202382,79,1
202382,31,2
202383,81,1
202383,38,1
202384,56,1
202384,9,3
202384,89,2
202384,33,1
202385,24,1
202385,68,1
202385,69,1
202386,27,2
202386,7,4
202387,6,7
202388,100,2
202389,66,1
202389,74,1
202390,90,1
202390,60,2
202391,41,1
202391,25,2
202392,19,2
202392,116,1
202392,5,1
202393,67,1
202394,25,2
202394,11,1
202394,51,1
202394,47,1
202395,56,4
202396,18,2
202396,101,1
202396,14,3
202397,46,7
202398,2,9
202399,9,1
202399,45,1
202399,100,1
202399,53,1
202400,58,3
202400,51,1
202400,44,5
202400,5,1
202401,99,2
202401,17,3
202401,11,2
202402,60,1
202402,95,1
202403,24,10
202404,24,1
202404,33,2
202405,104,2
202405,41,2
202405,59,1
202406,36,1
202406,5,1
202406,38,1
202406,106,1
202406,49,1
202407,99,1
202407,59,4
202407,86,1
202408,33,3
202408,50,1
202408,108,3
202408,119,1
202409,105,7
202410,63,2
202411,56,1
202412,41,1
202412,20,1
202412,22,1
202412,97,2
202413,48,1
202413,73,1
202413,118,1
202414,49,8
202415,50,6
202415,93,1
202415,21,1
202416,81,5
202416,27,2
202417,115,5
202418,41,1
202418,10,1
202418,53,2
202418,61,1
202419,32,4
202419,6,3
202419,78,1
202419,103,1
202420,103,9
202421,108,1
202421,47,1
202422,91,3
202422,100,2
202422,37,2
202423,96,10
202424,120,3
202424,97,3
202424,119,2
202425,37,6
202425,23,1
202426,58,1
202427,19,7
202427,53,1
202428,24,6
202429,25,1
202429,82,1
202429,12,1
202429,113,1
202430,98,1
202430,12,1
202430,117,1
202431,90,6
202431,4,4
202432,57,3
202432,10,2
202433,12,1
202433,60,5
202434,21,3
202435,112,1
202435,3,1
202435,5,3
202436,111,1
202437,23,3
202438,15,4
202439,12,2
202439,20,2
202439,47,4
202440,18,3
202440,3,1
202440,15,1
202441,49,3
202441,58,1
202441,5,1
202441,55,1
202442,72,1
202442,75,3
202442,99,1
202443,82,3
202443,13,3
202443,22,1
202444,3,3
202444,53,1
202444,37,1
202444,23,2
202445,60,9
202446,110,2
202447,48,3
202447,25,3
202448,29,4
202448,42,1
202448,51,3
202448,93,2
202449,56,2
202450,15,1
202451,33,1
202451,100,1
202451,95,2
202451,7,4
202452,48,4
202452,98,3
202452,103,2
202453,88,5
202453,56,1
202453,120,3
202454,113,3
202454,44,1
202455,33,5
202455,75,1
202455,54,2
202456,15,5
202457,113,5
202458,38,6
202459,51,2
202459,29,3
202460,114,2
202460,31,5
202461,49,3
202462,64,1
202462,75,2
202462,3,1
202462,46,1
202463,40,4
202463,65,2
202464,44,2
202464,22,1
202464,47,1
202465,112,2
202465,5,8
202466,44,1
202466,28,1
202467,43,1
202467,102,5
202468,117,1
202469,99,1
202470,56,1
202470,41,1
202470,4,3
202470,47,1
202471,1,7
202471,11,1
202472,106,1
202472,86,2
202472,55,2
202473,97,9
202473,9,1
202474,24,8
202474,105,1
202474,29,1
202475,14,7
202476,56,3
202476,18,2
202477,64,1
202477,118,4
202478,3,9
202479,36,1
202480,44,1
202480,46,1
202480,76,1
202481,49,3
202481,19,1
202481,53,1
202482,96,9
202483,72,1
202483,100,1
202483,77,1
202483,92,1
202484,34,3
202484,19,1
202485,19,2
202485,55,3
202486,97,4
202486,18,4
202487,3,2
202487,101,1
202487,10,1
202487,47,2
202487,56,2
202488,9,3
202488,51,4
202488,47,1
202489,9,1
202489,19,1
202489,53,1
202489,23,1
202490,120,1
202490,1,2
202490,87,2
202490,7,1
202491,50,5
202491,6,3
202492,14,2
202492,39,6
202493,19,3
202493,74,1
202493,83,2
202494,2,1
202494,7,1
202494,108,1
202494,117,3
202494,56,1
202495,81,1
202496,40,3
202496,35,1
202496,68,1
202497,60,1
202497,47,1
202497,86,1
202497,14,1
202498,24,1
202498,82,1
202498,14,1
202499,57,10
202500,1,6
202500,36,1
202501,54,1
202502,116,1
202502,60,2
202503,73,4
202503,52,3
202504,10,1
202504,53,1
202504,77,1
202505,22,2
202505,63,1
202506,66,2
202506,110,6
202507,83,5
202507,118,1
202508,26,3
202508,19,3
202509,52,6
202509,20,2
202510,8,1
202510,117,1
202511,98,4
202511,29,3
202512,32,3
202512,81,5
202513,13,1
202513,54,1
202514,73,1
202514,9,2
202514,45,2
202515,65,2
202515,13,7
202516,17,2
202516,59,2
202517,88,1
202517,62,1
202518,59,6
202519,97,3
202519,31,2
202520,1,3
202520,20,1
202520,37,1
202521,34,1
202521,38,3
202522,58,8
202523,32,1
202523,2,3
202524,51,7
202524,75,1
202525,19,1
202526,42,1
202526,7,3
202527,32,3
202527,56,5
202528,42,1
202528,10,1
202528,23,6
202529,83,7
202530,30,6
202531,70,2
202531,30,3
202531,14,1
202532,59,2
202532,106,1
202532,83,2
202533,9,4
202533,5,1
202533,117,2
202533,23,2
202534,16,1
202535,99,5
202535,21,1
202536,44,3
202536,29,2
202536,46,3
202537,91,1
202537,90,4
202537,59,1
202537,53,1
202538,48,6
202539,1,1
202539,39,1
202539,112,1
202539,25,1
202539,93,1
202540,106,1
202540,12,1
202540,114,1
202540,84,1
202540,57,1
202541,51,1
202542,41,1
202542,50,1
202542,51,1
202543,48,1
202543,98,4
202543,60,3
202544,16,1
202544,91,1
202544,14,1
202545,83,6
202546,30,1
202547,97,7
202547,10,1
202548,108,5
202548,4,2
202548,7,1
202549,56,3
202549,102,3
202550,59,1
202550,75,2
202550,7,3
202551,94,3
202552,49,5
202552,29,2
202553,49,1
202553,45,3
202553,1,1
202553,119,1
202554,1,6
202554,46,1
202555,112,7
202555,46,1
202556,92,1
202556,30,2
202557,48,1
202557,3,1
202557,47,1
202558,114,1
202558,19,1
202558,84,1
202559,4,2
202559,22,8
202560,50,2
202560,51,2
202560,110,1
202560,55,3
202561,48,2
202561,85,1
202561,30,5
202562,56,4
202562,57,1
202562,43,1
202562,39,1
202563,41,1
202563,20,1
202563,5,1
202564,33,7
202564,39,1
202564,10,1
202564,80,1
202564,57,1
202565,112,4
202565,33,6
202565,51,1
202565,14,1
202566,60,1
202566,39,1
202567,6,1
202568,51,6
202569,64,2
202569,74,1
202569,31,1
202570,56,4
202570,107,1
202570,87,3
202571,11,1
202572,115,4
202572,109,1
202573,114,9
202573,46,2
202574,18,2
202574,75,7
202575,10,4
202576,24,1
202576,5,1
202576,37,5
202576,111,1
202577,64,1
202577,50,1
202577,32,1
202578,56,4
202578,105,1
202578,57,1
202578,55,1
202579,1,5
202579,43,4
202579,54,1
202580,25,1
202580,91,1
202580,85,1
202580,7,1
202581,80,1
202582,51,1
202582,37,1
202583,16,5
202584,66,4
202584,108,1
202584,45,2
202585,26,4
202585,3,1
202585,29,1
202586,113,2
202586,37,4
202587,88,2
202587,94,6
202588,56,4
202588,41,3
202588,75,2
202588,7,2
202589,120,4
202589,38,2
202590,9,1
202591,16,1
202591,99,1
202592,62,1
202592,98,1
202592,107,1
202592,86,7
202593,8,1
202593,16,3
202593,51,1
202593,109,1
202594,115,2
202594,111,6
202595,104,3
202595,53,5
202596,95,1
202597,48,3
202597,5,3
202598,33,6
202598,10,1
202598,17,1
202598,55,1
202598,56,1
202599,34,2
202600,9,1
202600,100,2
202600,22,2
202601,46,1
202601,57,3
202601,86,4
202601,23,3
202602,32,1
202602,95,6
202603,20,1
202603,14,1
202604,54,1
202604,111,1
202605,9,1
202605,52,1
202606,60,1
202606,6,5
202607,18,5
202607,68,1
202607,12,1
202607,31,1
202608,4,1
202608,92,1
202609,98,1
202609,19,2
202609,21,4
202610,104,2
202610,6,1
202611,38,1
202612,59,5
202613,36,1
202613,47,3
202614,48,7
202614,20,1
202615,80,4
202615,19,1
202615,96,1
202615,55,1
202616,80,1
202616,109,3
202617,65,8
202618,9,1
202618,12,1
202618,17,1
202619,60,1
202620,106,1
202620,45,1
202620,101,1
202620,30,1
202621,20,1
202622,56,3
202622,90,6
202623,10,2
202623,42,5
202624,18,4
202624,13,2
202624,15,1
202625,116,1
202625,31,1
202626,67,3
202626,12,1
202626,109,2
202626,18,1
202626,59,3
202627,8,1
202627,34,1
202628,59,1
202628,27,4
202629,81,3
202629,82,1
202629,87,1
202629,29,1
202629,63,1
202630,64,2
202630,113,3
202630,46,3
202631,17,1
202631,26,1
202631,12,2
202631,6,1
202632,28,3
202632,111,5
202633,65,4
202633,33,3
202634,63,2
202634,79,2
202635,120,5
202635,114,2
202635,3,3
202636,74,3
202636,10,1
202636,21,1
202637,10,2
202637,74,1
202637,103,1
202638,67,6
202638,3,1
202638,4,3
202638,7,2
202638,12,2
202639,7,8
202640,81,5
202640,74,1
202640,21,3
202641,98,2
202641,19,1
202641,14,3
202642,53,2
202642,108,4
202642,37,1
202642,14,1
202643,73,1
202643,110,5
202644,34,1
202644,46,1
202645,11,3
202645,37,2
202646,8,2
202646,52,1
202647,71,1
202648,57,1
202648,98,1
202648,55,1
202649,106,1
202649,44,1
202650,40,5
202650,115,3
202651,96,1
202651,28,1
202652,41,6
202652,106,1
202652,51,1
202652,45,2
202653,57,1
202653,30,5
202654,22,1
202654,55,1
202654,46,1
202654,119,1
202655,26,2
202656,68,3
202656,40,1
202656,43,1
202656,108,2
202656,81,1
202657,57,6
202658,8,1
202658,1,2
202658,53,4
202659,58,1
202659,116,1
202660,73,3
202660,51,2
202660,20,1
202661,48,1
202661,20,3
202661,85,2
202661,13,2
202662,44,3
202663,97,3
202663,59,1
202664,17,2
202664,53,2
202664,38,1
202664,103,2
202665,1,1
202666,48,2
202666,108,2
202666,70,1
202666,44,2
202667,44,6
202668,24,1
202668,43,3
202668,68,1
202669,3,6
202669,117,1
202669,110,1
202669,55,1
202670,7,5
202671,31,1
202672,19,1
202672,38,4
202673,35,1
202673,43,1
202673,111,1
202673,79,1
202674,20,1
202674,45,1
202675,48,3
202676,112,2
202676,84,4
202677,4,1
202678,77,11
202679,34,2
202679,43,1
202679,22,1
202679,90,1
202679,95,1
202680,73,1
202680,93,1
202680,53,4
202680,47,1
202681,67,4
202681,36,3
202682,50,2
202682,20,1
202682,23,2
202683,56,2
202683,33,1
202683,59,2
202684,17,1
202684,59,1
202685,16,5
202685,118,1
202685,22,2
202686,59,3
202686,102,5
202687,35,4
202687,61,1
202688,8,1
202688,18,1
202688,3,1
202688,108,1
202689,94,4
202689,4,1
202689,38,1
202689,47,1
202690,9,2
202690,34,2
202690,26,2
202691,25,2
202691,3,1
202691,55,2
202692,99,1
202692,101,3
202692,37,1
202692,12,1
202692,60,1
202693,80,9
202693,28,2
202694,36,5
202695,74,2
202695,15,2
202695,47,2
202696,99,4
202697,8,4
202698,10,1
202698,46,5
202699,58,5
202700,17,1
202700,41,5
202701,38,2
202701,45,1
202701,52,2
202701,20,1
202701,90,1
202702,1,2
202703,60,3
202703,55,3
202704,83,2
202704,47,1
202705,8,1
202705,18,1
202705,12,1
202705,71,1
202706,56,1
202706,67,1
202706,101,1
202706,78,1
202707,9,2
202707,98,4
202707,51,1
202708,69,7
202708,62,2
202709,41,1
202709,34,8
202709,5,3
202710,25,3
202710,19,2
202710,60,1
202710,6,1
202711,78,1
202712,1,1
202712,46,1
202713,11,2
202713,29,1
202713,78,1
202714,49,1
202714,2,2
202714,84,1
202715,113,1
202715,46,1
202715,22,1
202716,106,2
202716,52,2
202717,32,5
202717,11,2
202717,46,2
202718,1,1
202719,43,3
202719,111,1
202719,48,1
202719,25,2
202719,61,2
202720,19,6
202720,12,1
202721,105,3
202721,97,4
202722,2,1
202723,89,1
202723,114,3
202724,102,4
202725,13,7
202726,36,7
202727,50,1
202727,38,2
202728,105,2
202728,58,2
202729,67,2
202729,15,5
202730,75,2
202730,101,2
202730,30,3
202731,80,1
202731,18,4
202732,66,1
202733,48,1
202733,1,1
202733,18,1
202733,93,1
202734,82,5
202735,51,7
202736,9,3
202736,67,2
202736,54,1
202736,86,1
202737,41,2
202737,51,1
202737,36,1
202738,18,6
202738,55,1
202739,56,10
202740,105,1
202741,65,4
202741,70,5
202742,65,1
202742,109,5
202743,89,5
202744,19,1
202744,99,6
202745,39,1
202746,1,1
202746,51,1
202746,76,1
202747,3,1
202747,60,2
202748,90,3
202748,37,2
202748,46,2
202749,20,3
202749,78,7
202750,108,2
202750,18,4
202750,4,1
202750,45,1
202751,50,2
202751,43,1
202751,92,1
202751,44,1
202752,114,3
202752,93,3
202752,85,3
202753,43,1
202754,16,2
202754,18,1
202754,74,3
202754,15,3
202755,60,3
202755,110,1
202756,13,5
202757,89,2
202757,15,1
202757,61,2
202757,23,1
202758,88,3
202759,41,1
202759,67,4
202759,51,1
202760,60,1
202760,21,2
202760,6,2
202761,118,1
202761,54,2
202761,55,3
202762,41,8
202763,2,3
202763,14,4
202763,47,1
202764,5,1
202764,18,4
202764,19,1
202764,26,1
202764,59,1
202765,51,6
202766,10,3
202766,3,4
202766,53,1
202767,17,1
202767,19,1
202767,36,1
202767,21,1
202768,10,1
202768,15,5
202769,34,3
202769,4,1
202769,41,3
202769,45,1
202769,56,1
202770,11,1
202771,57,3
202771,92,1
202772,90,1
202772,44,1
202773,18,7
202773,51,2
202774,41,3
202775,89,6
202775,11,1
202775,35,1
202776,54,1
202776,26,2
202776,93,2
202776,70,1
202777,96,1
202777,1,2
202777,70,3
202777,47,1
202777,49,1
202778,41,1
202778,82,1
202779,62,9
202780,65,2
202780,89,1
202780,58,4
202781,7,8
202782,4,1
202782,46,1
202782,17,1
202782,20,1
202782,23,1
202783,16,2
202783,43,4
202784,29,1
202784,23,1
202785,16,1
202785,28,3
202785,15,1
202786,98,1
202786,101,1
202786,38,1
202786,76,1
202786,46,1
202787,113,2
202787,95,3
202788,107,1
202789,100,1
202790,50,1
202790,75,2
202790,119,2
202791,50,1
202791,91,2
202791,116,1
202791,7,1
202792,8,5
202792,41,2
202792,47,1
202793,115,1
202793,43,1
202794,11,3
202794,110,1
202794,31,1
202795,56,2
202795,57,2
202795,58,1
202795,95,2
202796,29,1
202796,4,1
202796,77,1
202796,86,1
202797,72,3
202797,18,3
202797,28,1
202798,41,1
202798,1,1
202799,58,3
202799,39,1
202800,11,1
202800,118,1
202800,30,2
202801,115,2
202801,68,3
202802,20,1
202802,14,1
202803,54,2
202804,41,5
202804,115,1
202804,84,1
202805,5,1
202805,13,1
202805,62,1
202805,22,1
202806,13,2
202806,22,2
202807,24,5
202808,85,2
202808,79,3
202809,113,1
202809,67,4
202810,67,2
202810,94,5
202810,47,1
202811,67,5
202811,68,1
202811,4,1
202811,49,1
202811,86,1
202812,40,1
202812,96,1
202813,43,1
202813,5,4
202813,103,2
202814,18,1
202814,26,3
202814,36,1
202815,69,1
202815,43,3
202815,46,1
202815,112,1
202815,26,1
202816,31,1
202817,20,9
202818,72,2
202818,75,3
202818,12,1
202818,31,1
202819,73,1
202819,12,1
202820,56,3
202820,12,4
202821,3,1
202822,80,1
202822,35,1
202823,43,2
202823,92,3
202824,40,3
202824,107,1
202824,43,1
202824,14,2
202824,90,1
202825,24,8
202826,82,1
202827,13,5
202827,102,1
202827,47,1
202828,39,5
202828,54,1
202828,31,2
202829,81,1
202829,58,2
202830,40,2
202830,22,5
202831,49,1
202831,74,5
202832,42,1
202832,10,5
202832,85,1
202832,6,1
202833,18,1
202833,110,1
202834,17,1
202834,13,1
202835,5,1
202835,94,1
202835,71,1
202836,11,5
202836,20,1
202836,63,4
202837,59,3
202838,28,7
202839,16,2
202839,18,1
202839,46,1
202840,33,3
202841,116,1
202842,49,1
202842,54,1
202843,59,4
202843,4,3
202844,13,2
202844,71,2
202844,79,2
202845,48,5
202845,5,6
202846,83,8
202847,53,7
202848,49,2
202848,53,1
202848,29,1
202848,57,1
202849,41,1
202850,88,2
202850,62,2
202850,15,2
202851,48,1
202851,4,1
202851,30,1
202851,6,1
202852,71,1
202853,24,1
202853,46,4
202854,72,1
202854,44,1
202855,26,1
202855,68,5
202856,54,3
202857,18,4
202857,60,1
202857,31,1
202858,33,1
202859,24,2
202859,17,1
202859,2,1
202860,36,3
202860,44,1
202860,47,1
202860,48,1
202860,28,1
202861,31,2
202861,45,4
202861,70,1
202861,39,1
202862,29,2
202862,30,4
202862,39,2
202863,58,8
202863,11,3
202864,24,1
202864,83,1
202864,19,1
202864,85,2
202865,55,1
202866,49,3
202866,2,1
202866,118,1
202867,8,5
202867,66,3
202868,34,7
202869,96,4
202870,109,1
202870,5,1
202871,71,6
202872,61,1
202873,82,4
202873,30,3
202874,42,9
202875,10,3
202875,51,1
202875,53,1
202876,17,1
202876,43,1
202876,23,1
202877,64,1
202877,91,1
202877,59,1
202878,65,3
202878,41,2
202879,16,7
202880,57,9
202881,40,3
202881,73,1
202882,30,1
202883,22,1
202883,87,1
202884,101,1
202884,47,1
202885,113,1
202885,14,5
202886,1,1
202886,83,7
202887,81,4
202887,43,1
202887,5,1
202887,46,1
202888,17,2
202888,51,1
202888,44,2
202889,58,3
202890,46,4
202890,51,1
202890,84,1
202890,86,1
202891,59,1
202891,23,1
202892,14,8
202893,65,2
202893,106,4
202894,36,1
202894,102,2
202895,73,1
202895,22,1
202896,20,5
202897,73,1
202898,46,1
202898,78,4
202898,55,1
202899,57,2
202899,15,1
202899,21,1
202899,55,1
202900,33,2
202900,59,1
202900,43,1
202900,31,1
202901,89,7
202901,74,1
202901,11,1
202902,48,2
202902,26,2
202902,68,1
202902,47,3
202903,112,4
202903,33,3
202903,106,1
202903,15,2
202904,102,5
202904,23,2
202905,82,5
202906,96,5
202907,12,5
202908,35,1
202908,47,1
202908,95,5
202909,57,4
202909,21,2
202910,4,1
202910,69,1
202910,48,1
202910,18,1
202910,52,1
202911,36,3
202911,40,2
202911,73,1
202911,118,2
202911,24,1
202912,117,1
202912,85,1
202913,57,1
202913,11,1
202914,8,10
202915,100,3
202915,18,2
202915,76,1
202915,31,1
202916,11,1
202916,34,1
202916,115,1
202917,14,8
202918,16,3
202918,3,3
202919,9,1
202919,58,1
202919,5,1
202919,55,1
202920,52,4
202920,60,6
202921,16,7
202922,2,2
202922,58,1
202922,90,1
202923,62,3
202923,37,3
202923,102,1
202923,31,1
202924,100,11
202925,36,1
202926,95,8
202927,25,2
202927,18,2
202927,95,1
202928,9,6
202928,10,1
202928,1,1
202928,57,1
202929,49,4
202929,47,1
202929,102,4
202929,87,1
202930,106,1
202930,34,2
202931,15,7
202932,18,4
202933,2,2
202933,37,1
202933,85,4
202934,29,3
202934,63,3
202935,112,2
202935,86,5
202936,103,1
202937,66,5
202937,7,1
202938,59,1
202938,36,1
202938,45,2
202939,43,8
202940,89,1
202940,105,3
202940,15,4
202941,104,3
202941,4,1
202941,45,1
202942,17,1
202942,19,1
202943,91,1
202944,24,6
202944,11,1
202945,41,1
202945,57,1
202946,76,4
202947,80,3
202947,101,5
202948,8,2
202948,43,1
202948,100,4
202949,33,3
202949,66,1
202949,95,1
202950,80,2
202950,114,4
202951,8,1
202951,41,2
202951,82,1
202951,91,1
202951,60,1
202952,2,2
202952,27,1
202952,55,5
202953,66,8
202953,3,1
202954,96,4
202954,105,2
202954,60,1
202954,15,1
202955,65,1
202955,66,2
202955,39,4
202955,55,1
202956,50,3
202956,55,4
202957,57,8
202958,4,3
202958,102,3
202958,55,1
202959,57,2
202959,85,2
202959,55,1
202960,10,2
202960,11,2
202960,37,2
202961,10,3
202961,45,6
202961,23,1
202962,6,9
202963,97,1
202963,53,1
202963,15,3
202964,49,5
202964,41,1
202965,60,9
202966,11,4
202966,45,1
202966,49,1
202966,52,1
202966,29,1
202967,65,2
202967,47,4
202968,57,2
202968,114,1
202968,50,1
202969,57,2
202969,44,2
202969,70,1
202969,15,1
202970,16,1
202970,89,4
202970,60,1
202971,5,3
202971,14,6
202972,50,2
202972,20,1
202972,37,1
202972,7,1
202973,1,2
202973,18,5
202974,11,1
202975,56,3
202975,16,2
202976,24,1
202976,17,2
202976,3,1
202977,1,1
202977,41,1
202977,16,2
202977,88,1
202977,58,1
202978,10,3
202979,56,3
202979,11,1
202979,54,3
202979,15,3
202980,35,4
202980,47,1
202980,14,1
202980,7,1
202981,57,2
202981,76,1
202982,24,1
202982,2,1
202983,57,1
202983,53,7
202983,86,1
202984,47,6
202985,74,1
202985,19,1
202985,70,1
202985,31,1
202986,85,3
202987,83,1
202987,12,1
202988,58,1
202988,11,1
202988,44,1
202988,101,2
202989,57,2
202989,99,3
202989,68,2
202990,104,2
202990,35,1
202990,44,2
202990,37,1
202991,4,4
202991,20,1
202991,78,1
202991,15,2
202992,38,2
202992,35,2
202992,6,1
202993,41,6
202993,54,1
202994,72,8
202995,42,3
202995,60,4
202996,15,8
202996,55,2
202997,57,1
202997,21,1
202997,15,1
202998,56,1
202999,114,6
202999,87,1
202999,39,1
203000,97,1
203000,11,4
203000,85,1
203000,51,1
203001,11,2
203001,23,3
203002,57,5
203003,10,1
203003,35,3
203003,12,1
203003,54,1
203004,40,3
203004,43,1
203004,45,1
203005,70,1
203006,41,3
203006,59,1
203006,85,1
203007,56,1
203007,12,1
203007,7,1
203008,18,8
203009,20,2
203009,22,1
203010,16,7
203010,19,1
203010,94,1
203010,15,1
203011,18,3
203011,51,1
203011,31,1
203012,87,1
203012,5,2
203012,46,2
203012,103,1
203013,101,1
203013,54,1
203014,73,1
203015,105,7
203015,20,2
203016,7,6
203017,58,1
203017,108,1
203017,118,1
203018,25,8
203018,68,2
203019,40,2
203020,8,6
203021,48,3
203021,14,4
203022,19,1
203023,52,1
203023,68,1
203024,114,1
203024,47,2
203025,16,1
203025,25,1
203025,63,2
203026,3,1
203026,44,1
203026,70,1
203027,11,4
203027,6,2
203028,55,10
203029,89,2
203029,84,3
203030,44,3
203030,48,2
203030,81,1
203030,53,1
203030,26,1
203031,120,2
203031,114,3
203031,13,1
203032,104,1
203032,33,1
203033,115,3
203033,78,1
203034,49,1
203034,77,1
203035,53,3
203035,29,1
203036,59,1
203036,31,1
203037,59,6
203038,1,5
203039,41,8
203040,16,1
203040,28,1
203040,109,1
203041,107,7
203042,79,1
203043,47,4
203044,93,7
203045,16,9
203045,53,2
203046,8,1
203046,112,6
203046,6,1
203047,28,1
203048,24,1
203049,36,5
203049,93,1
203049,54,1
203050,15,1
203051,99,5
203051,75,2
203051,51,1
203051,119,1
203052,120,3
203052,97,1
203052,70,2
203052,71,1
203053,45,1
203053,63,2
203054,82,4
203054,61,1
203055,21,2
203056,17,2
203056,85,5
203056,38,1
203057,56,3
203057,3,2
203057,5,2
203058,1,2
203058,3,1
203058,109,1
203058,19,1
203058,53,3
203059,96,1
203059,52,1
203060,32,3
203060,18,2
203060,75,5
203061,17,3
203061,90,1
203061,14,1
203062,56,1
203062,9,2
203062,74,1
203062,38,2
203063,84,2
203063,13,5
203063,87,4
203064,89,3
203064,59,1
203064,92,2
203064,35,2
203065,16,1
203065,13,5
203066,41,1
203066,44,3
203066,60,5
203067,41,4
203067,12,2
203067,46,2
203067,49,1
203068,51,5
203069,56,1
203069,113,2
203070,106,1
203071,19,2
203071,54,1
203072,60,1
203072,52,1
203073,9,5
203074,35,1
203074,36,1
203075,8,3
203075,83,3
203075,20,2
203076,48,1
203076,26,1
203076,110,1
203076,63,1
203077,1,2
203078,42,2
203079,102,1
203079,39,1
203080,113,4
203080,46,2
203081,99,5
203082,5,5
203083,27,3
203083,6,1
203084,50,1
203084,19,6
203085,51,1
203086,96,2
203086,66,2
203086,12,1
203087,37,6
203088,1,1
203089,50,1
203089,7,2
203090,10,1
203090,26,3
203090,14,1
203091,75,1
203091,3,2
203091,46,1
203091,79,1
203092,80,1
203092,10,1
203092,44,1
203092,54,1
203093,54,7
203094,40,3
203094,81,1
203094,66,1
203095,101,3
203095,41,2
203095,106,1
203095,60,1
203095,95,1
203096,113,1
203096,10,5
203097,1,1
203097,69,1
203098,67,1
203098,119,2
203099,2,1
203099,67,1
203099,13,1
203099,54,1
203100,7,1
203101,116,1
203101,21,2
203101,52,4
203102,58,1
203102,30,2
203103,17,2
203103,46,3
203104,89,2
203104,57,2
203105,50,1
203105,11,5
203106,26,5
203106,101,1
203106,14,1
203107,33,7
203107,39,3
203108,72,1
203108,4,1
203109,48,7
203110,26,1
203110,87,3
203111,41,3
203111,51,4
203112,52,1
203112,79,1
203113,104,5
203114,20,3
203115,40,1
203115,73,1
203115,53,1
203116,44,1
203116,79,1
203117,55,2
203117,79,4
203118,12,3
203118,86,2
203119,88,1
203119,27,1
203119,102,1
203120,40,1
203120,5,1
203120,46,1
203121,57,3
203121,75,1
203121,5,1
203121,23,1
203122,6,1
203123,98,3
203123,60,2
203123,39,3
203124,50,1
203124,51,1
203124,20,1
203125,32,4
203125,23,1
203126,110,3
203126,103,1
203127,28,5
203127,94,1
203128,8,1
203128,49,1
203128,25,1
203128,39,1
203129,19,1
203129,85,1
203129,5,1
203129,14,2
203130,44,8
203131,15,11
203132,57,1
203133,24,1
203133,27,2
203133,54,1
203133,23,1
203134,41,2
203134,107,3
203134,110,1
203134,117,1
203134,57,3
203135,34,1
203135,11,1
203135,42,1
203135,5,1
203136,105,2
203136,4,4
203136,44,2
203137,3,2
203137,60,3
203138,58,3
203138,102,2
203138,30,1
203139,112,1
203139,12,8
203139,46,1
203140,59,4
203141,106,2
203141,60,1
203142,16,1
203142,20,1
203142,62,1
203143,50,1
203143,52,1
203144,18,2
203144,14,2
203145,18,3
203145,12,3
203146,112,3
203146,74,1
203146,69,1
203146,53,1
203147,99,1
203147,91,3
203147,87,2
203148,96,3
203148,11,3
203148,78,3
203149,58,5
203149,54,6
203150,13,1
203151,1,3
203151,51,3
203151,119,2
203152,11,3
203152,15,4
203153,51,4
203153,108,1
203153,54,1
203154,83,1
203155,49,1
203155,19,1
203155,9,1
203155,47,1
203156,58,3
203156,12,3
203156,22,1
203157,11,10
203158,97,4
203158,35,2
203159,27,1
203159,51,2
203159,52,1
203159,101,1
203160,19,3
203160,37,2
203161,17,5
203161,13,1
203161,6,1
203162,57,2
203162,99,1
203162,100,2
203163,58,2
203163,46,6
203164,56,1
203164,9,3
203165,106,1
203166,3,1
203166,49,3
203166,88,2
203166,59,1
203166,95,2
203167,112,1
203167,3,1
203167,5,1
203168,24,2
203168,35,1
203168,87,5
203168,103,1
203169,51,8
203170,16,8
203171,72,1
203171,108,2
203172,1,3
203172,45,2
203172,48,2
203172,113,1
203172,88,2
203173,40,1
203173,42,1
203173,108,2
203174,60,1
203174,47,1
203174,103,2
203175,51,7
203175,46,1
203176,80,5
203176,11,3
203176,6,1
203177,60,4
203177,101,1
203177,94,1
203178,11,1
203178,62,2
203179,46,1
203179,34,1
203179,42,1
203179,14,1
203180,56,2
203180,60,2
203180,77,5
203181,8,6
203181,111,2
203182,59,7
203183,17,2
203183,27,3
203183,25,2
203184,43,2
203184,13,1
203184,7,1
203185,72,5
203185,71,1
203185,15,1
203186,86,8
203187,48,2
203187,20,2
203187,37,2
203187,46,3
203188,17,5
203188,10,1
203188,100,1
203189,3,1
203189,52,1
203190,100,1
203190,43,2
203190,45,1
203190,49,1
203190,95,1
203191,3,1
203191,52,2
203191,93,4
203192,90,4
203192,13,3
203193,57,8
203193,83,2
203193,99,1
203194,14,8
203195,27,3
203195,20,2
203196,64,1
203196,9,1
203196,105,1
203197,50,1
203197,4,1
203197,69,1
203198,67,3
203198,107,2
203198,47,1
203198,53,1
203198,59,1
203199,9,2
203199,38,2
203200,74,9
203200,109,2
203201,82,4
203201,117,2
203202,107,5
203202,67,3
203203,37,1
203204,82,4
203205,48,2
203205,56,5
203206,49,1
203206,115,1
203206,6,1
203206,55,1
203207,22,5
203208,41,4
203208,71,3
203209,37,4
203209,101,2
203210,35,2
203210,108,1
203210,52,1
203210,21,1
203210,88,1
203211,92,3
203211,45,2
203212,18,6
203212,10,2
203213,97,2
203213,42,2
203213,110,1
203213,23,1
203214,9,1
203215,33,2
203215,60,1
203216,41,1
203216,30,1
203217,40,1
203217,83,2
203217,30,1
203218,24,2
203218,2,2
203218,36,1
203218,5,1
203219,24,1
203219,28,2
203219,47,1
203219,84,1
203220,107,2
203220,57,3
203220,3,1
203220,29,1
203221,1,4
203221,12,2
203221,28,1
203221,61,1
203222,120,1
203222,13,1
203223,50,3
203223,11,3
203224,58,3
203224,77,2
203225,16,1
203225,50,3
203225,5,1
203226,42,1
203226,31,5
203227,23,7
203228,57,1
203228,83,1
203228,68,1
203229,116,1
203229,70,1
203230,49,4
203230,91,2
203231,8,2
203231,18,2
203231,19,2
203232,114,1
203233,113,3
203233,11,2
203233,52,2
203233,45,1
203234,43,4
203234,91,1
203234,87,2
203235,43,4
203235,3,2
203235,47,1
203236,10,4
203236,51,1
203237,97,5
203238,116,1
203238,2,1
203238,10,1
203238,68,2
203239,10,1
203239,46,1
203240,48,6
203241,65,1
203241,114,2
203241,60,1
203242,83,1
203242,95,1
203242,7,1
203243,16,5
203243,9,1
203243,96,1
203243,30,1
203244,43,1
203244,19,7
203245,18,1
203245,67,3
203246,34,2
203247,34,4
203247,119,3
203248,32,4
203248,19,1
203248,21,3
203249,66,1
203249,51,4
203250,16,4
203250,12,3
203251,96,1
203251,10,1
203251,5,1
203252,84,3
203252,93,1
203253,67,5
203253,107,3
203254,48,2
203254,57,1
203255,41,1
203255,52,2
203255,23,3
203256,2,3
203256,117,1
203257,64,1
203257,11,2
203257,27,1
203258,34,2
203258,85,2
203259,112,2
203259,1,2
203259,45,2
203260,19,2
203260,55,1
203261,74,1
203262,45,1
203263,19,2
203263,3,2
203263,68,5
203263,5,1
203264,57,3
203264,35,5
203265,30,1
203266,42,1
203267,70,7
203268,29,2
203268,30,4
203269,10,1
203269,18,4
203270,59,2
203270,77,1
203271,99,1
203271,93,1
203271,79,1
203272,7,1
203272,21,1
203272,47,1
203273,41,1
203273,116,1
203273,56,1
203273,58,1
203273,95,1
203274,112,5
203274,17,3
203275,1,4
203275,50,2
203275,55,3
203275,88,1
203275,120,1
203276,5,7
203277,20,3
203277,6,1
203278,17,1
203279,48,2
203279,11,1
203279,75,1
203279,5,1
203280,25,1
203280,4,9
203280,20,1
203281,18,1
203282,17,1
203282,108,1
203282,87,5
203283,49,2
203283,43,2
203283,15,3
203284,104,5
203284,49,2
203284,2,1
203285,103,1
203285,111,1
203285,47,2
203285,52,1
203285,55,1
203286,33,6
203286,90,2
203287,104,2
203287,77,3
203288,41,3
203288,50,3
203288,116,1
203289,38,1
203289,10,1
203289,44,2
203289,119,1
203289,63,1
203290,57,5
203290,43,5
203290,4,2
203290,68,1
203291,120,4
203292,95,1
203293,42,2
203293,100,1
203293,29,3
203294,66,3
203294,11,3
203294,53,2
203295,8,1
203295,26,1
203296,81,5
203297,104,1
203297,52,1
203298,57,3
203298,117,1
203298,61,2
203298,23,2
203299,40,10
203300,18,2
203300,52,2
203301,45,1
203301,14,1
203301,23,1
203302,56,4
203302,28,2
203302,23,1
203303,42,1
203303,60,1
203304,37,1
203304,102,2
203304,23,5
203305,37,1
203306,17,3
203306,46,1
203306,95,1
203307,99,1
203307,47,1
203308,98,1
203308,10,1
203309,18,10
203310,24,3
203310,98,1
203310,10,3
203310,34,1
203311,51,1
203311,76,1
203311,70,2
203312,1,2
203312,107,7
203313,49,4
203313,71,3
203314,32,1
203314,12,1
203315,18,7
203316,70,1
203316,8,2
203316,16,1
203316,91,1
203316,93,1
203317,16,2
203317,12,1
203317,20,1
203318,49,5
203318,91,2
203319,88,7
203319,97,1
203319,59,1
203320,26,1
203320,59,7
203321,42,2
203322,16,6
203322,98,1
203323,53,1
203324,34,3
203324,99,1
203324,45,1
203324,46,1
203325,2,2
203325,42,3
203325,106,1
203326,24,6
203326,4,1
203326,79,1
203327,46,4
203328,16,1
203328,61,1
203328,63,1
203329,104,1
203329,66,1
203330,111,1
203330,47,1
203331,43,3
203331,5,1
203332,84,10
203333,48,6
203334,8,4
203334,84,1
203334,38,1
203335,74,1
203335,110,1
203336,76,1
203337,9,1
203337,10,2
203337,36,5
203338,25,7
203338,92,1
203338,109,1
203339,8,6
203339,79,3
203340,120,2
203340,11,2
203340,108,6
203341,56,2
203341,52,2
203342,93,6
203343,78,1
203344,96,1
203345,8,2
203345,80,1
203345,23,2
203346,15,1
203347,90,1
203347,5,1
203347,109,3
203348,103,3
203349,108,1
203349,45,3
203349,47,1
203350,59,2
203350,54,2
203351,99,5
203352,72,1
203352,2,4
203352,111,2
203353,41,3
203353,19,3
203354,33,5
203354,107,1
203354,112,1
203354,56,1
203354,57,2
203355,50,4
203355,11,1
203355,84,1
203355,111,1
203356,98,2
203356,71,4
203357,58,5
203358,77,1
203358,49,1
203358,24,1
203358,59,1
203358,60,1
203359,120,6
203359,66,1
203360,48,1
203360,49,3
203360,37,4
203361,112,2
203361,54,6
203362,13,1
203363,44,1
203363,101,1
203363,46,1
203364,4,2
203365,44,2
203365,71,2
203366,58,1
203367,35,1
203367,52,1
203368,41,1
203368,11,4
203368,7,1
203369,102,1
203369,95,7
203370,58,1
203370,10,1
203370,47,1
203370,119,2
203370,90,1
203371,19,2
203371,26,1
203371,11,1
203372,20,2
203372,95,1
203373,25,1
203373,50,1
203374,8,1
203374,50,4
203374,34,1
203374,37,1
203375,2,1
203375,116,1
203375,55,1
203376,24,1
203376,4,3
203376,53,2
203377,32,8
203378,115,1
203379,3,2
203379,15,3
203379,112,1
203379,53,1
203379,54,3
203380,34,1
203380,9,4
203380,16,2
203380,48,1
203380,22,1
203381,41,5
203381,107,4
203382,10,2
203382,106,1
203382,107,1
203383,57,4
203383,27,2
203383,79,3
203384,105,1
203384,77,1
203384,25,1
203385,4,1
203386,78,1
203387,34,3
203387,18,1
203387,15,1
203388,3,1
203388,51,1
203388,108,1
203389,48,4
203389,3,1
203390,56,1
203390,4,1
203391,75,1
203391,61,2
203392,9,1
203392,19,1
203392,46,5
203393,106,1
203393,44,1
203394,29,8
203395,3,2
203395,13,1
203396,88,2
203396,65,1
203396,11,1
203397,46,2
203398,21,1
203398,14,1
203398,7,1
203399,45,1
203399,60,2
203399,61,2
203399,22,3
203400,54,5
203400,94,2
203400,23,1
203401,85,1
203401,109,1
203402,114,11
203403,19,2
203403,43,5
203404,39,6
203405,9,1
203405,70,1
203406,51,1
203406,77,8
203407,94,2
203407,46,2
203408,72,3
203408,49,1
203408,11,2
203408,54,3
203409,18,1
203409,115,3
203410,104,2
203410,113,1
203410,52,3
203410,37,1
203411,120,1
203411,20,7
203411,47,3
203412,73,2
203412,51,1
203412,108,1
203412,101,1
203413,43,1
203413,44,1
203414,41,3
203414,26,1
203414,37,3
203415,2,2
203415,23,1
203416,9,6
203416,83,1
203417,80,3
203417,26,1
203417,28,5
203418,80,6
203419,92,2
203419,101,7
203419,15,2
203420,34,4
203420,91,1
203420,71,2
203420,63,1
203421,64,4
203422,93,3
203423,26,3
203423,45,4
203423,6,1
203424,8,2
203424,109,2
203424,31,1
203425,49,1
203425,38,1
203426,20,8
203427,80,4
203427,27,1
203427,102,1
203427,111,1
203428,56,5
203428,10,2
203428,15,3
203429,41,3
203429,68,1
203429,5,2
203430,50,1
203431,29,1
203432,112,1
203432,98,1
203432,116,1
203432,76,1
203433,110,2
203433,30,1
203433,79,2
203434,56,2
203434,60,1
203434,14,1
203435,73,1
203435,100,1
203436,57,2
203436,63,3
203437,48,3
203437,2,1
203437,42,1
203437,60,1
203438,110,1
203439,36,3
203439,62,1
203439,30,1
203440,32,1
203441,49,3
203441,10,1
203442,44,1
203442,45,1
203443,48,2
203443,65,1
203443,59,1
203443,17,1
203444,4,1
203444,15,1
203444,95,2
203445,86,1
203446,48,2
203446,115,3
203446,63,1
203447,46,2
203447,83,4
203447,118,6
203448,104,1
203448,10,2
203449,22,5
203450,108,2
203450,20,1
203450,14,1
203451,112,6
203451,82,1
203451,46,1
203452,93,1
203453,70,5
203453,37,1
203453,110,1
203454,17,5
203454,12,1
203455,91,2
203455,21,1
203456,51,1
203456,21,1
203457,3,1
203457,78,2
203457,95,1
203458,27,4
203458,62,1
203458,22,3
203459,2,2
203459,111,1
203460,53,2
203460,102,5
203461,46,7
203462,78,1
203462,110,2
203462,54,1
203462,56,1
203462,58,3
203463,10,2
203463,51,3
203464,93,1
203464,110,1
203465,38,1
203465,6,2
203466,10,1
203466,19,2
203466,7,6
203467,72,4
203467,73,1
203468,16,1
203468,35,4
203468,14,1
203469,20,1
203470,11,1
203471,12,8
203472,59,1
203472,85,1
203472,38,1
203472,15,1
203473,11,2
203473,51,1
203473,69,1
203473,109,1
203474,57,7
203474,50,1
203475,45,1
203475,31,1
203476,16,2
203476,12,5
203476,93,1
203476,47,1
203477,84,3
203477,55,3
203478,32,1
203478,5,1
203478,53,2
203479,9,5
203480,45,1
203480,22,1
203480,14,1
203481,67,3
203481,39,2
203481,40,1
203481,107,1
203481,95,1
203482,106,1
203482,44,1
203483,36,5
203483,54,1
203484,117,7
203485,22,7
203486,11,7
203486,14,1
203487,16,2
203487,36,2
203488,113,4
203488,90,8
203489,57,3
203490,10,1
203490,2,1
203490,43,6
203491,18,5
203491,85,3
203492,17,1
203492,79,1
203493,47,1
203494,32,1
203494,4,1
203494,63,2
203495,96,1
203496,50,1
203496,59,1
203496,54,2
203497,18,1
203497,3,2
203498,50,3
203498,46,3
203499,112,2
203499,9,1
203499,34,2
203500,10,2
203500,2,1
203500,63,1
203501,74,1
203501,19,1
203502,11,1
203503,56,1
203503,9,2
203503,84,1
203504,21,8
203505,59,6
203505,76,1
203505,79,1
203506,1,1
203506,38,1
203507,50,1
203507,26,1
203508,97,2
203508,66,1
203509,67,1
203509,19,1
203509,118,1
203510,114,1
203510,37,1
203511,91,1
203511,114,1
203511,45,1
203511,77,1
203512,80,2
203512,45,3
203512,118,1
203513,48,6
203513,75,2
203513,67,2
203514,41,2
203514,90,1
203514,42,1
203515,107,2
203515,32,3
203515,27,6
203516,90,1
203516,6,2
203516,15,1
203517,70,6
203518,56,5
203518,66,2
203518,39,1
203519,51,1
203519,27,1
203519,4,1
203520,1,3
203520,13,1
203520,70,1
203520,6,1
203521,2,1
203521,10,1
203521,12,1
203521,51,1
203521,85,1
203522,114,4
203522,12,5
203522,76,4
203523,41,3
203523,106,3
203523,109,1
203523,15,1
203524,53,3
203525,42,1
203526,52,6
203526,61,1
203527,8,1
203527,12,1
203527,29,1
203528,1,2
203528,42,1
203528,15,1
203529,18,4
203530,59,4
203530,36,1
203530,71,1
203531,88,2
203531,26,2
203531,42,1
203532,16,1
203532,8,1
203532,84,2
203532,5,1
203533,53,2
203533,28,1
203533,117,1
203533,38,1
203534,57,1
203534,75,3
203534,17,2
203535,88,2
203535,105,6
203536,111,1
203537,114,2
203537,107,6
203538,45,4
203539,89,5
203539,82,3
203540,33,11
203541,104,2
203541,18,1
203541,70,4
203542,2,1
203542,11,1
203542,28,1
203543,74,3
203543,43,1
203543,76,1
203543,47,1
203543,27,1
203544,98,2
203544,92,1
203545,107,2
203545,52,1
203546,110,4
203547,55,8
203548,49,4
203548,51,1
203548,5,2
203549,16,1
203549,48,1
203549,44,1
203550,7,8
203551,48,1
203551,100,6
203552,70,2
203552,112,3
203552,58,1
203552,27,1
203552,30,1
203553,56,8
203553,59,1
203554,1,1
203554,4,3
203555,57,1
203555,26,2
203555,22,6
203556,86,2
203557,11,4
203557,53,4
203558,24,2
203558,16,1
203558,5,2
203559,48,6
203559,50,1
203559,15,1
203560,29,1
203561,6,1
203561,15,2
203562,118,8
203563,44,1
203564,3,1
203564,43,3
203564,109,1
203564,53,1
203564,26,1
203565,57,6
203566,97,1
203566,35,2
203566,3,2
203566,5,1
203566,82,1
203567,3,6
203567,6,1
203567,8,1
203567,74,1
203567,63,1
203568,17,3
203568,83,1
203568,115,1
203569,112,1
203570,57,1
203571,73,8
203572,8,7
203572,116,4
203573,5,1
203573,31,2
203574,37,1
203574,77,2
203575,58,2
203575,21,1
203575,102,1
203576,40,4
203576,82,1
203576,19,1
203577,14,3
203578,19,2
203578,94,1
203578,47,1
203579,58,3
203579,63,1
203579,119,1
203580,24,1
203580,81,1
203580,99,6
203580,52,1
203581,75,3
203581,52,2
203582,28,1
203582,45,8
203583,40,1
203583,1,1
203583,60,1
203584,60,4
203584,111,3
203585,59,1
203585,4,1
203585,46,1
203585,23,1
203586,16,1
203586,5,8
203587,4,2
203587,15,2
203588,10,2
203588,110,2
203588,78,1
203588,48,1
203588,81,1
203589,41,6
203590,40,6
203590,3,1
203590,46,1
203591,106,1
203591,12,1
203592,35,3
203592,55,3
203593,88,4
203593,12,1
203594,42,2
203594,5,3
203595,32,1
203595,69,1
203595,54,1
203596,48,3
203596,19,1
203596,69,1
203597,44,2
203597,47,1
203597,55,1
203598,58,4
203599,112,5
203599,78,1
203600,30,7
203601,2,1
203601,11,1
203601,93,1
203602,30,8
203603,90,2
203603,30,3
203604,67,1
203604,5,1
203605,2,5
203605,107,5
203606,33,3
203606,108,2
203607,5,1
203607,80,2
203607,51,2
203607,117,2
203607,119,1
203608,115,5
203609,6,6
203610,41,4
203610,36,1
203610,45,3
203611,10,1
203611,20,1
203611,92,1
203612,56,2
203612,71,1
203612,7,2
203613,32,4
203613,58,3
203613,46,2
203614,89,2
203614,47,4
203615,2,3
203615,9,1
203615,18,1
203615,117,1
203615,24,1
203616,43,1
203616,102,2
203617,9,1
203617,22,1
203617,63,1
203618,16,1
203618,56,1
203618,94,1
203619,90,2
203619,12,1
203619,13,1
203620,68,4
203621,18,3
203621,5,2
203621,94,1
203621,71,4
203622,91,1
203622,20,4
203623,1,3
203623,34,1
203623,3,1
203624,94,2
203625,32,3
203625,46,1
203626,72,3
203626,77,1
203627,38,2
203627,43,1
203627,46,1
203627,18,1
203627,58,1
203628,48,4
203628,17,2
203628,53,2
203628,1,1
203629,44,1
203629,36,1
203630,4,1
203631,38,2
203632,27,7
203633,6,5
203633,41,1
203633,111,1
203633,24,1
203633,31,1
203634,2,2
203634,52,1
203635,74,2
203635,22,2
203635,15,1
203636,57,1
203636,84,2
203636,78,1
203637,33,1
203637,59,1
203637,110,1
203638,95,8
203639,105,4
203639,19,1
203639,92,4
203640,57,2
203640,60,1
203640,9,3
203641,105,6
203641,119,2
203641,23,2
203641,103,1
203642,88,2
203642,41,2
203642,98,1
203642,36,1
203643,42,6
203643,13,1
203643,23,1
203644,3,6
203645,64,1
203645,1,1
203645,107,1
203645,46,1
203646,50,3
203647,14,1
203648,62,8
203649,24,7
203649,5,2
203650,64,1
203650,16,2
203650,19,1
203650,56,1
203650,60,1
203651,98,1
203651,91,6
203651,28,1
203652,81,1
203652,98,4
203653,56,1
203653,101,1
203654,8,9
203655,113,1
203655,12,5
203655,109,2
203655,17,2
203656,14,1
203657,2,1
203658,14,1
203659,116,1
203660,7,2
203661,51,1
203661,7,1
203662,48,1
203662,32,1
203662,4,1
203662,66,1
203663,65,1
203663,49,4
203663,5,3
203664,64,2
203664,41,3
203664,94,4
203664,103,3
203665,16,1
203665,3,1
203666,10,1
203666,37,1
203667,33,5
203667,36,1
203667,15,1
203668,18,1
203669,8,1
203669,74,2
203669,93,1
203670,1,1
203670,2,2
203670,7,3
203671,64,1
203671,44,6
203672,81,5
203672,46,2
203673,104,2
203674,73,2
203674,45,5
203675,58,1
203676,13,1
203676,38,2
203677,14,1
203678,9,3
203678,117,1
203678,30,1
203679,6,1
203679,95,3
203680,22,7
203681,60,3
203681,39,3
203682,76,3
203682,46,5
203683,26,1
203683,107,1
203683,34,1
203683,84,1
203684,61,2
203685,9,1
203686,102,3
203687,100,1
203687,19,2
203687,28,5
203688,88,3
203688,42,3
203688,37,3
203689,18,1
203689,43,1
203689,76,1
203690,80,3
203690,115,1
203690,15,1
203691,53,1
203692,8,1
203692,69,1
203692,78,1
203693,54,1
203694,98,1
203694,53,1
203695,10,5
203695,44,1
203696,86,3
203696,53,1
203696,30,2
203697,42,1
203697,67,3
203698,18,2
203698,2,2
203699,64,2
203699,2,1
203699,120,1
203700,29,1
203701,42,2
203701,21,1
203702,40,2
203702,33,4
203702,16,2
203703,96,1
203703,76,1
203703,48,2
203703,20,1
203703,62,1
203704,12,1
203704,29,2
203704,110,1
203705,52,1
203706,72,1
203706,51,1
203707,113,6
203707,92,2
203708,9,1
203708,45,1
203709,56,3
203709,3,4
203710,72,2
203710,88,1
203710,27,1
203711,42,3
203711,20,2
203712,92,6
203712,7,1
203712,95,2
203713,91,6
203713,99,4
203714,56,2
203714,50,2
203714,15,5
203715,67,3
203716,20,1
203717,59,11
203718,68,1
203718,7,7
203719,57,3
203719,42,2
203720,46,1
203720,43,6
203720,6,1
203721,6,2
203722,6,7
203722,48,1
203722,50,1
203722,59,1
203722,93,1
203723,2,8
203724,16,3
203724,1,3
203724,3,1
203725,41,1
203725,50,1
203725,30,1
203726,26,1
203726,27,1
203727,116,1
203727,66,1
203727,52,1
203727,55,1
203728,48,1
203728,114,1
203728,110,2
203729,26,4
203729,11,2
203729,47,2
203730,56,1
203730,105,1
203730,40,1
203730,5,1
203731,19,1
203731,52,1
203731,46,1
203732,25,3
203732,58,2
203732,19,1
203732,28,1
203733,36,1
203733,110,1
203733,55,1
203734,24,3
203734,2,1
203734,52,2
203735,74,2
203735,59,1
203735,5,1
203735,15,1
203736,114,1
203736,2,1
203737,8,6
203738,33,3
203738,9,3
203738,42,2
203738,80,1
203738,16,1
203739,97,2
203739,82,4
203740,48,2
203740,105,7
203741,31,1
203742,66,1
203742,62,3
203743,116,3
203743,5,1
203743,47,2
203744,41,1
203744,35,1
203744,37,6
203745,91,1
203745,12,2
203745,85,1
203745,78,1
203746,27,3
203746,59,1
203746,51,1
203746,78,1
203747,3,9
203748,9,1
203748,12,1
203748,119,1
203749,19,7
203749,52,2
203750,15,6
203751,36,1
203751,30,1
203752,48,1
203752,41,1
203752,45,3
203752,111,1
203753,8,1
203753,1,2
203753,17,1
203754,113,3
203754,13,3
203755,24,1
203755,12,1
203756,11,2
203756,12,1
203756,38,2
203757,8,3
203757,104,2
203757,76,1
203757,29,1
203757,94,1
203758,4,1
203758,71,3
203758,76,1
203758,51,2
203758,57,1
203759,65,2
203759,35,1
203759,45,1
203760,1,7
203760,45,3
203761,42,2
203761,86,3
203762,49,3
203762,20,1
203763,48,1
203763,24,1
203763,28,2
203763,79,1
203764,65,3
203764,9,2
203764,14,1
203765,63,1
203766,25,1
203766,22,3
203766,119,2
203767,40,1
203767,44,1
203767,47,1
203768,113,10
203768,20,2
203768,70,1
203769,36,1
203770,11,2
203770,5,1
203770,47,5
203771,82,1
203772,10,6
203772,101,3
203773,33,6
203774,115,4
203774,68,6
203775,96,3
203775,19,2
203775,102,1
203776,46,1
203776,14,1
203776,111,1
203777,1,1
203777,53,1
203778,108,3
203778,31,1
203778,63,4
203779,27,3
203780,97,3
203780,12,2
203780,76,1
203781,85,1
203781,23,1
203782,91,6
203783,82,4
203783,2,3
203784,69,4
203785,34,2
203785,107,1
203785,53,1
203785,59,1
203785,28,1
203786,10,3
203786,6,1
203786,79,1
203787,11,4
203787,107,3
203788,64,6
203788,32,4
203789,3,8
203790,22,1
203791,91,3
203792,1,1
203793,2,3
203794,89,1
203794,2,1
203794,51,1
203794,41,1
203795,27,2
203795,87,2
203796,17,4
203797,11,9
203798,120,1
203798,99,1
203798,23,1
203799,73,1
203799,47,1
203800,88,6
203800,31,4
203801,1,2
203801,98,1
203801,100,3
203802,48,1
203802,81,1
203803,17,2
203803,42,4
203803,51,1
203804,104,1
203804,49,1
203804,18,1
203804,68,1
203805,1,1
203805,53,1
203805,57,1
203806,49,1
203806,43,2
203806,5,1
203806,47,2
203807,9,1
203807,117,1
203807,87,1
203808,56,5
203808,48,1
203808,60,1
203808,69,1
203809,49,6
203809,102,1
203809,35,2
203809,78,1
203810,41,2
203810,17,6
203811,105,7
203812,32,4
203812,83,1
203813,57,2
203813,50,1
203813,100,3
203814,43,1
203814,71,1
203815,42,3
203815,76,5
203815,62,2
203816,17,1
203817,58,8
203817,10,1
203817,37,1
203817,55,1
203818,65,2
203818,51,3
203818,25,1
203818,33,1
203819,116,2
203819,15,5
203819,47,1
203820,88,3
203820,18,5
203821,96,2
203821,50,2
203821,85,1
203822,36,1
203822,37,4
203822,16,1
203822,25,1
203822,94,1
203823,15,1
203824,42,1
203824,15,1
203824,95,1
203825,17,1
203825,100,1
203825,39,1
203826,56,5
203827,20,7
203828,19,1
203828,36,1
203829,92,4
203830,90,7
203830,45,2
203831,34,1
203831,117,1
203832,53,1
203832,49,1
203832,11,1
203832,5,1
203833,82,3
203833,46,4
203833,111,2
203834,64,1
203834,29,1
203834,6,2
203835,83,1
203835,74,1
203835,26,1
203836,4,3
203836,70,4
203837,65,1
203837,20,2
203837,62,1
203837,30,1
203838,106,12
203839,32,1
203839,78,5
203840,94,2
203840,78,4
203841,60,3
203841,21,2
203842,34,7
203842,10,1
203842,55,1
203843,50,2
203843,38,2
203844,120,1
203844,52,1
203844,54,3
203845,58,1
203845,39,1
203845,47,1
203846,7,6
203847,97,2
203847,18,4
203848,38,4
203849,30,8
203850,21,2
203851,115,3
203851,107,2
203851,85,1
203851,79,1
203852,104,1
203852,50,1
203852,118,1
203852,7,1
203853,1,2
203853,114,1
203853,108,1
203854,80,2
203854,117,6
203854,15,1
203855,45,6
203855,47,1
203855,7,1
203856,44,4
203857,78,1
203858,59,1
203858,44,9
203859,24,3
203859,87,1
203860,58,1
203861,3,5
203861,43,2
203861,13,1
203862,120,1
203862,17,6
203863,24,3
203863,12,2
203863,76,2
203863,21,2
203864,24,2
203864,53,2
203865,58,1
203865,116,2
203865,78,3
203866,41,5
203866,97,3
203867,56,3
203867,41,1
203867,49,1
203868,48,2
203868,30,6
203869,13,5
203869,38,2
203870,48,5
203870,100,2
203871,21,1
203872,96,3
203872,13,6
203873,107,1
203874,49,4
203874,43,1
203874,20,1
203874,76,1
203875,71,2
203875,47,2
203876,64,4
203876,12,3
203877,28,4
203878,45,8
203879,11,1
203880,73,1
203880,98,1
203880,20,1
203880,30,1
203881,16,2
203881,28,1
203881,23,1
203882,61,1
203883,95,1
203884,57,1
203884,2,1
203885,1,1
203885,59,1
203885,51,1
203886,41,2
203886,2,1
203886,38,2
203887,18,4
203887,100,2
203887,87,2
203888,8,2
203888,1,1
203888,14,1
203889,32,3
203889,19,2
203889,22,2
203889,7,2
203890,61,2
203890,59,1
203890,45,1
203890,103,1
203891,26,3
203891,11,1
203892,108,10
203893,5,6
203893,94,2
203894,92,8
203895,29,1
203896,58,1
203896,2,1
203896,53,1
203897,104,4
203897,3,2
203898,33,8
203899,72,5
203899,97,1
203899,68,1
203899,101,1
203900,8,4
203900,90,1
203900,92,1
203901,49,4
203901,67,2
203902,68,6
203903,56,4
203904,52,6
203905,15,9
203906,32,1
203906,71,1
203906,9,1
203906,106,1
203906,76,1
203907,81,1
203907,14,2
203908,5,8
203909,89,1
203909,20,1
203909,105,1
203910,16,2
203910,49,1
203910,109,1
203910,5,1
203911,100,2
203911,72,2
203911,104,1
203911,17,1
203911,25,1
203912,61,1
203912,103,5
203913,4,5
203913,22,2
203914,2,9
203915,48,2
203915,18,2
203916,27,3
203916,59,2
203917,52,2
203918,8,2
203918,110,5
203918,119,1
203919,37,7
203920,18,2
203920,15,1
203920,7,1
203921,36,2
203921,92,2
203922,120,5
203923,89,3
203923,74,1
203923,22,3
203924,16,5
203925,105,6
203925,62,1
203926,9,1
203926,44,4
203927,106,2
203927,13,2
203927,54,2
203927,55,2
203928,2,1
203929,40,2
203929,59,3
203929,14,2
203930,16,5
203930,116,1
203931,35,2
203931,83,2
203931,51,2
203932,26,1
203932,3,2
203933,40,5
203933,16,1
203933,10,2
203933,6,2
203934,36,1
203935,50,2
203935,20,6
203936,48,4
203936,46,2
203937,72,4
203937,114,1
203937,64,1
203937,53,1
203938,63,7
203939,1,1
203939,29,3
203939,14,5
203940,43,4
203940,6,2
203941,115,1
203942,74,1
203943,13,6
203944,101,4
203944,7,1
203944,45,1
203944,17,1
203944,86,1
203945,78,7
203946,20,2
203946,5,5
203946,71,2
203947,24,1
203947,45,1
203947,118,4
203947,103,1
203948,75,1
203948,85,6
203949,105,1
203950,16,1
203950,2,2
203950,18,2
203950,68,1
203951,65,1
203951,27,1
203952,47,4
203953,18,1
203953,37,2
203953,117,1
203954,52,5
203955,12,2
203955,52,4
203956,1,1
203956,11,1
203956,12,2
203956,93,2
203957,81,5
203957,42,1
203957,3,2
203957,95,1
203958,27,1
203958,11,2
203958,106,1
203958,10,2
203959,1,1
203959,67,2
203959,15,2
203960,41,4
203960,74,2
203961,2,2
203961,6,1
203962,47,1
203963,20,1
203963,39,1
203964,114,2
203965,120,7
203965,4,3
203966,20,3
203966,95,1
203966,71,1
203967,16,7
203967,66,1
203967,37,1
203968,65,1
203968,49,1
203969,80,3
203969,12,7
203969,110,1
203970,40,1
203970,26,4
203970,94,2
203971,18,1
203971,3,2
203971,116,2
203972,1,2
203972,4,1
203972,55,1
203973,24,4
203973,3,1
203973,19,3
203974,2,2
203974,4,2
203974,117,2
203975,34,1
203975,63,3
203976,74,2
203976,51,1
203976,109,1
203976,94,2
203977,45,2
203978,104,2
203978,114,1
203978,21,2
203979,115,2
203979,43,1
203979,87,1
203980,75,1
203980,30,1
203981,52,4
203981,6,2
203982,2,7
203983,5,1
203983,22,1
203984,48,7
203985,107,2
203985,52,6
203985,54,2
203985,30,1
203986,24,1
203986,23,1
203987,57,4
203988,34,1
203988,93,6
203989,32,2
203989,57,2
203989,53,1
203989,119,2
203990,9,5
203990,46,1
203990,39,2
203991,56,1
203991,1,1
203991,7,1
203992,56,10
203992,11,1
203993,2,2
203993,43,1
203993,77,1
203993,48,1
203993,57,1
203994,55,4
203994,47,2
203994,87,1
203995,10,8
203996,42,3
203996,5,5
203997,50,3
203997,51,4
203998,7,1
203999,58,3
203999,115,1
203999,68,1
203999,14,1
204000,48,2
204000,40,1
204000,51,1
204000,44,1
204001,59,2
204001,20,4
204001,29,3
204001,22,1
204002,104,3
204002,112,1
204003,46,1
204003,89,1
204003,54,4
204003,6,1
204004,11,5
204004,19,3
204005,48,3
204005,7,6
204006,46,7
204007,74,3
204007,60,1
204008,12,1
204008,39,7
204008,15,2
204009,112,1
204009,57,2
204009,108,1
204009,5,2
204010,40,8
204010,1,2
204011,81,1
204011,65,4
204012,93,2
204012,54,5
204013,9,1
204014,49,2
204014,15,4
204015,9,3
204015,44,2
204015,87,1
204015,47,4
204016,120,3
204016,25,1
204016,101,1
204016,31,4
204017,8,8
204017,1,1
204017,46,1
204017,79,1
204018,3,4
204018,100,1
204018,5,1
204018,12,1
204018,86,1
204019,39,5
204020,57,2
204020,92,4
204020,4,1
204020,70,1
204021,64,6
204021,78,4
204022,49,3
204023,64,3
204023,16,5
204024,44,10
204025,27,1
204026,71,2
204027,8,3
204027,2,4
204027,48,2
204027,83,1
204028,9,1
204028,114,1
204028,46,1
204028,23,2
204029,57,2
204029,106,5
204030,40,5
204030,75,1
204030,46,1
204031,31,9
204032,67,2
204032,17,1
204032,51,1
204032,20,1
204032,119,1
204033,88,1
204034,17,1
204034,44,1
204034,102,1
204035,18,1
204035,26,2
204035,3,4
204036,54,3
204036,37,1
204036,102,1
204037,86,1
204037,109,3
204037,85,1
204037,14,1
204038,20,5
204039,91,4
204039,86,1
204040,115,1
204040,19,1
204040,53,1
204040,110,1
204041,2,7
204042,56,2
204042,91,3
204042,68,2
204043,32,1
204043,58,1
204043,6,2
204043,98,1
204044,96,2
204044,83,1
204045,4,1
204045,28,1
204045,44,1
204045,117,1
204046,24,6
204046,10,1
204046,12,1
204047,104,3
204047,8,1
204047,74,1
204048,40,1
204048,17,1
204048,42,4
204048,78,1
204049,50,2
204049,68,2
204050,2,1
204051,66,2
204051,6,1
204051,71,3
204051,8,1
204051,49,1
204052,4,1
204052,12,1
204052,120,1
204052,25,1
204052,94,1
204053,17,3
204053,11,1
204053,86,1
204053,79,1
204054,80,4
204054,2,1
204054,53,4
204054,46,1
204055,5,6
204056,116,1
204056,41,1
204056,74,1
204056,100,1
204057,37,2
204057,35,1
204057,5,2
204058,108,5
204058,93,2
204058,111,3
204059,80,7
204059,16,1
204060,26,1
204060,19,1
204060,63,1
204061,59,2
204061,86,5
204062,16,2
204062,60,5
204062,62,1
204063,18,2
204063,60,4
204063,52,1
204064,97,5
204064,93,2
204065,16,5
204065,118,2
204065,14,1
204066,96,2
204066,57,1
204067,115,3
204067,34,2
204067,11,1
204067,76,1
204068,48,1
204068,59,3
204069,42,1
204069,11,4
204069,17,1
204069,21,1
204069,61,1
204070,34,1
204070,11,1
204071,112,1
204072,41,1
204072,33,1
204073,83,5
204073,52,1
204073,4,2
204074,57,1
204074,41,2
204075,1,1
204075,102,2
204076,85,8
204077,83,1
204077,99,1
204077,117,1
204078,4,5
204078,29,1
204078,38,1
204079,118,1
204080,106,5
204081,66,1
204081,92,1
204081,37,1
204082,96,1
204082,8,5
204082,119,2
204083,64,1
204083,89,5
204083,57,1
204084,13,3
204084,46,2
204084,47,3
204085,120,12
204086,67,1
204086,51,5
204087,51,7
204088,4,1
204088,87,1
204089,9,2
204089,23,3
204090,28,6
204091,1,3
204091,99,3
204092,65,1
204092,108,2
204092,13,1
204093,29,8
204093,38,2
204094,19,1
204094,51,1
204094,20,1
204095,2,1
204095,45,1
204095,53,1
204096,63,1
204096,71,2
204097,41,1
204097,54,1
204097,7,1
204098,84,2
204098,53,3
204099,65,7
204099,118,2
204099,87,1
204099,90,1
204099,60,1
204100,105,3
204100,58,1
204100,59,1
204101,9,11
204101,116,1
204102,45,1
204102,93,3
204103,58,4
204103,28,1
204103,22,1
204104,48,6
204105,49,1
204105,116,1
204106,88,1
204106,97,1
204106,19,2
204106,5,2
204107,66,4
204107,43,2
204107,84,2
204108,42,5
204109,8,1
204110,32,3
204110,75,2
204110,91,4
204110,60,1
204111,32,1
204111,41,2
204111,3,1
204112,82,1
204112,35,1
204113,91,3
204113,106,3
204113,51,1
204114,89,2
204114,1,1
204114,21,4
204114,23,1
204115,17,4
204115,51,4
204116,66,1
204116,11,1
204116,44,1
204116,6,1
204117,17,5
204117,99,1
204117,4,1
204118,10,8
204119,65,1
204119,67,1
204119,52,1
204119,45,1
204120,26,1
204120,110,1
204121,81,1
204121,1,3
204121,11,1
204121,103,1
204122,3,3
204122,7,1
204122,103,1
204123,33,1
204123,75,1
204124,97,3
204124,94,2
204125,65,4
204125,1,1
204125,15,1
204125,57,1
204125,60,1
204126,49,1
204127,49,1
204127,23,1
204127,87,1
204128,51,1
204129,84,4
204129,47,2
204130,16,1
204130,115,2
204130,102,1
204131,108,4
204131,105,2
204131,72,2
204131,4,1
204132,5,1
204132,45,1
204133,104,1
204133,46,1
204133,15,1
204133,47,1
204133,17,1
204134,66,4
204134,43,1
204134,30,1
204135,56,1
204135,35,1
204135,6,1
204136,89,1
204136,99,1
204136,44,3
204136,6,1
204137,49,2
204137,50,6
204138,9,6
204138,5,1
204139,29,7
204140,19,2
204141,67,2
204141,4,2
204141,49,1
204141,21,1
204141,53,2
204142,72,5
204142,11,1
204142,39,2
204143,60,2
204143,70,2
204144,33,5
204145,86,1
204145,39,4
204146,15,3
204146,23,8
204147,77,7
204148,57,1
204148,106,5
204149,110,8
204149,95,3
204150,96,6
204150,53,1
204151,96,2
204151,1,2
204151,56,1
204151,84,1
204152,113,1
204152,103,1
204153,48,8
204154,4,6
204154,78,1
204155,102,5
204155,69,1
204155,46,2
204156,56,3
204156,35,1
204156,37,1
204156,15,3
204157,41,1
204157,26,1
204157,44,1
204157,46,1
204158,41,1
204158,92,3
204158,117,1
204159,32,1
204159,106,1
204159,37,1
204160,16,1
204160,48,3
204160,5,1
204160,110,1
204161,80,3
204161,20,1
204161,45,1
204162,81,2
204162,95,1
204162,55,1
204163,1,2
204163,4,2
204163,6,2
204163,48,1
204163,93,2
204164,66,3
204164,38,2
204165,43,2
204165,20,1
204165,78,4
204166,56,1
204166,57,2
204166,7,2
204167,10,1
204167,2,1
204168,73,1
204168,10,1
204168,3,1
204168,34,1
204169,56,1
204169,66,1
204169,90,2
204170,73,2
204170,99,2
204170,85,1
204170,118,1
204171,41,1
204171,50,2
204172,113,1
204172,27,1
204172,7,1
204172,15,1
204173,80,1
204173,45,1
204173,95,1
204174,4,6
204174,39,1
204175,52,5
204176,73,1
204176,78,1
204177,1,2
204177,26,2
204178,27,1
204178,3,2
204178,7,2
204179,8,1
204179,101,1
204179,15,1
204180,16,2
204180,2,1
204180,115,1
204181,3,3
204181,52,2
204182,104,2
204182,90,1
204182,51,2
204183,80,2
204183,105,2
204184,60,1
204184,14,2
204184,71,3
204185,52,1
204185,30,1
204186,99,1
204187,18,1
204187,61,1
204187,93,1
204187,47,1
204188,48,1
204188,34,3
204188,51,1
204189,34,4
204189,4,1
204189,28,1
204190,45,1
204190,13,1
204191,69,3
204192,46,4
204192,17,1
204192,27,1
204192,94,1
204193,58,1
204193,5,2
204193,14,6
204194,50,3
204194,28,3
204194,7,1
204195,8,5
204195,10,2
204195,85,1
204196,88,1
204196,33,1
204196,29,5
204197,7,5
204197,9,1
204197,51,1
204197,57,1
204197,30,1
204198,96,1
204198,5,1
204199,28,1
204199,45,1
204200,48,1
204201,102,1
204201,13,4
204201,111,1
204201,117,1
204201,29,2
204202,115,1
204203,37,4
204203,46,6
204204,108,3
204204,54,1
204204,44,1
204204,102,1
204205,4,1
204205,45,1
204205,118,2
204206,13,1
204206,70,1
204207,70,1
204207,63,10
204208,51,1
204208,12,1
204208,7,1
204209,56,3
204209,7,1
204210,58,4
204211,51,1
204211,39,1
204212,99,4
204213,56,4
204213,18,3
204213,35,1
204213,52,1
204214,52,3
204215,59,7
204216,59,3
204216,39,2
204217,74,2
204217,36,1
204217,14,4
204218,59,1
204218,50,1
204218,11,1
204219,44,2
204220,88,1
204220,60,2
204220,53,3
204221,41,1
204222,17,3
204222,50,1
204222,75,1
204223,32,2
204223,18,3
204223,118,1
204223,31,1
204224,49,1
204224,58,4
204224,12,1
204225,1,4
204226,72,4
204226,59,6
204227,33,1
204227,74,1
204227,42,1
204228,90,4
204229,2,1
204229,18,2
204229,7,1
204230,32,11
204231,9,1
204231,78,1
204232,33,1
204232,15,4
204233,48,6
204234,16,4
204234,58,1
204234,36,1
204235,46,1
204235,9,1
204235,70,1
204236,50,1
204237,7,1
204237,78,3
204237,119,1
204237,60,1
204237,95,1
204238,16,1
204238,58,1
204238,59,1
204238,38,1
204239,41,1
204239,45,4
204239,71,2
204240,55,1
204241,57,1
204241,14,1
204241,15,1
204242,57,1
204242,90,3
204242,51,1
204242,86,1
204243,64,2
204243,105,1
204244,50,7
204244,68,1
204244,110,1
204245,64,6
204246,9,7
204246,60,1
204246,41,1
204247,34,5
204247,46,1
204247,23,1
204248,60,8
204249,14,1
204250,10,5
204251,70,1
204251,47,1
204251,20,1
204251,53,1
204251,28,1
204252,4,2
204252,101,1
204253,100,5
204253,30,1
204253,63,2
204254,18,5
204254,31,3
204255,17,6
204256,49,4
204256,67,1
204256,1,1
204257,36,1
204257,29,9
204258,80,1
204258,84,1
204258,46,4
204259,58,6
204259,109,4
204259,47,1
204260,57,2
204260,92,1
204260,30,1
204260,60,1
204261,20,7
204262,18,2
204262,60,4
204262,85,2
204263,12,1
204263,76,6
204264,59,3
204264,74,1
204264,51,3
204264,44,1
204265,41,3
204265,10,1
204265,28,1
204265,102,2
204266,96,2
204266,54,6
204267,49,3
204267,13,1
204268,50,2
204268,37,1
204268,6,1
204268,98,1
204269,3,4
204270,11,6
204271,112,5
204271,114,2
204271,51,1
204272,25,1
204272,51,1
204272,92,1
204272,45,1
204273,120,1
204273,61,2
204274,113,3
204274,3,2
204274,57,3
204275,85,1
204275,53,2
204276,48,2
204276,41,2
204276,2,1
204276,103,2
204277,49,4
204277,4,2
204278,49,1
204278,118,5
204279,48,1
204279,41,1
204279,59,1
204280,11,7
204280,69,1
204281,120,3
204281,17,1
204281,51,1
204281,57,1
204282,42,5
204282,63,2
204283,29,8
204284,24,1
204284,9,1
204284,61,1
204284,22,1
204285,32,4
204285,17,1
204285,51,5
204286,33,1
204286,108,2
204286,12,2
204287,10,4
204287,76,1
204287,106,1
204288,104,1
204288,107,1
204288,52,2
204289,56,1
204289,90,3
204289,88,1
204289,112,1
204290,105,1
204290,52,1
204291,3,1
204292,111,5
204293,15,1
204294,80,3
204294,89,1
204294,46,1
204295,88,1
204295,22,1
204296,1,1
204296,119,1
204297,35,7
204298,19,1
204298,68,1
204299,8,5
204299,25,1
204299,102,1
204300,14,1
204301,2,1
204301,72,3
204301,41,1
204301,46,1
204301,56,1
204302,27,7
204302,110,1
204303,104,3
204303,16,1
204303,29,4
204304,59,2
204304,13,5
204305,8,2
204305,49,4
204305,10,1
204306,42,4
204306,83,1
204306,5,2
204307,57,1
204307,60,1
204307,45,1
204308,56,7
204308,1,1
204309,93,6
204310,81,2
204310,99,1
204310,45,1
204311,26,1
204311,15,1
204312,58,4
204313,45,3
204313,47,1
204314,3,3
204314,7,1
204314,108,2
204314,54,1
204314,93,1
204315,98,3
204315,7,1
204315,23,1
204316,106,4
204316,13,2
204316,30,1
204317,67,2
204317,19,2
204317,47,1
204318,88,8
204319,72,1
204319,68,2
204319,5,1
204320,88,3
204320,97,2
204321,91,1
204322,76,5
204322,101,1
204322,110,2
204323,8,2
204323,28,1
204323,53,1
204323,44,1
204324,99,6
204325,8,1
204325,50,3
204325,59,3
204326,115,1
204327,17,3
204327,51,1
204327,85,2
204327,54,1
204328,15,1
204328,47,1
204329,46,1
204329,6,1
204330,3,1
204330,69,1
204331,32,3
204331,54,3
204332,72,1
204332,58,1
204332,34,3
204332,22,3
204333,74,3
204333,11,7
204333,108,1
204333,76,1
204333,23,1
204334,56,4
204335,16,1
204335,19,1
204335,39,1
204336,18,1
204336,50,1
204336,19,1
204336,44,1
204337,98,1
204337,71,1
204337,40,1
204337,42,1
204337,81,1
204338,100,3
204338,45,1
204338,13,2
204338,16,1
204338,22,1
204339,4,1
204339,17,3
204339,51,4
204339,22,1
204339,29,2
204340,105,1
204340,68,1
204340,102,2
204341,83,1
204341,4,3
204342,67,8
204343,3,3
204344,49,4
204344,83,3
204345,59,3
204345,87,5
204346,112,1
204346,66,3
204346,14,3
204347,120,1
204347,69,4
204348,50,2
204348,6,2
204349,104,1
204350,23,6
204351,72,1
204351,49,1
204351,9,1
204352,10,2
204352,62,4
204353,16,1
204353,49,2
204354,24,1
204354,17,1
204354,26,1
204355,41,3
204355,109,1
204355,14,3
204356,104,5
204357,26,1
204357,31,1
204358,56,1
204358,16,1
204358,23,3
204359,60,1
204360,45,1
204360,53,1
204361,10,1
204361,110,1
204362,56,7
204362,9,1
204363,26,1
204363,35,2
204363,55,3
204364,20,1
204364,54,9
204365,105,1
204365,42,1
204365,6,1
204366,107,7
204367,65,1
204367,103,1
204367,11,1
204367,18,1
204367,85,1
204368,31,5
204369,98,2
204369,44,2
204369,70,1
204370,22,2
204370,103,4
204371,47,10
204372,4,3
204372,8,1
204372,116,1
204372,53,1
204372,54,1
204373,17,6
204373,3,1
204373,46,1
204374,41,2
204374,46,1
204375,52,3
204376,48,1
204376,1,5
204376,53,1
204377,9,3
204377,4,2
204377,37,1
204377,6,1
204378,108,4
204379,1,5
204379,5,1
204379,110,1
204380,8,3
204380,119,1
204380,95,1
204380,103,1
204381,112,1
204381,53,1
204382,88,2
204382,49,1
204382,99,1
204383,90,1
204383,116,1
204383,21,1
204384,7,8
204385,2,1
204385,47,1
204386,34,1
204386,84,2
204386,74,1
204387,17,3
204387,22,1
204387,7,2
204388,40,5
204388,61,1
204389,69,1
204389,8,4
204389,86,1
204389,55,3
204389,24,1
204390,12,4
204390,53,1
204390,78,2
204391,48,3
204391,82,2
204391,100,1
204392,48,1
204392,18,1
204393,2,1
204393,39,1
204394,9,1
204394,4,1
204395,16,1
204395,89,1
204396,10,3
204396,76,1
204396,4,1
204397,33,1
204397,35,1
204397,52,1
204397,14,1
204398,10,2
204398,19,1
204398,95,2
204399,44,2
204399,47,4
204399,51,1
204399,56,1
204399,28,1
204400,120,1
204400,47,1
204401,17,5
204401,35,1
204401,14,1
204401,7,1
204402,96,1
204402,40,2
204402,42,1
204402,108,1
204402,18,1
204403,24,5
204404,50,1
204404,36,1
204404,109,1
204405,110,3
204405,14,1
204405,47,1
204406,16,1
204406,5,1
204407,120,2
204407,115,5
204407,44,1
204407,45,1
204408,53,6
204408,62,1
204408,55,1
204409,17,2
204409,29,6
204410,9,1
204410,15,1
204410,6,1
204410,111,2
204411,6,1
204411,79,1
204412,93,5
204413,41,6
204413,60,1
204413,53,1
204414,1,3
204414,3,1
204414,48,1
204414,19,1
204414,95,1
204415,16,1
204415,26,1
204415,115,1
204416,8,1
204416,41,1
204416,13,1
204417,49,6
204418,84,7
204419,34,1
204419,45,1
204419,6,2
204420,60,6
204420,5,1
204421,8,3
204421,50,1
204422,1,5
204422,35,1
204422,6,1
204422,74,1
204422,55,1
204423,2,6
204424,67,1
204424,74,1
204424,59,1
204424,52,1
204425,12,1
204426,45,8
204427,49,1
204428,16,1
204428,2,1
204428,117,2
204428,54,1
204429,46,1
204430,44,6
204431,72,1
204431,43,1
204431,71,1
204432,15,5
204433,3,4
204433,108,2
204434,8,5
204435,41,4
204436,101,5
204437,6,1
204438,67,1
204438,43,6
204439,8,1
204439,110,1
204440,20,8
204441,15,2
204442,50,1
204442,38,6
204443,36,2
204444,7,6
204445,110,2
204446,66,2
204446,19,2
204447,49,5
204447,54,1
204448,61,1
204448,45,1
204448,15,1
204449,75,1
204449,39,1
204450,50,2
204450,45,1
204450,21,1
204451,61,1
204452,17,1
204452,55,2
204452,95,1
204452,31,2
204453,73,4
204453,9,1
204453,27,1
204454,71,2
204454,102,1
204454,7,1
204455,47,7
204456,48,1
204456,73,2
204456,43,1
204456,55,1
204457,88,1
204457,114,1
204457,55,1
204458,96,3
204458,76,8
204458,7,1
204459,26,7
204460,40,7
204460,50,3
204461,5,3
204461,74,1
204461,42,1
204461,54,1
204461,94,1
204462,44,3
204463,106,1
204463,19,1
204463,13,1
204463,39,1
204464,26,2
204464,55,3
204465,20,8
204466,68,8
204467,65,1
204467,61,4
204467,30,1
204468,20,1
204468,4,7
204469,43,1
204469,53,1
204470,60,6
204470,30,2
204470,7,2
204471,8,1
204471,23,4
204472,24,4
204472,19,2
204472,52,5
204473,26,5
204473,14,2
204474,51,1
204474,45,1
204475,11,4
204475,3,3
204475,6,1
204476,72,6
204476,52,2
204476,53,1
204477,67,1
204477,102,1
204477,6,4
204478,16,2
204478,36,1
204478,102,2
204478,55,1
204479,9,3
204479,78,1
204479,14,1
204480,60,4
204480,38,1
204481,8,1
204481,19,1
204482,97,1
204482,111,4
204483,6,4
204484,2,1
204484,117,1
204484,47,1
204485,72,1
204485,58,5
204486,92,1
204486,55,2
204486,86,1
204486,47,1
204487,41,1
204487,93,1
204487,79,1
204487,71,2
204488,88,5
204489,32,5
204490,47,6
204491,56,1
204491,72,1
204491,6,1
204492,16,1
204492,18,2
204493,42,4
204494,59,4
204494,100,4
204494,60,1
204495,49,1
204495,3,3
204495,108,2
204496,51,1
204496,28,1
204496,14,1
204497,25,7
204497,41,1
204498,5,7
204499,35,2
204499,39,1
204499,103,1
204499,49,1
204499,61,1
204500,89,2
204500,42,2
204500,70,3
204501,2,4
204501,19,4
204501,44,4
204502,16,1
204503,8,2
204503,62,6
204504,110,2
204504,38,2
204505,26,6
204505,53,1
204505,30,1
204506,113,1
204506,2,1
204506,99,1
204507,99,6
204508,33,1
204508,55,1
204509,27,1
204509,70,1
204509,7,2
204510,45,8
204511,49,1
204511,53,4
204512,57,6
204513,20,1
204514,86,7
204515,72,1
204515,44,2
204516,56,3
204516,64,1
204516,3,1
204516,14,1
204517,43,1
204517,12,5
204518,49,2
204518,19,1
204518,53,1
204518,59,1
204518,29,1
204519,1,3
204519,90,1
204519,46,1
204519,7,1
204520,8,7
204520,100,2
204521,56,4
204521,74,1
204521,117,1
204521,55,2
204522,49,1
204522,50,1
204522,118,7
204523,90,3
204524,7,1
204524,46,2
204524,52,1
204524,60,2
204524,95,2
204525,53,3
204525,102,1
204526,4,2
204526,70,1
204526,10,1
204526,22,1
204526,29,1
204527,35,3
204527,23,1
204528,13,6
204529,9,5
204530,88,1
204530,47,6
204531,3,5
204532,100,8
204533,5,6
204533,95,1
204533,47,1
204534,44,6
204535,48,2
204535,1,4
204535,62,2
204536,44,5
204537,89,3
204537,60,6
204538,1,1
204538,2,1
204538,79,2
204539,41,2
204539,3,1
204539,111,1
204540,60,4
204541,21,10
204542,17,1
204542,42,3
204542,99,1
204543,68,5
204543,54,1
204544,75,1
204544,52,1
204544,46,2
204545,3,1
204545,67,1
204545,100,1
204545,61,1
204546,46,1
204547,35,3
204547,14,5
204548,9,1
204548,26,4
204548,117,1
204548,55,1
204549,49,2
204550,99,2
204551,7,7
204552,113,5
204552,115,3
204553,8,3
204553,11,3
204553,21,1
204553,56,1
204553,26,1
204554,49,1
204554,51,4
204555,56,1
204555,58,2
204555,53,1
204555,5,1
204556,97,1
204556,60,1
204556,76,1
204557,1,1
204557,6,1
204557,41,1
204557,11,1
204557,51,1
204558,81,1
204558,69,4
204559,45,1
204559,46,2
204559,16,1
204559,85,2
204559,26,2
204560,40,1
204560,28,1
204560,96,1
204561,34,1
204561,11,4
204561,76,3
204562,61,2
204562,54,1
204563,53,3
204563,12,2
204563,4,3
204564,18,1
204564,44,1
204564,45,1
204564,111,1
204565,17,7
204565,36,1
204566,97,4
204566,46,1
204566,47,1
204566,26,1
204566,30,1
204567,76,3
204568,49,4
204569,86,4
204570,62,1
204570,18,1
204570,115,1
204570,6,1
204571,48,6
204571,27,1
204571,60,1
204572,92,4
204573,56,5
204573,111,2
204574,60,3
204575,101,7
204576,81,6
204576,35,1
204577,11,7
204578,17,3
204578,58,4
204579,74,1
204579,11,7
204580,114,5
204580,83,2
204580,47,1
204581,89,7
204581,18,1
204582,118,4
204583,11,4
204583,29,1
204583,103,2
204584,58,6
204585,48,2
204585,51,2
204585,107,3
204586,88,2
204586,90,1
204586,59,1
204586,37,1
204587,16,4
204587,54,2
204588,96,1
204588,57,1
204588,99,1
204588,69,1
204589,83,1
204589,53,4
204589,70,1
204589,15,1
204590,42,2
204590,21,4
204591,51,3
204591,2,1
204591,27,1
204591,60,1
204592,72,1
204592,114,1
204593,105,2
204593,66,6
204594,50,4
204595,16,1
204595,8,1
204595,64,6
204596,96,2
204596,8,1
204596,114,1
204596,60,2
204597,106,1
204597,28,1
204598,12,1
204598,87,1
204599,38,6
204599,46,1
204600,28,9
204601,13,3
204601,15,2
204602,65,6
204602,102,2
204603,24,3
204603,11,1
204603,67,1
204603,4,1
204604,30,1
204604,39,5
204605,51,2
204605,3,1
204605,13,1
204605,43,1
204606,48,3
204606,8,1
204606,18,2
204607,30,1
204608,106,1
204608,21,1
204608,46,1
204609,19,1
204609,103,2
204609,55,1
204610,52,2
204611,3,4
204611,83,2
204611,56,2
204611,115,2
204612,17,1
204612,115,1
204612,52,1
204612,23,1
204612,88,1
204613,12,4
204613,13,1
204613,38,3
204613,47,2
204614,80,3
204614,49,1
204614,62,1
204614,17,1
204615,11,3
204615,23,3
204616,103,1
204616,116,2
204616,117,1
204616,92,1
204617,96,2
204617,69,4
204618,27,2
204618,55,6
204619,32,3
204619,119,7
204620,15,6
204621,51,3
204621,45,5
204622,56,1
204622,100,3
204622,60,2
204623,51,1
204624,10,5
204624,74,3
204624,15,1
204624,19,1
204624,52,1
204625,8,1
204625,18,1
204626,113,2
204626,45,3
204627,20,4
204627,86,2
204627,103,2
204628,110,3
204628,7,4
204629,10,4
204629,90,1
204630,96,2
204630,112,3
204631,106,6
204632,90,3
204632,29,1
204633,117,5
204633,46,1
204634,2,1
204634,58,1
204634,42,1
204635,60,3
204635,21,8
204636,93,1
204636,22,1
204637,18,3
204637,42,1
204637,93,2
204638,49,5
204639,31,5
204640,57,3
204640,12,2
204640,29,5
204641,34,6
204641,18,1
204641,45,1
204642,8,4
204642,60,4
204643,9,2
204643,58,5
204644,57,1
204644,90,8
204645,52,2
204645,117,1
204645,23,1
204646,24,1
204646,37,1
204647,29,3
204647,45,3
204647,55,1
204648,37,1
204649,66,9
204650,88,2
204650,19,4
204650,54,1
204651,75,2
204651,76,4
204652,25,4
204652,110,1
204652,54,1
204652,94,1
204653,8,3
204653,43,3
204653,6,1
204653,47,1
204654,94,7
204654,15,2
204655,48,1
204655,8,7
204656,9,1
204656,34,6
204657,54,1
204657,30,3
204658,14,7
204659,56,1
204659,55,1
204660,57,1
204661,80,1
204661,12,2
204661,37,1
204661,86,2
204662,8,3
204662,68,2
204663,102,1
204663,29,3
204663,46,3
204664,9,2
204664,12,1
204664,71,4
204665,115,1
204666,8,8
204666,29,2
204667,89,1
204667,44,1
204667,49,2
204667,15,1
204668,64,4
204668,26,2
204668,106,1
204669,112,9
204670,25,1
204670,70,5
204671,9,1
204671,94,2
204671,46,3
204671,49,1
204672,51,2
204672,44,2
204672,13,1
204673,35,2
204673,102,2
204673,6,1
204673,50,1
204673,117,1
204674,112,4
204674,59,2
204674,114,1
204674,56,1
204675,110,4
204676,97,2
204676,31,4
204676,119,2
204677,60,1
204678,2,2
204678,46,1
204678,103,1
204679,16,1
204679,77,1
204679,110,1
204680,59,7
204681,91,4
204681,118,1
204682,73,4
204682,91,1
204682,19,1
204682,110,1
204683,56,1
204683,57,1
204683,38,1
204684,112,1
204684,41,1
204684,68,4
204684,116,1
204685,6,3
204685,40,1
204685,8,1
204685,76,1
204685,14,1
204686,44,4
204686,102,2
204687,11,1
204687,12,1
204687,54,1
204687,23,1
204687,26,1
204688,59,1
204689,49,6
204690,49,1
204690,4,1
204690,22,1
204691,44,5
204691,55,1
204692,41,3
204692,3,2
204692,61,1
204693,54,2
204693,31,7
204694,50,1
204694,14,1
204695,72,3
204695,4,3
204695,86,1
204695,7,1
204696,106,1
204696,70,1
204697,59,1
204697,69,1
204698,17,1
204698,12,3
204698,36,3
204699,90,6
204700,47,2
204700,30,3
204700,7,1
204701,80,4
204702,98,4
204702,101,1
204702,40,2
204702,45,1
204702,24,1
204703,11,1
204703,4,3
204703,37,1
204704,40,2
204705,50,1
204706,24,5
204706,20,1
204707,64,1
204707,10,4
204707,60,1
204708,113,1
204708,26,1
204709,53,2
204709,37,1
204709,45,1
204710,3,1
204710,14,1
204711,34,5
204711,51,3
204712,100,4
204712,58,3
204712,12,1
204713,5,6
204714,68,2
204714,15,3
204715,48,1
204715,25,1
204715,107,1
204715,44,1
204716,4,6
204717,20,5
204717,86,1
204717,39,2
204718,49,1
204718,60,2
204718,110,2
204719,25,1
204719,66,2
204719,58,3
204719,63,1
204720,33,2
204720,12,1
204720,114,1
204720,118,2
204720,23,1
204721,8,1
204721,27,1
204722,115,4
204722,55,2
204723,82,4
204723,43,1
204723,12,1
204723,90,1
204724,64,1
204724,14,5
204725,2,1
204725,44,2
204725,53,1
204725,78,5
204726,14,1
204727,116,4
204727,54,4
204728,49,2
204728,51,2
204728,38,3
204729,98,3
204729,99,3
204729,71,2
204730,2,3
204730,83,3
204731,9,2
204731,16,1
204731,49,2
204731,53,1
204731,26,1
204732,106,2
204732,20,2
204733,48,1
204733,18,1
204733,76,1
204734,116,1
204734,30,1
204734,76,2
204735,8,1
204735,20,4
204736,98,3
204736,9,4
204736,76,1
204736,80,2
204736,52,1
204737,50,11
204738,4,6
204738,101,1
204738,46,1
204739,99,2
204739,51,1
204739,27,5
204740,40,1
204740,15,3
204741,2,3
204741,3,2
204741,7,1
204742,62,2
204742,92,2
204742,102,1
204742,119,3
204743,46,1
204744,42,1
204744,20,1
204744,30,1
204745,96,5
204746,18,5
204746,36,1
204746,90,2
204747,16,1
204748,88,7
204749,90,2
204749,44,1
204749,52,1
204750,33,6
204751,3,2
204751,109,4
204752,63,6
204753,113,1
204753,18,1
204754,72,4
204754,105,1
204755,107,5
204756,96,2
204756,8,3
204756,64,1
204757,117,1
204757,95,1
204758,4,1
204758,14,2
204758,92,8
204759,34,1
204760,41,2
204760,34,6
204761,80,1
204761,35,1
204761,60,1
204762,113,4
204763,41,1
204764,76,3
204764,93,6
204765,88,4
204765,66,1
204765,71,2
204766,54,7
204767,75,1
204767,29,1
204768,5,1
204769,2,3
204769,11,3
204770,22,4
204771,16,1
204771,57,1
204772,8,5
204772,51,5
204773,90,5
204773,3,1
204773,30,1
204773,111,1
204774,87,6
204775,101,9
204776,114,4
204776,67,1
204776,53,1
204777,32,3
204777,82,1
204777,38,2
204778,2,3
204778,91,2
204779,120,3
204779,98,1
204779,115,2
204779,4,1
204780,9,1
204780,30,1
204781,32,4
204781,68,1
204781,44,1
204782,50,5
204782,70,2
204783,49,3
204783,45,4
204784,3,1
204784,14,6
204785,101,1
204786,41,5
204786,21,3
204787,66,1
204787,54,6
204788,24,1
204788,49,1
204788,48,1
204789,2,2
204790,8,5
204790,23,1
204791,48,1
204791,59,1
204792,8,1
204792,26,1
204792,99,1
204792,30,1
204793,120,2
204793,51,1
204794,83,4
204795,61,2
204795,77,2
204796,58,2
204796,43,1
204796,86,3
204796,47,1
204797,112,2
204797,81,2
204797,91,1
204797,7,2
204798,104,1
204798,17,1
204798,70,1
204799,60,1
204799,29,1
204800,12,8
204801,82,1
204801,44,1
204801,13,1
204802,20,1
204802,5,1
204802,44,1
204803,60,2
204803,22,6
204804,44,7
204804,102,2
204805,49,3
204805,84,1
204805,22,1
204805,47,1
204806,3,3
204806,59,1
204806,29,1
204806,23,2
204807,3,1
204807,109,1
204808,4,2
204809,8,3
204809,16,4
204810,102,2
204810,42,1
204810,19,1
204810,55,2
204810,25,1
204811,54,2
204811,95,1
204812,36,4
204813,40,6
204813,75,2
204814,8,2
204814,98,1
204814,88,1
204814,6,1
204815,26,1
204815,59,4
204815,4,2
204815,117,1
204816,45,1
204817,96,1
204817,15,1
204818,82,5
204818,59,2
204818,14,1
204819,16,1
204819,57,1
204819,50,1
204820,120,1
204820,118,1
204821,57,2
204821,51,1
204821,9,1
204821,87,1
204822,105,5
204822,1,2
204823,1,3
204823,3,2
204824,16,5
204824,92,4
204824,30,1
204825,1,2
204825,75,3
204826,42,5
204826,117,4
204827,9,5
204827,106,1
204827,85,1
204827,30,1
204828,1,1
204828,85,6
204829,56,1
204829,57,2
204829,43,1
204829,24,1
204830,25,2
204830,95,1
204830,79,1
204831,74,6
204831,58,1
204832,96,4
204832,115,1
204833,83,1
204834,56,1
204834,11,1
204834,15,1
204835,97,1
204835,30,1
204836,21,3
204836,85,3
204836,101,1
204837,20,5
204838,49,3
204838,43,1
204838,63,1
204839,49,8
204839,43,1
204839,44,1
204840,98,1
204840,10,2
204840,42,1
204840,52,2
204840,22,1
204841,75,3
204841,86,4
204842,113,4
204842,59,1
204842,20,1
204843,29,2
204843,11,2
204843,117,1
204844,114,1
204844,5,2
204844,13,1
204845,21,5
204846,27,4
204846,21,1
204847,5,8
204848,49,8
204849,45,7
204849,7,1
204850,19,1
204850,90,1
204850,11,1
204851,112,1
204851,32,1
204851,60,1
204852,49,1
204852,84,1
204852,38,3
204853,34,3
204853,44,3
204853,18,1
204853,20,1
204853,61,1
204854,70,3
204855,80,4
204855,40,1
204855,54,4
204856,37,1
204856,84,1
204856,117,1
204857,40,2
204857,46,1
204857,54,2
204857,15,1
204858,25,3
204858,10,5
204859,64,1
204859,25,4
204859,81,1
204859,15,1
204860,48,1
204860,10,1
204860,45,1
204861,83,1
204861,7,4
204862,44,5
204863,112,1
204863,81,1
204863,83,1
204863,105,1
204864,35,7
204865,71,4
204866,5,1
204866,47,4
204867,98,2
204867,52,4
204867,56,1
204867,58,1
204867,95,1
204868,43,4
204869,11,1
204869,29,2
204870,49,1
204870,75,3
204870,28,2
204871,41,1
204871,26,1
204872,48,2
204872,19,1
204872,7,1
204873,24,7
204873,49,1
204874,17,4
204874,108,2
204874,44,1
204874,86,1
204875,54,1
204876,30,3
204877,51,9
204878,48,2
204878,99,1
204879,7,1
204880,25,3
204880,63,3
204881,9,4
204881,106,3
204882,107,1
204882,18,1
204882,58,1
204882,75,1
204883,8,4
204883,7,2
204884,41,3
204884,107,2
204885,56,4
204885,63,4
204886,46,7
204887,50,2
204887,114,2
204888,26,1
204889,20,6
204889,92,3
204889,39,1
204890,97,2
204890,12,1
204891,51,1
204891,5,1
204892,16,1
204892,114,3
204892,96,3
204892,29,1
204893,26,1
204893,84,1
204894,42,1
204894,58,5
204894,55,2
204895,2,3
204895,13,2
204895,23,1
204896,65,1
204896,14,1
204897,64,1
204897,90,1
204897,38,1
204898,51,1
204899,52,5
204899,68,3
204900,59,2
204900,77,1
204900,119,3
204901,59,3
204901,67,4
204901,118,2
204902,46,2
204902,63,3
204903,8,3
204903,25,9
204903,35,1
204904,54,1
204905,9,1
204905,15,1
204906,38,1
204906,57,1
204906,56,1
204906,6,1
204907,41,1
204907,44,7
204908,67,1
204908,70,1
204908,42,1
204908,107,1
204908,78,2
204909,49,5
204910,48,3
204910,58,4
204910,60,1
204911,105,8
204911,26,2
204911,4,2
204911,37,1
204912,74,5
204913,48,1
204913,49,1
204913,45,1
204913,6,1
204914,6,5
204915,83,1
204916,34,1
204917,114,1
204917,7,1
204917,6,1
204917,111,1
204918,26,1
204918,68,1
204918,55,2
204919,120,3
204919,63,1
204920,97,4
204920,58,3
204921,8,4
204921,33,2
204921,43,2
204922,16,1
204922,57,1
204922,1,1
204923,97,1
204924,10,3
204924,11,2
204924,69,2
204925,26,8
204926,98,2
204926,87,6
204927,117,9
204928,68,1
204929,73,3
204930,88,1
204930,34,1
204931,8,6
204931,68,2
204931,44,1
204932,2,2
204932,43,3
204933,9,1
204933,84,1
204934,9,4
204934,10,2
204934,50,1
204935,57,1
204935,119,1
204936,108,3
204936,39,6
204937,75,1
204938,33,2
204938,11,2
204939,113,1
204939,35,1
204939,68,3
204939,17,1
204940,26,4
204940,6,3
204941,4,9
204942,41,8
204943,56,1
204943,27,1
204943,6,1
204943,111,1
204944,67,1
204944,100,1
204945,35,3
204945,6,5
204945,41,1
204945,42,1
204945,119,1
204946,87,5
204947,66,1
204947,2,2
204947,51,2
204947,13,2
204948,70,2
204948,7,3
204949,1,1
204949,105,2
204949,51,3
204949,54,1
204949,57,1
204950,17,1
204950,34,1
204951,75,2
204951,59,4
204951,78,1
204951,119,1
204952,50,6
204953,49,7
204954,21,3
204954,43,1
204954,45,1
204954,114,1
204955,119,1
204956,19,4
204956,110,4
204956,59,1
204956,54,1
204957,8,5
204958,9,2
204958,68,2
204958,22,1
204958,119,1
204959,52,2
204959,28,1
204959,110,1
204960,9,3
204960,2,1
204960,18,1
204961,15,2
204961,117,1
204961,56,1
204961,60,1
204961,29,1
204962,72,1
204962,34,3
204962,36,2
204962,37,1
204963,90,1
204963,107,1
204963,62,1
204964,41,1
204964,54,2
204964,1,2
204965,104,5
204965,70,2
204966,97,1
204966,52,1
204967,103,1
204967,13,5
204967,45,1
204967,15,1
204967,28,1
204968,99,8
204969,49,1
204969,21,1
204969,17,1
204970,11,4
204970,60,2
204970,78,1
204971,80,1
204971,10,1
204971,7,1
204972,48,1
204972,18,2
204972,12,1
204972,38,1
204973,88,2
204973,13,1
204973,87,1
204973,79,1
204974,1,1
204975,16,3
204975,18,1
204975,36,2
204975,13,1
204976,10,3
204976,29,8
204977,44,1
204978,37,5
204979,1,1
204979,2,3
204980,91,1
204980,118,1
204981,48,2
204981,41,1
204981,52,1
204981,76,2
204982,44,5
204983,34,2
204983,103,1
204983,46,1
204983,15,1
204983,92,1
204984,8,2
204984,49,1
204984,4,1
204984,52,1
204985,25,1
204986,18,3
204986,50,1
204986,14,5
204987,6,3
204988,8,2
204988,49,1
204988,13,1
204988,9,1
204989,20,4
204990,120,1
204990,90,1
204990,29,1
204991,116,2
204991,93,4
204992,17,5
204992,51,1
204992,23,1
204992,56,1
204992,61,1
204993,80,1
204993,12,1
204994,33,2
204994,61,1
204994,46,2
204995,91,7
204996,49,2
204996,44,1
204996,117,3
204996,102,2
204997,60,1
204997,77,2
204998,34,1
204998,55,1
204999,72,1
204999,75,1
204999,110,1
204999,111,1
205000,65,4
205000,108,2
205001,26,1
205001,36,1
205001,13,1
205001,84,3
205002,104,2
205002,58,1
205002,79,1
205003,9,1
205003,90,3
205003,108,1
205004,2,1
205004,91,2
205004,12,1
205004,55,1
205005,104,4
205005,72,1
205005,85,1
205005,13,1
205006,40,1
205006,54,2
205006,47,1
205007,19,8
205007,55,1
205008,25,3
205008,42,1
205008,3,3
205009,27,1
205009,94,3
205009,15,3
205010,32,1
205010,82,1
205011,43,1
205011,7,1
205011,46,1
205011,119,1
205012,2,1
205012,119,1
205013,59,7
205014,56,4
205014,92,1
205014,30,1
205015,9,6
205016,53,1
205017,9,1
205017,69,5
205017,97,2
205018,33,1
205018,71,3
205019,18,1
205019,111,4
205020,53,5
205020,37,1
205021,12,2
205021,22,2
205022,16,1
205022,52,3
205023,48,1
205023,116,1
205023,20,1
205024,60,3
205025,56,1
205025,85,2
205026,24,1
205026,97,7
205027,37,2
205027,44,1
205027,21,3
205028,32,5
205028,96,5
205029,6,3
205029,106,1
205029,107,1
205029,16,1
205029,22,1
205030,9,2
205031,42,1
205032,65,1
205032,42,1
205032,66,1
205033,105,1
205033,12,1
205033,77,1
205033,14,1
205034,10,8
205034,79,1
205034,6,1
205034,63,1
205035,57,3
205035,20,2
205035,85,1
205036,81,1
205036,57,1
205036,110,1
205036,17,1
205037,105,3
205037,78,1
205037,111,2
205037,114,1
205037,51,1
205038,1,9
205039,57,4
205040,99,4
205041,81,1
205042,56,5
205042,65,1
205042,3,2
205042,4,1
205043,36,1
205043,44,7
205044,66,1
205044,54,4
205045,15,8
205046,25,1
205046,20,1
205046,47,1
205047,9,1
205047,100,1
205048,41,2
205048,99,1
205048,4,2
205049,2,1
205049,71,1
205049,41,1
205049,42,1
205049,51,1
205050,2,1
205050,50,6
205051,82,1
205051,109,3
205052,50,3
205052,43,1
205052,78,1
205052,55,1
205053,34,4
205053,78,5
205054,56,3
205054,11,3
205055,59,1
205055,47,1
205056,32,1
205056,5,1
205056,106,4
205056,77,1
205056,114,1
205057,38,4
205057,119,9
205058,108,2
205058,4,3
205059,119,1
205060,112,2
205060,40,1
205060,107,1
205061,11,1
205061,44,1
205061,37,1
205062,8,3
205063,44,1
205063,93,1
205063,60,1
205063,111,1
205064,108,2
205064,37,1
205064,110,1
205065,40,2
205065,3,1
205065,69,1
205065,23,2
205066,42,1
205066,11,2
205066,71,1
205067,16,4
205067,74,5
205068,3,4
205068,107,1
205068,22,1
205069,33,1
205069,34,3
205069,36,2
205069,73,2
205069,16,1
205070,8,2
205070,97,3
205070,43,2
205071,42,1
205071,52,2
205072,88,7
205073,37,1
205074,90,5
205074,76,2
205074,94,1
205075,11,2
205075,85,4
205076,20,3
205077,28,3
205077,61,2
205078,120,4
205078,34,5
205079,8,1
205079,9,1
205079,59,3
205080,4,5
205081,81,6
205081,5,1
205081,53,3
205082,81,1
205082,68,5
205082,71,2
205083,98,1
205083,13,3
205083,14,1
205083,57,1
205083,62,1
205084,18,1
205084,6,4
205085,56,1
205085,1,1
205085,107,1
205085,9,1
205086,50,4
205086,47,4
205087,48,1
205087,15,5
205088,56,3
205088,14,5
205089,2,4
205089,4,2
205089,50,1
205089,114,1
205089,29,1
205090,120,1
205090,20,1
205090,45,1
205091,56,1
205091,26,1
205091,108,2
205092,56,1
205092,51,5
205092,46,1
205093,21,1
205094,2,3
205094,59,4
205095,32,3
205095,52,2
205096,81,1
205096,49,2
205096,44,1
205097,112,1
205097,10,2
205098,94,5
205098,7,3
205099,119,3
205100,82,1
205100,11,1
205100,12,1
205100,61,1
205101,106,5
205101,119,3
205102,19,1
205102,10,1
205102,29,1
205102,69,2
205103,18,1
205103,78,1
205104,10,2
205104,43,2
205104,87,3
205105,51,2
205105,84,2
205105,14,1
205106,81,3
205106,68,6
205107,64,1
205107,50,3
205108,56,1
205108,115,2
205108,45,1
205109,65,7
205110,8,2
205110,65,3
205111,83,6
205111,43,2
205112,48,7
205113,14,9
205114,2,2
205114,23,1
205114,52,3
205114,15,1
205115,48,4
205115,59,1
205115,84,1
205115,38,1
205116,1,2
205116,87,1
205116,113,1
205116,47,2
205117,36,2
205117,79,6
205118,49,3
205118,117,1
205118,38,2
205118,17,2
205119,67,1
205120,45,8
205121,27,2
205121,60,1
205121,78,1
205122,29,2
205122,119,6
205123,9,3
205123,18,2
205123,78,3
205124,112,4
205124,34,1
205124,15,1
205125,21,1
205125,39,1
205126,41,2
205126,106,1
205127,17,3
205128,41,6
205128,90,2
205128,45,2
205129,103,8
205130,44,1
205130,55,6
205131,18,1
205131,93,2
205131,7,5
205132,65,1
205132,6,1
205133,69,1
205133,6,2
205134,102,2
205135,104,3
205135,13,1
205135,15,1
205136,8,5
205136,41,1
205136,13,1
205136,111,1
205137,13,5
205138,8,5
205138,41,2
205139,80,2
205140,81,4
205140,43,1
205140,7,1
205141,21,5
205142,80,2
205142,18,3
205142,26,1
205142,27,1
205143,34,2
205143,2,1
205144,32,1
205144,26,1
205144,58,1
205145,46,2
205145,11,1
205145,62,1
205146,18,4
205146,37,3
205147,13,1
205148,12,2
205148,60,7
205149,5,4
205150,54,2
205150,41,1
205150,44,1
205150,22,2
205151,41,1
205151,12,1
205152,99,2
205152,88,2
205152,35,2
205152,77,3
205153,24,1
205153,28,1
205153,95,1
205153,119,1
205154,57,1
205154,17,3
205154,103,1
205155,107,1
205155,31,1
205156,50,1
205156,43,1
205156,44,3
205156,61,2
205157,98,6
205158,11,1
205158,117,1
205159,18,1
205160,8,1
205160,41,1
205160,27,1
205160,5,1
205161,88,2
205161,22,2
205162,96,1
205162,59,4
205162,70,1
205163,113,1
205163,53,1
205164,10,3
205164,69,1
205164,78,3
205164,111,1
205165,60,3
205165,54,5
205166,9,1
205166,106,1
205166,4,3
205166,97,1
205167,10,5
205167,11,3
205168,56,2
205168,18,3
205168,102,2
205168,118,2
205169,58,1
205170,58,3
205170,85,1
205170,14,1
205171,29,1
205171,61,1
205171,111,2
205172,41,2
205172,42,2
205173,8,1
205173,68,1
205174,68,10
205175,9,5
205175,4,1
205176,8,1
205176,50,1
205177,36,8
205178,89,2
205178,60,1
205178,53,1
205179,17,4
205179,19,3
205180,37,4
205181,68,1
205181,102,1
205181,31,3
205182,56,3
205182,61,2
205182,101,3
205183,108,6
205183,36,1
205183,63,1
205184,80,3
205184,108,2
205184,70,2
205185,3,1
205185,92,1
205185,117,1
205185,62,1
205186,64,5
205186,10,1
205186,26,1
205186,98,4
205187,2,1
205187,59,1
205188,56,2
205188,65,1
205188,27,1
205188,54,1
205189,66,3
205189,52,3
205190,120,5
205190,1,2
205190,60,1
205190,12,2
205191,58,4
205192,104,4
205192,27,3
205192,7,2
205193,56,3
205193,62,3
205194,85,2
205194,46,6
205195,41,3
205195,66,1
205195,76,1
205195,37,1
205196,42,3
205196,7,3
205197,32,2
205197,90,1
205197,69,1
205197,37,4
205198,82,4
205198,5,2
205198,23,1
205199,105,1
205199,61,5
205200,58,1
205201,35,1
205201,46,1
205201,111,1
205201,114,1
205201,53,1
205202,61,5
205203,72,1
205203,41,2
205203,24,2
205204,18,4
205204,59,3
205205,17,1
205205,63,1
205206,42,1
205206,36,5
205206,102,2
205207,48,3
205207,4,1
205207,38,4
205208,41,3
205208,58,3
205209,100,1
205209,68,1
205209,30,2
205210,36,5
205210,7,1
205211,104,2
205211,58,1
205211,96,2
205211,36,1
205212,113,4
205212,38,1
205213,49,1
205213,111,1
205214,64,1
205214,89,1
205214,25,1
205215,40,1
205215,19,1
205216,15,1
205216,46,1
205216,55,1
205217,115,2
205217,51,1
205217,4,1
205217,54,1
205218,41,1
205218,28,1
205218,101,1
205219,5,1
205219,112,2
205219,54,1
205219,87,1
205219,60,1
205220,88,1
205220,2,4
205221,74,1
205221,106,4
205221,76,1
205221,49,1
205221,120,1
205222,66,1
205222,44,1
205222,15,1
205223,17,1
205223,34,1
205223,50,1
205223,38,1
205224,16,5
205224,113,3
205224,59,4
205225,49,3
205225,18,1
205226,46,3
205227,18,2
205227,91,3
205228,42,9
205229,84,1
205229,55,1
205230,17,7
205231,36,1
205231,101,6
205231,47,1
205232,56,1
205232,51,1
205232,60,1
205232,52,1
205233,41,8
205233,53,2
205234,53,8
205234,15,2
205235,88,2
205235,58,1
205235,29,1
205236,48,2
205236,59,3
205237,118,4
205238,33,1
205238,55,1
205239,86,6
205240,11,7
205241,12,1
205242,72,1
205242,4,1
205243,42,3
205243,75,2
205243,7,1
205244,120,4
205244,24,2
205245,116,5
205245,45,1
205246,74,11
205246,44,1
205246,31,1
205247,28,1
205247,47,4
205248,28,2
205249,17,2
205249,75,2
205250,9,9
205251,100,1
205251,5,1
205252,60,7
205253,69,2
205253,5,6
205254,46,2
205254,107,4
205254,38,1
205255,89,1
205255,46,1
205256,42,1
205256,34,7
205257,2,1
205257,12,1
205257,28,3
205257,119,3
205258,40,4
205259,40,1
205259,10,3
205259,111,1
205260,80,3
205260,68,1
205260,77,1
205261,17,6
205261,20,1
205262,16,2
205262,17,2
205262,52,3
205262,61,1
205263,92,1
205263,76,3
205263,15,2
205264,98,1
205264,19,5
205265,19,10
205266,62,1
205266,16,1
205266,30,1
205266,39,1
205267,86,1
205267,30,1
205268,101,4
205269,8,6
205269,10,2
205270,50,5
205270,22,3
205271,65,1
205271,57,1
205271,74,1
205272,96,1
205272,9,1
205272,55,1
205272,15,1
205273,65,2
205273,21,1
205274,111,1
205275,35,4
205275,34,1
205275,51,1
205275,55,1
205276,32,1
205276,15,1
205277,88,5
205277,89,1
205277,72,1
205277,19,1
205278,58,1
205278,26,3
205279,41,3
205279,78,1
205279,49,2
205279,20,1
205279,23,1
205280,120,1
205281,115,8
205282,90,4
205282,13,2
205282,71,2
205283,2,2
205283,109,6
205284,17,1
205285,38,1
205285,46,3
205286,113,2
205286,20,4
205286,45,2
205287,13,8
205287,3,1
205287,85,2
205288,86,1
205288,7,1
205289,115,1
205290,59,1
205291,16,4
205291,11,3
205292,99,10
205292,119,1
205293,22,2
205294,57,1
205294,12,1
205294,7,1
205295,32,4
205295,40,1
205295,119,1
205296,8,5
205297,96,1
205297,74,1
205297,43,1
205297,52,1
205297,30,1
205298,35,1
205298,63,2
205299,64,3
205299,2,1
205299,116,1
205300,80,1
205300,10,1
205300,75,3
205301,4,1
205301,61,1
205301,38,1
205301,76,1
205302,114,2
205302,55,1
205303,16,2
205303,1,2
205303,65,1
205303,55,1
205304,58,1
205304,99,1
205304,37,1
205304,15,1
205305,41,2
205305,19,1
205305,7,3
205306,48,1
205306,105,1
205306,64,1
205307,120,4
205307,19,1
205307,22,2
205308,88,5
205308,18,1
205309,63,10
205310,10,1
205310,37,5
205311,105,1
205311,53,1
205312,93,7
205313,90,1
205313,42,5
205314,38,1
205314,10,1
205314,4,1
205314,78,1
205315,42,5
205315,107,1
205315,5,3
205316,50,2
205316,19,1
205316,5,1
205317,37,1
205317,9,3
205317,11,1
205317,78,1
205317,47,2
205318,76,12
205319,50,4
205319,69,1
205319,54,1
205319,87,1
205320,48,1
205320,12,1
205320,118,1
205321,4,6
205321,28,1
205321,52,1
205322,106,5
205323,2,1
205323,8,1
205323,10,1
205323,80,1
205323,112,1
205324,29,1
205324,13,1
205324,46,1
205324,87,1
205325,93,3
205326,48,1
205326,83,1
205327,16,5
205327,75,2
205328,8,1
205328,49,8
205329,41,3
205329,43,1
205329,36,1
205329,62,1
205330,88,1
205330,20,1
205331,115,4
205331,88,1
205331,43,1
205331,68,1
205332,49,7
205332,109,2
205333,75,4
205334,5,2
205334,46,1
205334,15,1
205334,48,2
205334,49,2
205335,58,3
205335,4,2
205336,6,2
205336,87,2
205337,4,2
205337,22,7
205338,12,8
205339,60,4
205339,46,1
205339,39,1
205340,72,2
205340,118,3
205341,112,4
205341,57,2
205341,60,2
205341,93,1
205342,44,2
205342,5,5
205343,40,6
205343,21,1
205344,41,3
205344,42,2
205344,1,1
205345,16,1
205345,18,1
205346,61,1
205347,1,3
205347,19,2
205347,12,1
205348,12,4
205349,84,5
205349,44,4
205349,52,1
205350,49,10
205351,116,1
205352,4,7
205353,99,1
205353,116,1
205354,56,8
205355,51,1
205355,101,1
205355,14,1
205355,7,1
205356,8,1
205356,34,1
205356,55,1
205357,18,11
205358,86,6
205358,22,2
205359,8,4
205359,9,2
205359,31,1
205359,15,1
205360,117,1
205361,113,1
205361,11,1
205362,47,2
205362,6,1
205362,31,5
205363,53,8
205364,4,2
205364,46,2
205364,112,3
205364,52,1
205364,53,1
205365,88,1
205365,48,6
205366,96,1
205366,33,1
205366,27,1
205366,86,1
205367,92,2
205367,6,6
205368,46,1
205368,21,1
205368,14,1
205369,41,1
205369,90,1
205370,57,1
205370,46,1
205371,57,1
205371,19,5
205372,56,4
205372,9,3
205372,38,1
205373,19,3
205373,12,1
205373,45,3
205373,55,2
205374,24,5
205374,4,1
205374,109,1
205375,40,1
205375,4,1
205375,100,1
205375,5,1
205376,97,1
205376,50,1
205376,3,1
205376,86,1
205377,96,1
205377,16,2
205377,4,1
205377,15,1
205378,12,3
205378,46,1
205379,18,5
205379,115,4
205379,60,1
205380,72,2
205380,18,2
205380,61,1
205381,17,1
205381,15,5
205382,78,3
205382,51,2
205382,20,1
205382,23,2
205382,55,1
205383,90,1
205383,115,2
205384,9,1
205384,42,2
205384,11,3
205384,27,1
205384,62,1
205385,72,2
205385,10,2
205385,19,4
205385,95,1
205386,96,1
205386,1,2
205386,111,3
205386,52,2
205386,90,2
205387,17,1
205387,50,1
205387,20,1
205387,69,1
205388,98,5
205389,67,1
205389,68,1
205389,85,1
205389,46,1
205390,59,4
205390,83,1
205391,34,2
205391,45,1
205392,104,3
205392,12,5
205392,45,1
205392,95,2
205393,104,5
205394,64,2
205394,83,2
205394,22,1
205395,100,2
205395,62,1
205395,60,1
205396,11,1
205396,109,1
205396,16,2
205396,92,1
205396,63,1
205397,53,5
205397,22,1
205397,47,1
205398,82,9
205399,55,1
205400,40,8
205400,49,2
205401,100,1
205401,84,1
205402,4,1
205402,100,1
205402,43,4
205402,21,1
205402,55,1
205403,44,3
205403,109,3
205404,120,5
205404,8,2
205404,64,1
205405,65,1
205405,33,1
205405,58,1
205405,115,1
205406,99,4
205406,46,3
205407,70,4
205407,14,1
205408,50,2
205408,19,5
205409,120,1
205409,18,1
205409,10,1
205410,43,7
205411,50,1
205411,5,1
205412,2,1
205412,28,1
205412,5,1
205413,92,2
205413,61,1
205413,38,2
205413,15,1
205414,10,4
205414,11,1
205414,60,1
205414,6,1
205415,64,1
205415,102,1
205415,55,1
205416,104,3
205416,25,1
205416,40,1
205416,59,2
205417,14,3
205417,63,5
205418,106,1
205418,107,1
205419,97,1
205419,26,5
205420,96,1
205420,66,1
205420,8,2
205420,20,1
205420,30,2
205421,40,1
205422,41,2
205422,18,1
205423,18,6
205424,90,3
205424,12,1
205424,74,1
205424,94,1
205425,105,3
205425,43,2
205425,14,2
205425,95,1
205426,40,4
205426,49,1
205427,22,3
205427,55,2
205428,57,1
205429,36,2
205429,53,1
205430,17,1
205430,5,2
205430,13,1
205430,9,1
205431,60,2
205431,7,5
205432,28,6
205433,11,2
205433,28,3
205433,13,1
205434,59,10
205435,73,5
205436,14,1
205436,103,2
205437,62,5
205438,33,1
205438,13,1
205438,46,1
205438,52,1
205438,57,1
205439,9,2
205439,99,3
205440,44,11
205441,24,1
205441,51,1
205441,20,1
205441,78,1
205442,1,5
205442,9,3
205443,82,9
205444,58,7
205445,19,2
205445,46,4
205446,56,9
205447,88,4
205448,96,2
205448,18,1
205449,21,7
205450,8,2
205450,17,1
205450,2,1
205450,15,1
205451,16,1
205452,51,6
205453,56,1
205453,50,1
205453,19,1
205454,34,2
205454,110,1
205454,47,7
205455,1,5
205456,24,3
205456,5,1
205456,77,3
205457,58,1
205457,98,1
205458,71,6
205459,5,4
205460,32,1
205460,42,1
205460,53,1
205461,45,1
205461,22,4
205462,64,1
205462,4,9
205463,12,5
205463,5,3
205464,120,3
205464,33,5
205465,33,4
205465,28,2
205465,45,2
205466,15,1
205467,15,3
205468,64,3
205468,21,1
205469,43,1
205469,90,1
205469,83,2
205469,95,1
205470,2,2
205470,5,1
205470,10,3
205470,76,1
205470,111,1
205471,45,1
205471,15,1
205472,8,1
205472,67,1
205472,7,1
205473,58,1
205473,2,1
205474,99,7
205475,9,3
205475,36,1
205475,41,2
205476,57,1
205476,118,4
205476,6,1
205477,4,7
205478,48,1
205478,102,1
205479,96,1
205479,34,1
205479,118,1
205480,10,1
205480,6,1
205481,57,1
205481,99,1
205482,68,1
205482,5,1
205482,30,1
205482,103,1
205483,65,1
205483,68,4
205483,10,1
205483,49,1
205483,52,1
205484,57,1
205485,35,1
205486,18,1
205486,39,7
205487,33,1
205487,62,1
205488,52,8
205489,52,4
205490,97,1
205490,4,2
205490,11,3
205490,44,1
205490,92,1
205491,65,1
205491,45,1
205491,62,2
205492,64,1
205492,34,1
205493,8,1
205493,1,1
205493,66,5
205493,7,1
205494,13,6
205495,81,4
205495,63,1
205496,3,1
205496,84,1
205497,89,2
205497,28,3
205497,92,2
205498,51,2
205498,68,4
205499,101,1
205499,61,5
205499,94,1
205500,117,1
205500,84,2
205500,37,1
205501,18,2
205501,2,1
205501,116,4
205501,101,1
205502,50,2
205503,64,1
205503,68,1
205503,55,1
205503,60,1
205503,29,1
205504,24,1
205504,27,2
205504,108,1
205504,15,1
205505,58,4
205506,8,2
205506,9,1
205506,31,1
205507,9,5
205507,75,2
205508,60,2
205508,21,4
205509,16,1
205509,95,5
205510,27,3
205510,100,1
205510,95,4
205511,9,1
205512,100,1
205512,77,1
205512,23,1
205513,18,1
205513,42,1
205513,43,1
205514,18,4
205514,12,1
205514,53,1
205515,49,3
205515,59,2
205515,60,1
205515,39,1
205516,48,1
205516,119,8
205517,46,2
205517,14,2
205518,53,1
205518,13,2
205519,32,1
205519,106,1
205520,105,2
205520,82,1
205520,71,1
205521,96,3
205521,57,3
205521,12,1
205521,41,1
205522,10,4
205522,46,1
205522,15,1
205523,49,3
205523,44,2
205523,69,1
205524,50,7
205525,66,3
205525,93,4
205525,31,2
205526,40,2
205526,117,4
205527,114,2
205527,10,1
205527,110,1
205528,16,2
205528,11,1
205529,40,1
205529,50,1
205529,85,2
205530,69,4
205530,86,2
205531,75,4
205531,23,1
205531,5,1
205531,63,1
205532,38,2
205532,117,1
205532,21,1
205532,55,1
205532,62,1
205533,17,2
205533,75,1
205533,46,1
205534,61,2
205534,3,1
205534,21,1
205535,51,5
205535,36,1
205535,22,2
205536,104,2
205536,42,2
205536,101,1
205536,46,2
205537,88,3
205537,58,4
205538,8,3
205538,34,1
205538,60,1
205539,40,1
205539,17,2
205539,18,1
205539,54,1
205540,96,1
205540,23,1
205541,9,4
205541,66,2
205541,2,2
205542,42,1
205543,24,4
205544,88,1
205544,112,1
205544,93,1
205544,47,1
205545,81,4
205545,19,1
205545,47,2
205546,1,4
205547,32,3
205547,70,5
205548,41,1
205548,10,3
205548,85,1
205549,25,3
205549,58,1
205549,12,1
205550,53,2
205550,21,2
205551,49,2
205551,6,2
205552,57,2
205552,60,2
205552,7,2
205553,16,1
205553,112,7
205554,56,1
205554,55,2
205555,113,1
205555,28,3
205555,37,2
205555,47,1
205556,19,4
205556,117,1
205556,87,1
205557,32,1
205557,36,1
205557,102,3
205557,20,1
205557,57,2
205558,73,1
205558,84,5
205559,85,1
205560,8,3
205560,12,4
205561,15,5
205562,52,5
205563,96,1
205563,18,6
205564,48,3
205564,42,1
205564,56,1
205564,119,1
205565,33,3
205565,47,2
205565,48,1
205565,116,1
205565,89,2
205566,48,6
205567,40,1
205567,19,1
205567,36,1
205567,103,1
205568,89,2
205568,91,1
205568,86,2
205568,15,1
205569,41,1
205569,51,1
205569,30,1
205570,14,10
205571,68,2
205571,6,1
205572,26,7
205573,40,1
205573,41,1
205573,72,1
205573,21,1
205574,50,3
205574,35,2
205575,9,2
205575,20,4
205575,53,2
205576,49,2
205576,19,1
205576,108,2
205576,5,1
205577,86,2
205578,40,3
205578,73,1
205578,43,1
205578,30,1
205579,34,2
205579,36,2
205580,17,8
205581,33,1
205581,2,8
205582,107,3
205582,60,1
205582,14,1
205583,9,1
205583,4,1
205583,79,1
205583,92,1
205584,71,2
205584,16,1
205584,113,1
205584,83,1
205584,30,1
205585,83,8
205586,69,1
205586,6,1
205587,33,1
205587,37,1
205587,14,2
205587,47,1
205587,61,1
205588,17,1
205588,10,1
205588,19,1
205589,11,1
205589,4,6
205590,40,5
205590,97,1
205590,22,1
205591,56,1
205591,18,1
205591,46,1
205591,6,1
205592,81,1
205592,36,1
205592,54,1
205593,41,1
205593,28,5
205594,8,1
205594,25,1
205594,12,1
205595,79,1
205596,50,2
205596,26,1
205597,112,1
205597,91,1
205597,30,1
205598,1,1
205599,52,3
205600,18,2
205600,108,2
205600,30,1
205601,10,1
205601,63,3
205602,33,3
205602,85,2
205603,98,1
205603,39,1
205604,42,2
205604,27,2
205604,60,1
205604,94,2
205605,54,2
205606,72,1
205606,41,1
205606,51,2
205606,20,3
205607,44,10
205608,45,1
205608,85,5
205609,12,1
205609,5,1
205610,59,1
205610,29,1
205610,78,1
205611,52,1
205612,96,1
205612,77,1
205612,53,1
205612,55,1
205612,89,1
205613,28,1
205613,5,1
205614,105,1
205614,55,3
205615,56,5
205615,107,2
205615,4,1
205615,101,1
205616,46,1
205617,25,2
205617,26,2
205618,98,4
205618,46,1
205619,52,3
205619,29,6
205620,99,5
205620,64,2
205620,75,2
205621,64,1
205621,95,1
205622,17,5
205622,44,5
205623,96,3
205624,59,1
205624,38,1
205625,2,2
205625,58,2
205625,6,2
205626,28,2
205626,77,1
205626,14,4
205627,2,1
205628,80,3
205628,97,1
205628,40,2
205629,46,2
205630,33,1
205630,14,1
205631,12,3
205631,54,3
205632,72,4
205633,49,7
205634,60,2
205634,101,3
205634,103,2
205635,105,2
205636,27,1
205636,6,10
205637,19,3
205637,91,5
205637,117,2
205638,70,5
205639,16,2
205639,114,1
205639,19,1
205639,87,1
205640,88,1
205640,43,1
205640,29,1
205640,6,1
205641,92,1
205642,12,2
205642,78,5
205643,9,2
205643,109,2
205644,1,2
205644,91,2
205644,49,3
205645,90,7
205645,45,1
205646,8,1
205646,40,1
205646,47,1
205647,62,3
205647,103,4
205648,34,9
205649,16,3
205649,93,1
205650,20,1
205650,45,1
205650,47,2
205651,16,1
205651,56,4
205651,40,1
205651,78,2
205652,25,6
205652,33,1
205653,108,1
205653,84,1
205653,44,3
205654,26,3
205654,118,1
205654,70,2
205655,80,1
205655,8,4
205656,8,3
205656,105,4
205657,108,1
205657,59,5
205657,20,1
205658,16,3
205658,108,3
205658,77,1
205658,14,1
205659,19,3
205660,25,5
205660,27,2
205661,49,5
205661,106,2
205662,37,4
205663,112,1
205663,116,3
205663,29,2
205663,14,3
205664,77,4
205664,7,2
205665,1,1
205665,50,1
205665,19,1
205665,86,1
205665,26,1
205666,32,3
205666,1,1
205666,118,3
205667,10,5
205668,6,4
205668,47,1
205669,104,2
205669,106,5
205669,31,1
205670,108,3
205670,51,2
205670,12,3
205671,58,2
205672,12,1
205672,69,5
205673,8,3
205673,37,1
205673,55,2
205674,91,1
205675,41,1
205675,51,1
205676,16,1
205676,9,2
205676,26,2
205677,72,1
205677,89,2
205677,86,1
205678,19,2
205678,113,4
205678,18,1
205678,43,1
205679,3,3
205679,55,6
205679,47,1
205680,41,2
205680,98,1
205680,60,4
205681,26,2
205682,2,1
205682,54,4
205683,51,1
205683,27,2
205683,4,1
205684,74,1
205684,66,6
205685,101,3
205685,73,1
205685,16,1
205685,51,1
205685,57,1
205686,9,2
205686,37,3
205687,80,1
205687,25,1
205688,32,1
205688,18,3
205688,66,4
205689,47,5
205690,70,2
205690,71,1
205690,41,1
205690,47,2
205690,21,1
205691,16,1
205691,53,1
205692,16,3
205692,99,1
205692,52,1
205693,64,1
205693,27,1
205693,100,1
205693,13,1
205694,85,2
205694,54,1
205695,84,1
205696,66,2
205696,4,2
205696,5,4
205697,97,1
205697,18,1
205697,21,1
205697,111,1
205698,9,1
205698,11,1
205698,59,3
205699,27,6
205699,4,1
205699,103,1
205700,33,4
205700,27,2
205700,12,1
205701,9,1
205702,116,2
205703,25,1
205703,111,1
205703,7,1
205704,50,1
205704,28,4
205704,21,3
205705,48,8
205706,34,1
205706,92,1
205706,106,1
205707,56,1
205707,107,1
205707,53,1
205708,7,3
205708,62,2
205708,39,2
205709,109,1
205709,6,3
205710,115,1
205710,100,2
205710,21,1
205710,110,2
205711,103,5
205712,57,2
205712,42,4
205712,99,3
205713,9,4
205713,49,1
205713,55,1
205713,57,1
205713,31,1
205714,1,3
205715,51,1
205715,31,3
205716,2,2
205716,12,1
205716,55,1
205716,26,2
205716,60,1
205717,20,1
205717,39,1
205718,4,9
205719,48,3
205719,106,3
205720,74,3
205720,38,6
205721,1,6
205721,105,2
205722,74,1
205723,65,1
205723,2,1
205723,3,1
205723,51,1
205724,84,10
205725,37,2
205725,9,2
205725,13,1
205725,87,1
205725,58,1
205726,16,1
205726,10,1
205727,50,1
205728,59,7
205729,78,1
205729,79,2
205730,74,1
205730,27,1
205731,70,3
205731,19,1
205731,46,3
205731,14,1
205732,59,1
205732,84,1
205732,55,1
205733,118,3
205734,58,3
205734,35,3
205734,5,1
205734,30,1
205735,33,1
205735,9,1
205736,33,3
205737,49,4
205738,120,3
205738,21,1
205739,42,1
205740,40,2
205740,53,1
205741,49,1
205742,19,4
205743,16,3
205743,33,3
205744,9,8
205745,24,3
205745,1,4
205745,20,1
205745,47,1
205746,8,2
205746,90,3
205746,100,3
205747,108,2
205747,20,6
205748,43,6
205748,11,1
205749,96,4
205749,7,1
205750,80,1
205750,106,1
205750,37,1
205750,55,1
205751,37,3
205751,53,4
205752,57,1
205753,50,1
205753,118,1
205754,65,8
205755,25,2
205755,60,1
205756,8,2
205756,50,2
205756,20,1
205756,21,1
205757,51,3
205757,30,1
205758,57,6
205759,120,1
205759,18,1
205760,56,4
205760,11,1
205761,25,3
205762,76,3
205762,94,5
205763,25,3
205763,51,2
205763,36,1
205763,69,1
205764,53,3
205764,5,3
205764,115,1
205764,45,1
205765,34,3
205765,93,3
205766,34,3
205767,89,5
205767,14,3
205768,97,1
205768,53,8
205769,5,7
205770,51,1
205771,9,1
205771,5,5
205772,20,8
205773,16,3
205773,9,5
205774,8,4
205774,42,1
205774,44,1
205774,23,1
205774,60,1
205775,58,2
205775,55,2
205775,15,4
205776,10,1
205776,51,3
205777,89,3
205777,66,3
205778,83,5
205779,3,5
205780,116,2
205780,102,1
205781,40,1
205781,31,1
205782,75,1
205783,45,7
205784,50,1
205784,44,2
205785,105,1
205785,2,1
205786,9,3
205786,3,2
205786,12,1
205786,118,1
205787,52,4
205788,41,3
205788,83,1
205788,105,1
205789,72,8
205790,118,4
205791,120,3
205791,51,1
205791,67,1
205792,8,1
205792,11,1
205792,60,1
205792,20,1
205793,34,5
205794,96,3
205794,113,6
205795,41,3
205795,26,3
205796,38,2
205797,57,4
205797,35,1
205798,2,3
205798,18,2
205798,42,1
205799,66,2
205799,100,1
205799,7,1
205799,18,1
205799,89,1
205800,97,1
205801,62,1
205801,50,2
205801,59,1
205801,54,1
205802,25,1
205802,59,1
205802,46,1
205803,33,2
205803,10,2
205803,28,3
205803,101,1
205804,28,1
205804,118,1
205805,75,1
205806,10,1
205806,26,4
205806,83,2
205806,109,1
205807,56,5
205807,45,1
205808,43,3
205808,92,6
205809,113,5
205809,44,1
205809,69,2
205810,90,1
205810,29,1
205811,119,7
205812,10,1
205812,116,4
205812,117,1
205813,17,6
205814,34,1
205814,19,1
205815,56,1
205815,60,2
205815,46,2
205816,2,5
205816,4,2
205817,74,8
205818,33,1
205818,36,1
205819,98,6
205819,35,1
205819,37,1
205819,38,1
205820,81,1
205820,52,2
205820,102,1
205821,39,3
205821,63,6
205822,41,6
205822,44,2
205822,77,1
205822,47,1
205823,8,1
205823,57,1
205823,90,1
205824,4,11
205825,24,1
205825,101,1
205826,80,1
205826,17,1
205826,61,1
205827,64,3
205828,120,4
205829,90,3
205829,51,1
205829,54,1
205830,11,1
205830,52,5
205830,102,1
205831,42,3
205831,27,9
205832,43,1
205832,103,2
205833,48,8
205833,6,1
205834,72,4
205834,38,1
205835,107,6
205835,85,1
205836,81,2
205836,87,3
205837,51,1
205838,6,1
205839,70,1
205839,102,7
205840,58,7
205841,42,4
205842,49,1
205843,12,3
205844,60,1
205845,16,5
205845,10,1
205845,108,2
205845,37,2
205846,100,5
205846,57,2
205846,44,1
205847,12,4
205847,4,3
205848,1,1
205848,42,1
205848,60,1
205848,34,1
205849,16,8
205849,31,1
205850,48,4
205850,26,1
205850,114,2
205851,25,7
205851,46,2
205852,56,1
205852,22,6
205853,65,1
205853,98,1
205853,78,2
205853,49,1
205854,103,4
205854,14,2
205854,55,1
205855,56,1
205855,17,5
205855,50,1
205855,1,1
205856,46,3
205856,118,1
205856,91,3
205856,6,1
205857,107,3
205857,43,2
205858,72,1
205858,1,1
205859,15,7
205860,37,6
205861,60,2
205861,45,3
205861,94,1
205862,64,4
205862,8,5
205863,89,5
205864,56,3
205864,50,2
205864,55,2
205864,71,2
205865,29,3
205866,41,7
205866,74,1
205866,14,2
205867,40,3
205867,97,3
205867,20,1
205867,105,1
205868,9,2
205868,59,5
205869,49,4
205869,59,1
205869,9,1
205870,32,1
205870,2,3
205870,13,3
205870,46,1
205870,94,1
205871,9,1
205871,2,1
205871,54,1
205872,36,4
205872,50,1
205872,51,1
205872,22,1
205872,60,1
205873,100,1
205873,20,1
205873,15,1
205874,27,2
205874,108,2
205875,44,8
205875,45,1
205876,1,1
205876,59,1
205876,30,1
205877,1,1
205877,59,5
205878,100,2
205878,49,2
205878,58,2
205878,91,1
205878,31,3
205879,11,6
205880,42,4
205880,110,1
205880,30,1
205881,32,1
205881,5,1
205882,56,3
205882,80,2
205883,49,2
205883,30,3
205883,102,1
205883,63,2
205884,76,8
205885,120,1
205885,33,1
205886,80,1
205886,57,1
205887,50,1
205888,40,1
205888,49,1
205888,58,1
205888,3,2
205889,47,1
205889,86,1
205889,7,1
205890,32,4
205890,43,4
205890,13,2
205891,11,1
205891,47,3
205892,2,3
205892,46,4
205893,48,1
205893,34,1
205894,97,4
205894,34,3
205894,13,1
205895,99,3
205896,97,4
205896,59,2
205897,51,4
205897,4,4
205898,24,2
205898,61,5
205899,56,3
205899,22,3
205900,92,1
205900,85,1
205901,49,1
205901,50,1
205902,57,2
205902,11,1
205902,79,2
205903,3,1
205903,37,5
205904,31,5
205905,49,1
205905,58,3
205906,42,4
205906,59,1
205906,94,3
205907,56,2
205907,45,2
205908,83,3
205908,21,3
205908,71,2
205909,61,1
205909,3,1
205909,13,1
205909,15,1
205910,66,5
205910,74,1
205910,77,1
205911,105,4
205911,3,1
205911,94,1
205912,27,2
205912,60,4
205912,31,2
205913,109,2
205913,28,5
205913,29,1
205914,65,1
205914,103,2
205915,58,2
205915,26,1
205915,116,1
205915,53,1
205916,59,1
205916,92,1
205917,92,1
205917,94,1
205918,80,1
205918,115,2
205918,20,1
205918,63,3
205919,66,1
205919,70,1
205919,38,1
205919,44,3
205919,23,1
205920,24,5
205920,20,2
205920,23,1
205921,107,8
205922,88,1
205922,3,1
205922,14,1
205923,47,8
205924,16,3
205924,18,1
205924,107,1
205924,118,1
205925,78,1
205925,23,3
205926,70,6
205927,35,6
205928,43,2
205929,72,1
205929,77,7
205930,5,1
205930,23,1
205931,16,4
205932,100,8
205933,97,3
205933,20,7
205934,28,1
205934,7,1
205934,79,2
205934,47,1
205935,2,2
205935,18,1
205935,4,1
205935,53,1
205936,57,3
205936,34,1
205936,7,1
205937,43,1
205938,14,4
205939,56,1
205939,26,1
205939,53,1
205940,9,1
205940,11,2
205940,84,2
205941,16,1
205941,58,1
205941,71,2
205942,2,8
205942,86,1
205943,16,2
205943,58,5
205944,21,1
205944,79,1
205945,96,6
205946,48,1
205946,5,1
205946,7,1
205947,2,1
205947,52,3
205948,61,5
205948,37,2
205948,78,1
205949,107,2
205949,60,2
205949,61,1
205949,94,2
205950,35,1
205950,28,1
205950,87,1
205951,1,1
205951,6,1
205951,107,1
205951,54,2
205951,60,1
205952,88,1
205952,23,1
205953,24,9
205954,36,1
205955,6,7
205956,1,4
205956,7,3
205957,58,1
205957,100,3
205957,94,1
205958,80,2
205958,98,3
205959,58,1
205959,2,5
205960,24,2
205960,60,3
205961,1,3
205961,8,2
205961,77,1
205961,59,1
205961,62,1
205962,57,4
205962,51,1
205962,30,1
205962,55,1
205963,32,2
205963,45,2
205964,80,1
205964,88,1
205964,53,2
205964,14,1
205965,34,7
205966,80,2
205966,58,3
205966,3,2
205966,7,1
205967,3,2
205967,60,1
205967,5,1
205967,46,3
205968,48,1
205969,38,1
205969,40,3
205969,72,1
205969,12,1
205969,61,1
205970,81,3
205970,98,4
205971,52,1
205972,14,1
205973,35,4
205973,36,3
205974,87,3
205975,48,1
205975,57,1
205975,50,3
205975,15,5
205976,8,3
205976,26,1
205976,118,1
205977,72,3
205977,47,7
205978,25,2
205978,20,1
205978,9,1
205979,107,3
205979,13,3
205980,32,1
205980,41,1
205980,104,1
205981,64,5
205981,16,2
205981,2,1
205982,60,4
205982,21,2
205983,34,2
205983,28,1
205984,10,2
205984,42,3
205984,119,1
205985,113,3
205985,42,3
205985,91,1
205985,44,1
205986,66,1
205986,60,1
205986,38,1
205986,47,1
205987,25,1
205987,34,1
205988,116,2
205988,12,2
205988,46,2
205989,104,2
205990,9,1
205990,50,1
205990,118,1
205991,58,1
205991,14,2
205992,1,3
205992,11,1
205993,87,4
205994,1,2
205994,9,2
205994,44,1
205994,79,1
205994,48,1
205995,27,1
205995,17,2
205995,51,1
205995,43,1
205996,43,2
205996,93,5
205997,11,2
205997,7,5
205998,13,2
205998,75,2
205998,5,1
205999,56,2
205999,19,1
205999,55,2
205999,47,1
206000,52,6
206000,46,1
206001,23,11
206002,65,2
206002,13,1
206002,19,5
206002,20,1
206002,30,1
206003,61,1
206003,5,2
206003,119,2
206004,26,7
206004,11,1
206005,5,1
206005,14,1
206006,26,5
206006,55,1
206007,18,5
206007,6,1
206008,11,1
206008,50,2
206008,43,1
206009,57,1
206009,2,1
206009,5,2
206010,42,1
206010,2,1
206011,72,1
206011,1,1
206011,9,1
206012,50,2
206012,59,3
206012,69,1
206013,9,1
206013,51,2
206014,9,4
206014,106,2
206014,103,1
206015,108,1
206015,117,1
206016,43,2
206017,97,1
206017,103,1
206017,44,1
206017,78,1
206017,23,1
206018,9,1
206018,43,1
206018,76,1
206018,55,1
206019,42,1
206019,86,1
206020,53,7
206021,89,2
206021,35,1
206021,55,1
206022,51,1
206022,12,1
206022,54,2
206023,88,5
206023,45,2
206024,44,1
206024,85,3
206025,42,3
206025,49,1
206025,83,1
206025,57,1
206025,59,2
206026,76,2
206026,31,1
206027,58,1
206027,54,2
206028,7,1
206029,16,6
206029,42,1
206029,27,1
206030,119,6
206031,114,1
206031,67,1
206031,12,1
206032,4,1
206032,6,3
206033,18,1
206033,107,1
206034,8,7
206034,14,1
206035,49,5
206035,58,1
206035,61,1
206035,15,1
206036,48,1
206037,40,1
206037,33,3
206038,99,1
206038,36,1
206038,6,1
206039,94,7
206040,52,2
206040,14,1
206040,15,1
206041,28,1
206042,11,2
206042,28,1
206043,104,4
206043,1,1
206043,2,1
206043,36,1
206044,41,4
206044,94,1
206045,41,2
206045,3,2
206045,68,1
206046,9,1
206046,2,1
206046,13,4
206047,6,7
206047,55,1
206048,68,4
206049,9,1
206049,66,1
206049,94,2
206049,31,2
206050,11,3
206050,111,6
206051,91,1
206051,5,2
206051,6,3
206052,58,11
206053,115,1
206053,43,3
206053,103,1
206054,58,3
206054,13,1
206054,47,2
206054,7,1
206055,116,1
206055,47,1
206056,24,1
206056,67,4
206056,120,1
206056,45,1
206057,20,2
206057,30,4
206058,62,3
206058,44,2
206058,30,1
206058,119,1
206059,96,2
206059,49,4
206059,42,1
206059,77,1
206060,8,2
206060,20,2
206060,60,1
206060,93,1
206061,13,1
206062,32,1
206062,5,1
206062,42,1
206062,44,1
206062,45,2
206063,15,1
206064,56,2
206064,2,1
206065,65,2
206065,102,4
206066,115,3
206066,84,1
206066,86,4
206067,19,7
206068,55,9
206069,41,1
206069,23,1
206069,85,1
206069,47,1
206070,7,1
206070,15,2
206070,116,1
206070,53,1
206070,28,1
206071,22,4
206072,25,2
206072,93,3
206072,70,6
206073,25,1
206073,19,5
206073,43,4
206074,101,1
206074,68,3
206074,5,1
206074,30,2
206075,9,8
206076,112,2
206076,98,1
206076,100,3
206077,49,5
206077,58,1
206078,43,2
206078,5,1
206078,6,1
206079,57,2
206079,28,5
206080,50,7
206080,68,2
206080,14,1
206081,48,5
206081,41,2
206081,58,1
206082,5,2
206083,75,1
206083,100,1
206083,4,1
206084,40,7
206084,59,2
206085,16,4
206085,75,1
206086,116,5
206087,60,7
206088,32,1
206088,31,4
206089,42,2
206090,57,1
206090,97,2
206091,40,3
206091,57,1
206092,34,4
206092,75,1
206093,52,4
206094,10,6
206094,99,1
206094,69,1
206095,30,4
206096,5,1
206096,59,1
206096,58,1
206096,69,1
206097,56,2
206097,13,1
206097,46,1
206098,8,3
206098,39,2
206099,35,3
206099,13,2
206100,91,8
206101,11,3
206101,69,1
206102,57,2
206102,15,4
206103,24,1
206103,109,2
206103,7,1
206104,40,2
206104,94,1
206104,54,1
206105,14,1
206106,80,3
206106,56,4
206107,84,1
206107,86,1
206108,3,6
206109,12,1
206109,15,1
206110,88,1
206110,8,1
206110,11,1
206110,81,1
206111,111,7
206112,56,1
206112,11,1
206113,80,2
206114,95,5
206115,80,2
206115,29,3
206115,7,2
206116,66,2
206116,21,1
206117,1,4
206117,2,3
206117,13,2
206118,118,8
206119,4,1
206119,53,2
206119,63,3
206120,4,1
206120,15,1
206120,31,2
206121,20,9
206122,112,2
206122,45,2
206122,7,2
206123,48,2
206123,60,1
206124,64,1
206124,11,2
206124,47,1
206124,18,1
206124,50,1
206125,17,1
206125,44,2
206125,45,1
206126,36,3
206126,85,1
206126,55,1
206127,65,1
206127,1,1
206128,25,3
206128,92,1
206129,103,1
206129,7,1
206129,10,1
206129,44,1
206129,51,1
206130,49,1
206130,10,1
206130,5,1
206131,106,4
206131,51,1
206131,55,2
206132,40,3
206132,11,5
206133,2,2
206133,41,1
206133,17,2
206133,51,1
206133,53,1
206134,25,9
206135,9,6
206135,111,2
206136,20,1
206136,76,1
206137,3,2
206137,23,1
206137,47,1
206137,39,2
206138,26,2
206138,5,4
206138,22,1
206139,73,2
206139,86,1
206139,103,1
206140,48,1
206140,108,1
206141,56,5
206141,66,2
206142,50,5
206142,5,5
206143,49,6
206143,42,1
206143,4,1
206144,83,4
206144,60,1
206144,15,1
206145,52,5
206146,18,1
206146,78,4
206147,17,5
206147,34,1
206147,45,2
206147,101,1
206148,11,1
206148,44,3
206148,45,1
206148,23,1
206149,48,2
206149,4,2
206149,53,1
206150,66,4
206150,4,1
206150,77,1
206151,58,5
206152,83,3
206152,31,1
206152,47,7
206153,73,2
206153,67,1
206153,27,1
206153,111,1
206154,57,2
206154,98,2
206154,17,4
206155,49,3
206155,19,4
206156,77,3
206156,45,2
206156,47,1
206157,72,1
206157,85,6
206158,79,1
206159,65,1
206159,19,1
206159,15,1
206160,10,3
206160,66,1
206160,98,4
206161,64,1
206161,75,2
206161,20,1
206162,51,3
206162,61,2
206163,8,1
206163,48,6
206163,49,1
206163,19,1
206163,20,1
206164,51,2
206164,76,2
206164,23,3
206165,62,4
206165,58,1
206165,77,1
206165,118,1
206166,75,2
206166,68,1
206166,14,1
206166,92,1
206167,67,2
206167,93,4
206167,21,3
206168,43,9
206169,58,1
206169,117,1
206170,19,7
206170,102,4
206171,83,1
206171,108,1
206171,31,1
206172,32,1
206172,8,1
206173,59,1
206173,19,1
206173,105,1
206174,65,2
206174,29,1
206175,39,1
206176,99,1
206176,52,1
206176,30,1
206176,7,1
206177,50,6
206177,3,2
206177,13,2
206177,78,1
206178,8,3
206178,25,2
206178,47,1
206179,90,1
206179,13,1
206180,16,3
206180,17,1
206180,85,2
206181,81,7
206182,57,4
206183,10,5
206183,5,3
206184,11,1
206185,70,2
206185,30,5
206186,44,5
206186,110,5
206187,26,1
206187,2,1
206187,37,1
206187,101,1
206188,44,1
206189,18,7
206189,99,2
206189,53,1
206190,81,5
206190,100,2
206190,45,1
206191,26,5
206191,92,5
206192,3,1
206192,44,3
206192,45,1
206192,17,1
206192,50,1
206193,106,1
206193,53,4
206193,6,1
206193,39,1
206194,43,4
206194,45,1
206194,109,3
206195,41,2
206195,59,8
206196,41,2
206196,98,2
206196,85,1
206196,7,1
206197,53,6
206198,98,1
206198,117,1
206198,31,2
206199,97,4
206199,115,3
206199,59,1
206200,61,3
206201,49,7
206202,112,2
206202,12,1
206203,33,4
206204,3,1
206204,64,1
206204,59,2
206204,6,3
206205,81,2
206205,25,3
206205,79,1
206206,25,2
206206,26,1
206206,20,2
206206,49,2
206207,47,2
206208,13,3
206208,66,3
206208,21,1
206209,17,1
206209,2,1
206210,8,2
206210,43,1
206210,30,1
206211,20,2
206211,69,2
206211,29,1
206212,12,7
206212,29,1
206213,53,5
206213,6,5
206214,48,1
206214,26,1
206214,120,1
206215,56,7
206215,1,1
206215,94,1
206216,41,9
206217,80,1
206217,53,5
206218,4,1
206218,6,1
206219,6,1
206219,104,2
206219,75,1
206219,54,1
206219,56,1
206220,13,1
206220,46,2
206221,19,4
206221,5,1
206221,22,2
206221,7,1
206222,48,4
206222,74,1
206222,34,1
206223,35,1
206223,75,4
206223,44,1
206223,86,2
206224,106,4
206224,77,2
206225,94,3
206225,78,1
206226,24,4
206226,49,1
206226,87,1
206227,3,2
206227,100,2
206227,68,1
206227,7,1
206227,14,2
206228,114,1
206228,44,2
206228,6,1
206229,102,6
206230,9,2
206230,7,1
206231,88,6
206231,39,3
206231,47,3
206232,53,8
206232,102,1
206233,89,1
206233,58,1
206233,5,1
206233,63,1
206234,96,1
206234,101,1
206234,40,1
206234,12,1
206234,17,1
206235,2,5
206235,45,2
206236,3,4
206237,64,1
206238,24,1
206238,19,1
206238,13,1
206239,52,1
206239,29,1
206240,98,8
206241,4,3
206241,42,1
206241,18,2
206241,83,1
206241,30,1
206242,90,1
206242,45,6
206243,11,5
206244,32,2
206244,7,2
206244,14,1
206244,51,1
206244,21,1
206245,37,1
206245,36,1
206245,13,1
206246,113,1
206246,6,1
206247,24,1
206247,103,4
206248,58,2
206248,35,4
206248,53,1
206248,70,1
206249,57,3
206250,16,3
206250,2,2
206250,43,2
206250,14,1
206251,50,6
206252,5,1
206252,55,2
206253,49,1
206253,117,1
206253,100,1
206253,5,4
206254,16,1
206254,19,4
206254,47,1
206255,65,6
206255,15,2
206256,46,1
206256,88,1
206256,25,2
206256,26,1
206256,91,1
206257,33,1
206257,58,2
206257,90,1
206258,50,2
206258,100,6
206259,64,2
206259,15,4
206260,8,1
206260,43,2
206260,59,1
206260,116,2
206261,88,1
206261,91,3
206262,46,4
206262,86,1
206263,9,6
206263,10,1
206263,14,1
206263,15,1
206264,57,1
206264,25,2
206264,55,1
206265,16,1
206265,51,1
206265,19,2
206265,111,1
206266,57,5
206266,59,1
206267,66,3
206267,107,5
206268,83,2
206268,60,1
206269,58,1
206269,106,1
206270,26,4
206271,33,1
206271,2,1
206271,3,2
206271,72,1
206271,20,1
206272,90,1
206272,44,1
206272,37,2
206272,95,1
206273,92,3
206273,5,5
206274,1,3
206275,97,1
206275,50,1
206275,11,1
206276,17,2
206276,42,7
206277,9,1
206277,18,4
206277,67,1
206277,98,1
206278,11,1
206278,27,1
206279,97,3
206279,118,3
206280,56,5
206280,9,1
206280,107,1
206281,32,1
206281,99,2
206281,74,1
206281,54,1
206281,56,1
206282,110,2
206282,39,1
206283,70,1
206284,80,5
206284,57,2
206284,77,2
206284,31,1
206285,16,1
206285,118,1
206286,16,1
206286,52,1
206286,118,1
206287,109,1
206287,28,4
206287,37,2
206288,49,6
206288,21,2
206289,80,2
206289,29,2
206289,50,4
206289,45,1
206290,14,4
206291,1,2
206291,83,1
206291,45,1
206291,109,1
206292,18,1
206292,3,1
206292,78,1
206293,42,2
206294,19,3
206294,70,3
206295,51,1
206295,11,1
206295,15,1
206295,55,1
206296,28,2
206296,7,6
206297,43,1
206297,82,3
206297,3,1
206297,5,4
206298,91,8
206299,56,3
206299,28,3
206300,97,3
206300,46,4
206300,111,1
206300,82,1
206300,24,1
206301,99,1
206301,19,4
206301,53,2
206301,15,1
206302,67,2
206302,95,3
206303,42,1
206304,11,4
206304,100,3
206304,5,1
206305,100,4
206305,53,4
206306,1,1
206306,38,1
206307,48,1
206307,3,1
206308,75,5
206309,28,1
206309,71,1
206310,24,1
206310,1,1
206310,90,1
206310,93,1
206311,25,1
206311,106,1
206311,52,1
206311,46,1
206312,52,5
206313,98,6
206313,39,2
206314,12,4
206315,65,1
206315,28,4
206315,7,1
206316,106,6
206317,53,13
206318,88,3
206318,59,1
206318,109,2
206319,96,3
206319,104,1
206319,42,1
206319,44,1
206319,13,1
206320,91,1
206320,59,1
206320,108,1
206321,38,1
206321,79,1
206321,24,2
206321,89,1
206321,58,1
206322,82,1
206322,119,2
206323,116,6
206323,113,1
206323,28,4
206324,3,1
206324,28,1
206324,6,2
206325,9,4
206325,71,1
206325,95,3
206326,70,1
206327,111,2
206328,22,1
206329,17,1
206330,108,1
206330,37,4
206331,72,2
206331,4,1
206331,79,1
206332,65,5
206333,48,1
206333,16,1
206333,53,1
206334,49,3
206335,52,6
206335,109,1
206335,60,1
206336,10,1
206336,107,1
206336,12,1
206336,106,1
206336,48,1
206337,113,1
206338,45,1
206338,19,1
206338,118,1
206338,24,1
206338,89,1
206339,45,1
206340,7,5
206341,72,1
206341,114,1
206341,77,1
206342,51,3
206342,92,2
206342,5,4
206343,103,6
206344,24,1
206345,28,2
206345,117,1
206346,29,8
206347,17,1
206347,4,1
206347,57,2
206348,19,1
206348,46,1
206348,79,1
206349,2,6
206349,12,2
206350,25,8
206351,42,3
206351,2,6
206352,10,3
206352,111,1
206353,96,1
206353,49,5
206353,36,2
206354,110,5
206355,56,1
206355,3,1
206355,12,1
206356,9,7
206357,105,2
206357,11,1
206357,77,8
206358,48,8
206359,49,1
206359,110,1
206360,9,1
206360,58,2
206360,97,6
206361,99,3
206361,12,2
206361,37,2
206362,48,1
206362,105,1
206362,52,1
206362,15,1
206363,120,10
206364,57,1
206364,14,1
206365,50,2
206366,1,5
206367,49,1
206367,99,2
206367,60,2
206367,70,1
206368,112,1
206368,66,2
206368,31,3
206369,11,1
206369,110,1
206369,79,3
206369,51,1
206369,26,1
206370,81,1
206370,20,1
206370,6,3
206371,8,1
206371,15,5
206372,81,1
206372,113,6
206373,37,1
206373,54,1
206374,120,5
206374,49,1
206374,42,1
206375,59,1
206376,64,3
206376,17,3
206377,65,5
206377,75,1
206377,9,1
206377,119,1
206378,40,2
206378,34,1
206378,51,1
206378,119,1
206379,15,2
206379,81,2
206379,115,1
206379,20,1
206379,31,1
206380,49,3
206380,18,1
206380,94,1
206381,56,1
206381,58,9
206382,56,2
206382,114,6
206382,94,1
206383,2,4
206383,31,1
206384,116,1
206384,20,5
206384,84,1
206385,49,6
206385,107,1
206385,29,1
206386,5,1
206386,71,2
206386,106,1
206386,77,1
206386,22,1
206387,86,4
206388,10,2
206388,29,2
206389,48,1
206389,8,1
206389,26,1
206389,19,3
206390,53,5
206390,70,3
206391,54,1
206391,22,7
206392,9,2
206392,52,1
206393,48,1
206393,34,1
206393,71,2
206394,19,1
206394,44,1
206394,110,2
206395,120,5
206395,10,1
206395,72,1
206395,101,3
206396,1,5
206397,33,1
206397,2,4
206397,52,1
206398,1,1
206398,53,5
206398,41,4
206399,51,1
206400,98,1
206400,4,3
206400,75,1
206400,78,1
206400,114,1
206401,26,1
206401,118,3
206401,39,1
206402,34,9
206403,34,4
206403,44,1
206403,45,2
206403,39,1
206404,23,5
206405,43,1
206406,97,1
206407,72,1
206407,49,1
206408,107,3
206408,36,2
206408,109,4
206408,47,1
206409,43,3
206409,14,3
206409,49,2
206409,115,1
206409,57,2
206410,51,1
206411,11,2
206411,4,2
206412,43,3
206412,53,1
206413,9,3
206413,69,3
206414,70,1
206415,69,6
206415,29,1
206415,30,1
206416,115,1
206417,2,2
206417,119,6
206418,103,4
206418,102,1
206418,47,2
206419,25,1
206419,114,2
206419,13,1
206419,23,2
206420,50,9
206421,105,4
206421,41,1
206422,112,1
206422,57,4
206422,96,5
206423,16,1
206423,8,1
206424,55,1
206425,77,8
206426,37,5
206427,46,2
206427,71,1
206428,102,8
206429,71,1
206429,55,1
206430,92,5
206431,17,1
206431,113,1
206432,26,3
206432,45,1
206432,46,2
206433,2,5
206434,105,7
206435,8,1
206435,42,1
206435,3,1
206436,44,8
206437,72,2
206437,77,1
206437,30,1
206438,65,2
206438,33,1
206438,105,1
206438,10,1
206438,52,1
206439,19,3
206439,36,1
206439,109,4
206440,64,1
206440,41,1
206440,36,1
206441,50,2
206441,93,3
206442,104,4
206442,18,6
206443,53,6
206443,38,1
206444,43,3
206444,115,1
206444,69,1
206445,64,2
206445,27,5
206445,96,4
206446,98,2
206446,44,2
206446,23,2
206447,51,1
206448,56,1
206448,27,2
206448,51,1
206448,14,1
206449,9,1
206449,74,1
206449,62,1
206450,104,11
206451,49,4
206451,114,1
206451,117,1
206451,38,1
206452,24,1
206452,42,5
206452,96,2
206453,85,1
206453,116,1
206453,53,1
206453,79,1
206454,34,3
206454,10,1
206454,95,1
206455,35,4
206455,106,1
206455,3,2
206455,12,4
206456,48,1
206456,29,1
206456,92,1
206456,85,1
206457,120,1
206457,41,1
206457,26,1
206457,28,1
206458,3,5
206458,54,3
206459,1,3
206459,19,1
206460,59,1
206460,21,1
206461,98,2
206462,48,1
206462,58,1
206462,4,1
206462,14,1
206463,10,3
206463,62,2
206464,8,1
206464,57,2
206464,31,1
206465,37,1
206465,77,3
206466,9,7
206466,50,2
206466,22,2
206467,47,4
206468,49,2
206468,118,1
206468,14,1
206469,66,1
206469,61,1
206470,49,1
206470,61,1
206471,59,1
206471,99,1
206472,15,5
206473,8,7
206473,112,2
206474,120,5
206474,23,2
206475,56,1
206475,25,1
206475,36,1
206475,69,1
206476,52,7
206477,114,1
206477,83,1
206478,113,1
206479,81,5
206479,69,1
206479,46,1
206480,48,1
206480,67,2
206480,115,3
206481,41,1
206481,29,1
206481,54,2
206482,60,1
206483,38,2
206483,20,1
206483,5,1
206483,14,1
206484,9,1
206484,63,1
206485,117,1
206485,7,4
206486,105,1
206486,10,4
206486,22,1
206486,56,1
206486,63,1
206487,64,1
206487,67,1
206487,86,3
206488,27,4
206488,60,1
206489,52,1
206489,44,2
206490,8,3
206490,74,3
206490,7,2
206491,109,6
206491,3,2
206491,36,1
206491,101,1
206492,98,1
206493,62,1
206493,18,1
206493,82,1
206493,78,1
206494,9,4
206494,35,4
206495,81,1
206495,14,1
206496,45,2
206497,38,1
206497,46,7
206498,100,3
206499,64,1
206500,106,1
206500,114,1
206501,45,3
206501,59,3
206501,77,1
206501,47,1
206502,80,7
206502,115,1
206502,53,1
206503,33,3
206503,2,6
206504,73,1
206504,42,1
206504,51,1
206505,16,2
206505,14,1
206506,68,5
206506,55,2
206507,43,2
206507,116,2
206507,38,2
206508,80,6
206508,73,2
206508,26,3
206509,48,3
206509,109,1
206510,24,2
206510,46,5
206511,42,5
206511,45,2
206511,38,1
206512,25,1
206512,75,5
206512,108,2
206512,15,1
206513,113,1
206513,50,4
206514,78,1
206514,15,1
206514,24,1
206514,90,1
206514,93,1
206515,32,3
206515,30,1
206516,107,1
206516,115,3
206516,27,1
206517,120,1
206517,19,1
206517,20,1
206518,52,1
206519,101,3
206519,72,1
206519,41,1
206519,51,1
206519,89,1
206520,86,2
206520,118,6
206521,12,1
206521,78,3
206522,94,6
206523,2,7
206523,11,1
206523,74,2
206524,82,1
206524,7,2
206525,4,1
206525,116,1
206525,13,1
206526,52,1
206526,53,1
206526,14,3
206527,9,7
206527,58,1
206527,38,1
206528,94,2
206528,6,2
206529,40,3
206529,1,1
206530,105,1
206530,91,1
206530,92,1
206530,30,1
206531,44,1
206532,48,2
206533,8,1
206533,41,2
206533,18,3
206533,21,2
206533,61,1
206534,58,2
206534,26,1
206534,101,1
206534,54,1
206535,50,2
206535,4,1
206535,119,1
206536,6,3
206536,9,1
206536,106,3
206536,75,2
206536,115,1
206537,73,1
206537,1,1
206537,59,2
206537,120,1
206538,8,2
206538,1,2
206538,11,1
206538,45,2
206539,62,6
206540,56,2
206540,72,1
206541,49,5
206541,11,3
206542,72,3
206542,1,2
206542,27,1
206542,7,1
206543,56,1
206543,46,10
206544,33,2
206544,34,2
206544,16,1
206544,113,1
206544,29,2
206545,55,7
206546,33,6
206546,53,1
206546,7,1
206547,58,1
206548,76,1
206548,95,4
206549,9,1
206550,88,6
206550,57,1
206550,107,1
206551,42,1
206551,28,1
206552,116,3
206552,5,7
206553,56,4
206553,26,2
206553,102,1
206553,95,1
206554,83,3
206554,69,1
206554,14,1
206555,2,5
206556,49,5
206556,42,1
206556,46,1
206557,72,1
206557,20,2
206557,93,1
206557,95,1
206558,27,2
206558,54,5
206559,46,1
206559,55,1
206560,45,1
206560,30,2
206561,1,3
206561,92,3
206562,49,3
206562,28,1
206563,88,2
206563,22,2
206564,113,3
206564,59,1
206565,16,8
206565,21,1
206566,3,2
206566,10,2
206566,83,1
206567,35,2
206567,36,1
206567,71,2
206568,100,5
206568,12,4
206569,4,1
206570,58,3
206570,44,5
206571,77,1
206571,38,1
206572,18,4
206572,19,4
206573,3,4
206573,13,4
206574,115,3
206574,53,1
206574,54,1
206575,30,5
206576,97,3
206576,3,1
206576,85,1
206577,29,1
206577,6,1
206577,103,1
206578,17,5
206578,100,1
206578,14,1
206579,9,1
206579,59,1
206580,66,4
206580,99,2
206580,55,2
206581,113,2
206581,90,2
206582,64,1
206582,2,1
206582,14,1
206583,49,4
206584,41,2
206584,50,1
206584,100,1
206585,12,8
206585,7,1
206586,96,3
206586,8,6
206587,2,3
206587,43,1
206587,116,1
206588,9,1
206588,58,3
206588,61,2
206588,13,1
206589,3,2
206589,20,5
206590,7,1
206591,72,2
206591,58,1
206592,34,3
206592,5,2
206592,86,3
206593,59,2
206593,36,4
206593,101,1
206594,104,3
206594,18,1
206594,90,1
206594,55,1
206595,8,2
206595,95,1
206596,15,6
206597,51,2
206597,13,1
206598,42,3
206599,4,1
206600,64,1
206600,99,3
206600,69,1
206600,72,1
206600,31,1
206601,59,3
206601,11,2
206601,13,1
206602,77,1
206602,111,2
206602,114,1
206602,58,1
206602,93,1
206603,48,3
206603,42,3
206604,107,1
206605,33,1
206605,114,1
206605,37,1
206605,47,1
206606,51,5
206607,38,3
206608,40,1
206608,34,1
206608,10,1
206609,112,2
206609,105,1
206609,48,1
206610,89,1
206610,53,4
206611,97,4
206611,69,4
206612,17,1
206612,2,4
206613,17,1
206613,51,1
206614,97,1
206615,9,13
206616,49,3
206616,58,1
206616,2,3
206617,100,1
206618,26,1
206618,51,1
206618,60,2
206619,41,2
206619,36,3
206620,16,3
206620,46,2
206620,52,1
206620,60,1
206621,71,1
206622,52,1
206622,29,1
206623,74,4
206624,108,6
206624,73,1
206624,4,1
206624,92,1
206625,44,1
206626,56,1
206626,92,3
206626,6,1
206627,57,3
206627,90,3
206627,108,4
206628,48,1
206628,1,1
206628,26,3
206628,14,2
206629,112,1
206629,80,1
206629,84,2
206630,80,1
206630,98,1
206630,19,1
206631,54,1
206631,41,6
206631,9,1
206631,49,1
206632,33,6
206632,52,1
206632,54,1
206632,103,1
206633,16,4
206633,53,5
206633,15,1
206634,47,1
206635,11,4
206635,119,6
206636,43,1
206637,40,1
206637,105,1
206637,93,1
206637,69,1
206638,9,9
206638,70,2
206639,50,3
206639,67,1
206639,103,1
206640,48,3
206640,41,1
206640,77,1
206641,52,6
206641,5,1
206641,23,1
206642,28,9
206643,82,7
206644,39,1
206645,39,7
206646,105,3
206646,20,4
206647,18,2
206648,96,1
206648,24,1
206648,95,1
206649,60,11
206650,14,7
206650,119,1
206651,62,1
206651,99,1
206651,78,2
206651,87,1
206652,32,1
206652,76,1
206652,7,3
206653,75,3
206653,46,2
206654,57,4
206654,11,1
206654,28,2
206655,54,6
206656,32,1
206656,58,1
206656,23,1
206657,96,1
206657,58,2
206657,70,3
206658,58,1
206658,106,1
206659,19,1
206659,7,1
206659,23,2
206660,46,4
206660,2,2
206660,3,1
206660,94,1
206661,45,2
206661,6,4
206662,28,2
206663,6,1
206664,49,5
206665,24,1
206665,116,1
206665,30,1
206666,85,2
206667,57,7
206667,18,1
206667,35,1
206667,20,1
206668,59,1
206668,109,6
206669,10,4
206669,102,5
206670,52,8
206670,69,1
206671,104,4
206671,33,1
206671,82,1
206671,56,1
206672,33,1
206672,10,2
206672,45,1
206672,51,1
206672,94,1
206673,112,1
206673,90,2
206673,14,2
206674,5,2
206674,99,4
206674,93,1
206675,34,1
206675,92,1
206675,53,1
206676,9,1
206676,57,2
206677,98,2
206677,51,1
206678,115,1
206678,49,1
206678,35,1
206678,7,5
206679,81,4
206679,97,1
206679,26,1
206680,25,2
206680,12,1
206680,60,1
206680,111,1
206681,28,1
206681,76,1
206682,82,3
206683,33,1
206683,106,4
206684,51,2
206684,20,1
206684,118,1
206684,55,1
206685,24,3
206685,7,5
206686,35,5
206687,89,2
206687,23,2
206688,32,3
206688,10,2
206688,106,2
206689,84,6
206690,33,1
206690,15,1
206690,55,3
206691,25,1
206692,51,6
206692,15,1
206693,56,2
206693,26,1
206694,88,2
206694,44,2
206694,70,1
206695,96,1
206696,56,11
206697,47,6
206697,15,2
206698,80,7
206698,100,1
206698,116,2
206699,112,1
206699,49,1
206699,7,1
206700,58,5
206700,43,1
206700,101,1
206700,30,1
206701,42,1
206701,109,1
206702,118,1
206702,110,1
206703,56,1
206703,12,1
206703,54,1
206704,24,1
206704,10,1
206704,4,1
206704,46,1
206705,3,3
206705,5,1
206705,44,1
206705,80,1
206705,54,1
206706,2,3
206706,3,1
206706,31,1
206707,3,4
206707,86,1
206708,106,1
206709,19,1
206709,39,1
206710,119,3
206711,53,2
206711,14,7
206712,8,1
206712,24,1
206712,46,1
206713,33,1
206713,10,1
206713,6,1
206714,59,1
206714,11,1
206715,35,4
206716,53,5
206717,65,1
206717,57,3
206717,35,5
206718,59,1
206718,29,1
206718,95,2
206718,47,4
206719,90,1
206719,46,1
206720,80,2
206720,18,1
206720,3,6
206721,29,2
206722,10,3
206722,66,1
206722,7,2
206723,115,1
206723,53,1
206723,87,3
206724,63,2
206725,75,3
206725,85,4
206726,18,1
206726,47,1
206727,7,2
206727,47,2
206727,17,1
206727,50,1
206727,28,1
206728,71,2
206728,11,1
206728,44,1
206728,12,1
206728,119,1
206729,97,2
206729,43,1
206729,44,1
206730,28,2
206730,53,1
206730,55,1
206731,56,3
206731,41,1
206731,50,1
206732,73,5
206733,89,3
206733,25,5
206734,62,3
206734,9,1
206734,50,1
206734,14,4
206735,2,1
206736,16,2
206736,17,1
206736,106,1
206736,87,1
206737,94,1
206738,38,3
206738,43,1
206738,17,1
206738,51,1
206738,58,1
206739,17,1
206739,35,2
206739,1,1
206740,20,4
206740,4,1
206740,5,1
206741,57,3
206741,59,2
206742,16,2
206742,11,2
206742,20,1
206742,69,3
206743,25,2
206743,42,1
206744,8,2
206744,1,1
206744,39,1
206745,3,5
206745,4,1
206745,38,1
206745,9,1
206745,10,1
206746,66,1
206746,7,1
206746,13,1
206746,77,1
206746,29,1
206747,48,2
206747,57,4
206748,88,1
206748,36,1
206749,92,7
206750,24,3
206750,19,2
206750,53,3
206751,8,1
206751,6,1
206752,18,2
206752,37,1
206753,24,7
206754,88,2
206754,111,1
206755,16,1
206755,106,2
206755,68,1
206755,114,1
206756,99,1
206756,118,3
206757,91,1
206757,15,4
206758,1,2
206758,43,1
206758,119,4
206759,24,4
206759,99,1
206759,51,1
206759,45,1
206760,24,1
206760,65,3
206760,43,1
206760,70,1
206761,56,2
206761,41,2
206761,14,2
206762,65,2
206762,36,1
206762,118,1
206762,55,1
206762,59,1
206763,12,1
206763,87,1
206764,68,2
206764,15,1
206764,47,2
206765,49,4
206766,60,1
206766,13,1
206766,86,1
206767,10,1
206767,77,1
206767,37,1
206768,80,1
206769,112,6
206770,44,6
206771,40,3
206771,49,3
206772,14,1
206773,88,4
206773,18,2
206773,56,1
206774,10,5
206774,102,2
206775,47,1
206776,13,3
206777,65,1
206777,52,1
206778,40,3
206778,50,5
206778,3,1
206778,62,1
206779,33,1
206779,19,1
206779,47,1
206780,80,2
206780,41,1
206780,14,1
206781,43,1
206781,38,1
206781,47,1
206782,71,4
206783,26,1
206783,45,4
206783,94,3
206784,19,4
206784,35,3
206785,29,5
206786,34,4
206786,78,1
206787,106,1
206787,18,1
206788,5,1
206788,86,1
206789,16,8
206790,96,2
206790,39,1
206790,15,1
206791,1,1
206791,114,2
206791,116,4
206792,24,1
206792,75,2
206792,44,1
206793,10,4
206793,107,2
206793,60,2
206794,20,4
206794,45,3
206795,83,1
206795,60,8
206796,11,4
206796,92,1
206796,119,2
206797,40,6
206797,11,2
206798,53,4
206799,53,6
206800,56,1
206800,18,4
206800,79,1
206801,44,6
206801,21,1
206802,99,1
206803,1,1
206803,52,2
206803,55,5
206804,3,9
206805,48,1
206805,30,1
206806,72,1
206806,81,2
206806,111,2
206807,97,3
206807,66,1
206807,52,4
206808,59,2
206808,103,2
206808,23,2
206809,110,5
206809,71,2
206810,48,3
206810,11,2
206810,4,1
206811,49,1
206811,91,1
206811,57,3
206812,50,3
206812,7,5
206813,74,5
206813,109,3
206814,27,1
206815,51,8
206816,48,4
206816,106,1
206816,29,1
206817,58,1
206817,37,2
206817,77,1
206818,58,4
206819,53,1
206819,58,3
206819,45,1
206819,29,1
206820,72,3
206820,9,1
206820,96,1
206820,13,1
206821,3,1
206821,43,1
206822,1,8
206822,107,1
206823,89,3
206823,34,3
206823,20,1
206824,2,6
206825,1,1
206825,40,1
206825,43,1
206825,47,1
206825,58,1
206826,27,5
206826,94,1
206827,96,2
206827,34,1
206827,101,1
206827,39,1
206827,23,3
206828,37,2
206828,119,9
206829,3,3
206829,63,2
206830,74,1
206831,60,1
206832,109,7
206833,102,3
206833,52,1
206833,22,1
206833,68,1
206834,67,3
206834,37,1
206834,11,1
206834,44,1
206834,51,1
206835,74,4
206836,69,1
206837,67,3
206837,42,1
206837,109,1
206837,15,1
206837,61,1
206838,48,6
206839,8,1
206840,83,1
206841,11,1
206842,60,1
206842,111,1
206843,51,1
206843,62,7
206844,69,2
206844,74,1
206844,110,1
206844,49,1
206844,63,1
206845,3,7
206846,82,7
206847,80,1
206847,89,1
206847,53,1
206848,93,2
206848,38,2
206849,64,1
206850,7,1
206851,12,3
206851,71,1
206852,29,5
206852,118,2
206852,87,1
206853,1,3
206853,19,1
206853,20,1
206854,8,1
206854,95,1
206855,82,3
206855,55,4
206856,59,2
206856,62,2
206856,6,2
206857,41,1
206857,59,1
206857,12,1
206857,60,1
206858,57,8
206859,1,1
206859,10,2
206859,3,1
206859,97,2
206860,21,3
206860,109,1
206860,29,1
206861,66,1
206861,39,3
206861,63,1
206862,113,1
206862,2,1
206863,65,1
206863,3,1
206863,17,1
206863,7,1
206864,10,1
206864,115,1
206864,74,1
206865,113,2
206865,50,1
206865,55,2
206866,90,2
206866,76,2
206867,61,6
206868,90,5
206868,20,1
206868,53,1
206868,14,1
206869,120,1
206869,100,1
206870,92,3
206871,49,5
206871,42,1
206871,6,1
206871,98,1
206872,5,10
206873,2,1
206873,59,1
206873,46,1
206874,113,1
206874,109,1
206874,23,1
206875,88,1
206876,82,1
206877,103,7
206878,95,7
206879,58,7
206880,18,1
206880,13,2
206881,91,3
206881,19,2
206881,92,4
206881,44,1
206882,18,2
206882,100,1
206882,92,2
206883,55,6
206884,4,6
206885,5,4
206886,91,1
206886,36,1
206886,47,3
206887,96,1
206887,76,1
206888,44,3
206888,87,1
206889,67,4
206889,39,1
206890,10,4
206890,99,1
206890,74,3
206891,76,2
206891,5,1
206891,38,2
206891,79,3
206892,45,7
206893,80,3
206893,41,1
206893,93,3
206894,97,1
206894,77,1
206894,14,3
206895,4,1
206896,16,3
206896,43,1
206896,86,1
206897,48,6
206897,33,1
206898,68,3
206898,54,1
206898,7,2
206899,113,1
206899,76,1
206899,6,1
206900,1,5
206900,91,2
206901,89,5
206902,88,5
206902,3,1
206902,71,4
206903,93,2
206903,119,2
206904,35,2
206904,42,2
206904,107,1
206904,49,1
206904,91,1
206905,82,1
206906,8,4
206906,47,4
206907,58,3
206907,83,1
206907,4,1
206908,2,1
206908,6,1
206909,45,8
206910,48,2
206910,24,1
206910,19,1
206910,13,1
206911,26,2
206911,110,1
206912,25,1
206913,48,1
206913,50,5
206914,9,3
206915,2,1
206915,44,5
206916,10,6
206916,42,1
206916,59,1
206916,111,1
206917,1,3
206917,37,1
206917,115,1
206917,119,1
206917,91,1
206918,2,1
206918,10,1
206918,35,1
206919,67,1
206919,52,6
206920,115,1
206920,12,2
206921,118,7
206921,14,1
206922,20,5
206923,72,6
206924,8,1
206924,16,1
206924,51,1
206925,38,2
206925,17,2
206925,102,6
206925,7,1
206926,81,1
206926,95,3
206927,105,3
206927,58,4
206927,27,1
206927,47,1
206928,10,5
206929,48,2
206929,41,4
206929,28,1
206929,39,2
206930,25,8
206931,104,1
206931,8,1
206931,13,2
206932,9,1
206932,94,1
206932,1,1
206932,39,1
206933,58,9
206934,55,5
206935,51,5
206935,92,1
206935,21,1
206935,103,1
206936,16,3
206936,10,2
206936,59,3
206937,28,1
206937,4,2
206937,5,4
206937,31,1
206938,18,4
206938,14,2
206939,51,2
206939,111,1
206939,109,1
206939,71,2
206940,68,2
206940,22,2
206941,99,9
206942,56,3
206942,42,1
206942,20,1
206943,101,2
206943,41,4
206943,43,2
206943,15,1
206943,26,1
206944,67,1
206944,12,1
206944,4,1
206945,96,2
206945,10,1
206945,11,1
206945,13,1
206945,91,1
206946,56,6
206947,41,1
206947,20,3
206947,25,2
206948,120,1
206948,58,2
206949,43,1
206949,44,1
206949,47,1
206950,8,8
206950,3,1
206951,1,2
206951,69,1
206951,47,1
206951,118,1
206951,59,2
206952,34,1
206952,3,1
206952,7,1
206953,32,7
206953,21,2
206953,14,2
206954,17,2
206954,115,2
206954,79,2
206955,81,5
206956,19,5
206957,19,1
206957,2,4
206957,35,2
206958,14,8
206959,28,11
206960,49,1
206960,6,3
206960,86,3
206961,25,2
206961,11,4
206962,48,1
206962,49,1
206962,3,1
206963,27,3
206963,53,2
206963,111,1
206964,90,4
206964,50,3
206964,4,1
206964,62,1
206965,7,1
206965,39,1
206965,115,2
206965,84,1
206965,55,2
206966,93,2
206966,29,3
206967,4,5
206967,29,4
206968,13,6
206969,74,1
206969,10,1
206969,20,1
206969,42,1
206970,105,5
206970,90,2
206970,19,1
206971,120,1
206971,44,1
206972,113,1
206973,42,1
206973,14,1
206974,108,1
206974,119,1
206975,48,1
206975,11,1
206975,46,1
206976,118,5
206976,15,6
206977,50,4
206977,91,3
206978,110,7
206979,32,2
206979,43,1
206979,119,1
206979,111,1
206980,17,1
206980,70,1
206981,13,9
206982,1,3
206982,83,2
206982,44,1
206983,42,3
206983,2,8
206984,106,4
206984,109,2
206985,106,6
206985,27,1
206985,87,1
206986,96,8
206986,108,1
206986,62,1
206987,70,2
206987,103,5
206988,42,1
206988,69,2
206988,54,1
206989,26,4
206990,41,1
206990,36,7
206991,55,4
206992,27,2
206992,38,1
206993,62,1
206993,7,1
206994,56,1
206994,4,1
206994,93,1
206995,8,1
206995,72,2
206995,46,1
206995,16,1
206995,30,2
206996,32,1
206996,1,1
206997,116,1
206997,10,1
206997,4,1
206997,36,1
206998,97,7
206999,42,1
207000,1,3
207001,92,1
207001,102,4
207002,43,1
207003,49,1
207003,63,6
207004,80,2
207004,12,2
207004,5,2
207005,114,4
207005,35,1
207005,60,2
207005,78,2
207006,1,7
207007,51,2
207007,54,4
207008,32,3
207008,21,4
207009,108,4
207009,5,4
207010,40,3
207010,49,5
207011,58,1
207011,35,1
207011,30,2
207012,31,1
207013,33,2
207013,2,1
207013,54,2
207013,47,1
207014,9,1
207014,2,1
207014,20,1
207015,51,1
207015,93,1
207016,2,1
207016,36,6
207017,34,1
207018,2,3
207018,45,3
207018,114,1
207019,77,3
207020,49,2
207020,75,3
207020,115,2
207020,110,1
207021,21,1
207022,97,4
207023,56,2
207023,81,1
207023,99,2
207024,47,1
207025,3,1
207025,5,3
207025,40,1
207025,89,1
207025,91,1
207026,44,5
207026,22,3
207026,7,2
207027,26,1
207027,85,1
207027,98,2
207027,47,2
207028,64,1
207028,118,2
207029,98,10
207029,116,1
207030,24,5
207030,25,1
207030,52,1
207031,2,1
207031,18,4
207032,59,2
207032,116,3
207032,15,2
207033,58,1
207033,118,6
207034,45,2
207034,15,1
207035,40,1
207036,49,2
207036,62,1
207037,112,2
207037,34,1
207037,46,1
207037,23,1
207038,18,2
207038,3,4
207038,117,1
207038,47,1
207039,83,3
207039,30,1
207039,15,1
207040,72,2
207040,83,2
207041,104,5
207042,108,5
207043,38,1
207043,55,1
207044,48,1
207044,16,1
207044,31,1
207044,49,1
207045,51,4
207045,69,2
207046,9,4
207046,28,1
207047,53,1
207047,29,1
207047,7,2
207048,66,1
207048,45,1
207049,65,1
207049,42,1
207049,7,1
207050,60,7
207051,66,1
207051,15,1
207051,7,1
207052,56,1
207052,44,1
207052,47,1
207053,81,4
207053,50,1
207053,20,2
207054,1,4
207054,4,2
207055,69,3
207056,50,1
207056,28,1
207056,30,1
207057,66,4
207057,4,1
207057,93,1
207058,43,2
207058,78,2
207059,38,1
207059,45,2
207059,19,2
207059,54,1
207059,86,1
207060,30,2
207060,39,2
207061,88,1
207061,98,4
207061,29,4
207062,112,3
207062,69,2
207062,85,3
207063,19,1
207063,31,1
207064,11,1
207064,17,4
207064,51,2
207065,48,1
207065,7,1
207066,58,2
207066,69,4
207067,53,6
207068,78,4
207069,49,2
207069,3,1
207070,41,3
207070,45,1
207071,17,3
207071,46,4
207072,19,5
207073,116,2
207073,68,1
207073,94,1
207074,18,1
207074,69,1
207075,26,2
207075,36,2
207076,50,1
207076,26,1
207076,20,1
207077,97,5
207077,114,3
207077,52,2
207078,85,1
207078,55,1
207079,98,1
207079,37,1
207079,69,1
207079,38,1
207080,90,1
207081,4,5
207082,116,4
207082,45,1
207083,86,8
207084,9,1
207084,74,1
207084,12,1
207084,47,1
207085,57,1
207085,18,1
207085,84,1
207085,54,3
207086,30,1
207087,114,1
207088,6,9
207089,13,3
207089,14,2
207090,97,3
207090,44,1
207090,7,1
207091,81,1
207092,120,5
207092,42,1
207092,20,1
207092,30,1
207093,25,4
207093,107,2
207094,28,6
207095,87,4
207095,39,5
207096,31,1
207096,15,3
207097,34,4
207097,94,3
207098,25,1
207098,55,4
207098,79,3
207099,7,1
207099,74,1
207099,46,1
207099,29,1
207099,31,1
207100,59,1
207100,3,3
207100,87,6
207101,32,4
207101,4,3
207101,47,2
207101,17,1
207101,92,1
207102,48,4
207102,84,4
207103,24,8
207104,4,6
207104,22,2
207105,19,3
207105,12,1
207106,33,2
207106,42,4
207107,89,1
207107,6,5
207108,17,2
207108,105,3
207109,48,7
207109,29,1
207110,9,2
207110,19,1
207110,23,1
207111,103,6
207111,107,2
207111,81,1
207111,82,1
207111,92,1
207112,17,2
207112,4,2
207113,35,1
207113,111,4
207114,58,2
207114,68,5
207115,50,1
207115,101,1
207115,78,1
207116,49,3
207116,36,2
207116,110,1
207117,5,5
207117,118,3
207118,32,3
207118,105,4
207119,73,4
207119,49,2
207119,52,1
207119,44,1
207120,9,1
207120,106,1
207121,9,5
207121,47,2
207121,7,2
207122,120,1
207122,1,1
207122,112,1
207122,71,1
207123,16,2
207123,119,5
207124,51,1
207124,84,1
207125,42,3
207125,68,2
207125,7,1
207126,20,11
207127,58,2
207128,42,2
207129,1,1
207129,50,1
207130,48,1
207130,105,1
207131,18,1
207132,67,1
207133,104,2
207133,60,2
207133,109,3
207133,92,2
207134,64,3
207134,10,1
207134,3,1
207134,74,1
207135,9,2
207135,26,4
207135,43,1
207135,23,1
207136,12,3
207136,13,1
207137,56,8
207138,4,2
207138,12,2
207139,42,2
207139,27,1
207139,31,1
207140,13,1
207140,31,1
207141,5,1
207141,118,1
207142,51,6
207143,56,3
207144,43,2
207144,87,5
207145,49,1
207145,83,3
207145,5,4
207146,89,1
207146,90,3
207146,42,1
207146,58,1
207147,43,1
207148,72,4
207148,44,1
207148,54,1
207148,26,1
207148,92,2
207149,46,1
207149,71,6
207150,16,5
207150,56,3
207151,72,3
207151,66,4
207152,74,1
207152,10,1
207152,4,1
207152,78,1
207153,117,2
207153,39,1
207154,11,2
207154,113,2
207154,115,1
207154,118,2
207154,23,1
207155,117,6
207156,22,10
207157,60,4
207157,23,5
207158,49,3
207158,108,1
207159,17,5
207160,109,2
207160,101,7
207161,56,2
207161,53,1
207161,110,1
207161,15,1
207162,3,1
207162,47,5
207163,40,1
207163,58,1
207163,120,1
207163,13,2
207164,96,1
207164,58,1
207164,79,1
207165,48,4
207165,2,2
207165,36,1
207166,96,1
207166,58,1
207166,47,1
207167,3,6
207167,108,1
207168,55,1
207169,84,2
207169,4,1
207169,52,1
207170,41,8
207170,52,1
207171,64,2
207171,25,1
207171,37,5
207172,4,2
207172,102,3
207173,18,1
207174,69,3
207174,14,1
207175,18,1
207175,3,2
207176,96,1
207176,4,1
207176,44,1
207176,17,1
207176,22,1
207177,82,6
207178,48,1
207178,25,1
207178,10,1
207179,38,8
207180,43,3
207180,76,1
207180,13,2
207180,18,1
207180,56,1
207181,3,6
207181,20,2
207182,43,1
207182,85,1
207183,9,4
207183,43,3
207183,44,3
207184,100,1
207185,8,4
207185,81,3
207185,86,1
207186,97,1
207187,3,1
207187,1,2
207187,59,1
207187,21,3
207188,16,1
207188,21,1
207188,55,1
207189,112,2
207189,108,1
207189,110,1
207189,6,1
207190,6,1
207190,14,1
207190,55,1
207191,60,1
207191,69,4
207191,39,3
207192,3,2
207192,15,1
207192,115,3
207192,21,1
207192,89,1
207193,83,3
207193,12,1
207194,23,4
207194,55,1
207194,30,1
207194,95,1
207195,32,1
207195,44,1
207195,6,1
207196,48,2
207196,41,1
207196,58,1
207196,14,1
207197,54,3
207197,55,4
207198,16,1
207198,89,1
207198,83,5
207199,26,8
207199,117,1
207200,113,1
207200,10,1
207200,53,1
207201,53,2
207201,57,2
207201,75,3
207201,45,1
207202,42,10
207203,60,1
207203,78,1
207204,3,7
207205,54,3
207206,9,1
207206,29,1
207207,80,4
207207,1,1
207207,107,1
207207,54,1
207208,67,1
207209,72,1
207209,17,1
207209,99,1
207210,53,2
207210,79,6
207211,40,3
207212,4,8
207212,44,1
207212,94,1
207212,95,1
207213,98,1
207213,100,2
207213,112,1
207213,118,1
207213,30,1
207214,25,1
207214,93,3
207215,25,1
207215,34,3
207215,117,1
207216,120,1
207216,11,1
207216,3,1
207216,61,1
207217,18,1
207217,14,1
207218,35,1
207218,91,1
207218,51,1
207219,5,8
207220,49,1
207220,23,7
207221,1,1
207221,10,2
207222,41,1
207222,79,3
207222,6,2
207222,95,2
207223,44,5
207223,63,1
207224,108,11
207225,32,5
207225,12,2
207225,119,1
207226,48,5
207226,9,1
207226,73,1
207227,105,4
207227,3,4
207228,93,7
207229,1,3
207229,41,1
207230,16,2
207230,48,3
207231,73,1
207231,105,1
207231,10,1
207231,95,1
207232,99,3
207232,116,2
207232,21,1
207232,55,1
207233,64,2
207233,12,1
207233,7,3
207234,16,2
207234,9,1
207234,70,1
207234,25,1
207235,49,1
207235,83,1
207235,69,2
207235,9,1
207236,29,9
207237,69,1
207237,111,2
207237,48,1
207237,47,1
207237,59,1
207238,120,5
207238,41,1
207238,50,1
207238,49,2
207239,19,1
207239,52,2
207239,14,2
207239,119,1
207240,42,1
207240,43,1
207240,80,1
207240,48,1
207240,28,1
207241,19,2
207241,39,1
207242,46,2
207243,2,6
207243,93,1
207243,7,1
207244,53,7
207245,11,2
207245,6,7
207246,4,5
207246,75,3
207246,17,3
207246,27,1
207246,61,1
207247,98,2
207247,63,3
207248,3,1
207248,39,2
207249,54,8
207250,48,4
207250,78,5
207251,19,3
207251,99,1
207252,55,2
207252,77,1
207252,93,1
207252,47,2
207253,44,1
207254,75,2
207254,5,1
207254,46,1
207255,113,2
207255,1,1
207255,63,2
207256,64,2
207256,23,2
207256,71,1
207257,41,1
207257,91,2
207257,14,2
207257,55,2
207258,16,4
207258,69,3
207259,104,1
207259,52,1
207259,55,1
207260,112,1
207260,43,5
207261,37,6
207261,111,2
207262,21,6
207263,65,1
207263,19,2
207264,114,6
207265,47,7
207266,73,5
207266,50,3
207267,10,1
207267,56,1
207267,25,2
207267,58,1
207267,94,1
207268,20,1
207268,85,6
207269,20,3
207270,59,2
207270,15,4
207271,50,6
207271,77,2
207272,66,3
207272,3,4
207273,40,2
207273,13,1
207274,9,2
207274,76,2
207274,102,3
207275,57,1
207275,42,1
207275,59,1
207275,117,1
207276,53,1
207276,23,1
207277,72,1
207277,9,3
207277,88,1
207278,21,4
207278,44,1
207278,61,1
207279,66,2
207279,55,3
207280,47,1
207280,52,1
207280,63,1
207280,15,1
207281,9,1
207281,20,1
207281,95,4
207282,37,2
207282,109,2
207282,78,2
207282,51,1
207282,53,1
207283,4,1
207283,52,3
207283,85,4
207284,18,1
207285,17,1
207285,60,3
207285,93,1
207285,39,2
207286,11,1
207286,20,3
207286,15,4
207287,105,5
207287,106,1
207287,2,1
207287,34,1
207288,40,1
207288,41,1
207288,58,1
207289,8,4
207289,43,2
207289,23,1
207290,1,3
207290,29,1
207290,46,4
207291,32,1
207291,91,1
207291,51,1
207292,41,1
207292,43,1
207293,32,3
207293,56,1
207293,28,1
207293,5,1
207294,120,3
207294,25,2
207294,42,1
207294,76,1
207295,18,2
207295,21,2
207296,50,1
207296,85,1
207297,115,1
207298,55,3
207299,5,2
207299,103,1
207300,114,2
207300,36,8
207301,51,8
207302,57,3
207302,6,5
207303,75,3
207303,44,1
207303,103,1
207304,16,2
207305,32,2
207305,2,1
207305,76,1
207306,5,8
207306,87,2
207307,2,1
207307,4,6
207307,70,1
207308,43,4
207309,25,1
207309,13,1
207309,35,2
207309,101,2
207310,1,1
207310,19,1
207310,60,1
207310,109,1
207311,41,1
207311,2,2
207311,19,2
207312,67,1
207312,37,4
207313,41,1
207313,43,1
207313,45,3
207313,28,1
207313,95,1
207314,24,2
207314,9,3
207314,58,2
207315,80,1
207315,51,2
207315,44,1
207315,7,1
207316,11,1
207316,61,2
207316,95,1
207316,63,1
207317,9,1
207317,3,2
207318,73,2
207318,2,1
207318,41,1
207319,74,1
207320,9,2
207320,90,2
207321,27,1
207321,58,1
207321,43,1
207321,44,1
207322,35,7
207322,47,3
207323,73,1
207323,114,3
207323,21,2
207323,85,1
207324,55,4
207325,80,2
207325,59,1
207325,14,3
207326,82,1
207326,52,2
207326,66,1
207326,31,2
207327,41,2
207327,29,1
207327,7,1
207328,8,4
207328,51,2
207329,96,5
207329,118,2
207329,55,1
207330,7,3
207330,72,1
207330,47,1
207330,113,1
207330,116,1
207331,35,1
207331,68,2
207332,25,1
207332,60,1
207333,98,5
207333,69,3
207334,66,1
207334,68,4
207335,108,3
207336,87,10
207337,99,6
207337,29,1
207337,79,1
207338,59,2
207338,93,5
207339,88,1
207340,74,1
207340,19,1
207341,43,8
207342,44,3
207342,53,2
207342,6,1
207343,23,8
207344,27,7
207344,95,3
207345,5,5
207345,11,2
207345,110,1
207345,19,1
207345,53,1
207346,27,1
207346,11,4
207346,30,3
207347,45,5
207348,10,4
207348,52,2
207348,71,1
207348,7,1
207349,120,1
207349,44,1
207349,53,1
207350,87,5
207351,34,3
207351,11,2
207352,51,6
207352,44,1
207353,18,7
207354,80,1
207355,10,2
207355,93,1
207355,71,2
207355,55,2
207356,21,1
207357,1,2
207357,19,5
207358,105,1
207358,99,1
207359,16,1
207359,9,1
207359,42,1
207360,57,1
207360,55,4
207361,53,3
207361,46,2
207362,72,5
207363,48,1
207363,6,8
207364,1,1
207364,2,1
207364,82,1
207365,17,1
207365,19,2
207366,4,3
207366,12,1
207367,91,1
207367,108,1
207368,5,2
207368,39,3
207369,49,4
207369,31,4
207370,2,8
207371,58,1
207372,55,1
207373,111,2
207374,112,1
207374,58,1
207374,35,1
207374,116,1
207375,42,4
207375,35,4
207376,24,5
207376,83,2
207377,2,2
207377,86,2
207378,59,1
207378,12,1
207378,60,2
207379,81,1
207380,6,5
207381,80,1
207381,44,1
207381,45,1
207382,48,3
207382,89,1
207382,53,1
207383,22,1
207384,56,2
207384,39,3
207385,42,1
207385,91,2
207385,4,1
207386,1,1
207387,45,2
207387,46,4
207388,88,4
207388,107,2
207388,94,1
207389,118,1
207389,111,1
207390,114,1
207390,43,3
207390,70,1
207391,48,1
207391,24,1
207391,50,1
207391,116,1
207392,57,1
207392,13,4
207392,27,1
207392,77,1
207393,33,6
207394,115,4
207394,60,1
207394,20,3
207395,36,4
207395,28,4
207396,48,1
207396,57,3
207397,98,1
207397,66,1
207397,114,1
207397,15,1
207398,98,1
207398,59,3
207398,60,1
207399,5,4
207400,48,1
207400,30,1
207401,56,3
207401,108,7
207402,38,2
207402,19,1
207402,118,2
207403,8,1
207403,16,2
207403,83,1
207403,55,2
207403,94,1
207404,98,1
207404,2,2
207404,71,1
207404,40,1
207404,84,1
207405,10,1
207405,37,1
207405,22,1
207406,64,1
207406,11,2
207406,7,2
207406,87,3
207407,66,1
207408,65,1
207408,93,1
207408,30,1
207409,52,4
207410,90,3
207411,8,3
207411,57,4
207412,114,1
207412,3,2
207412,20,5
207413,56,3
207413,18,1
207413,70,2
207414,56,2
207414,52,1
207414,22,1
207415,10,7
207416,107,3
207417,2,4
207417,60,3
207418,40,1
207418,41,1
207418,53,1
207418,56,1
207418,24,1
207419,49,5
207419,42,1
207419,83,3
207419,44,1
207420,18,1
207421,58,1
207421,18,1
207422,106,7
207423,98,2
207423,73,2
207423,10,2
207423,47,1
207423,90,1
207424,17,1
207424,42,2
207424,14,1
207424,49,1
207425,100,4
207425,39,6
207426,51,9
207427,33,5
207427,39,2
207428,8,3
207428,29,1
207428,53,1
207428,7,1
207429,21,2
207429,30,4
207430,17,1
207430,11,1
207431,28,3
207431,110,2
207432,11,2
207432,93,2
207433,105,2
207433,61,1
207433,46,2
207433,87,1
207434,67,1
207435,49,2
207435,20,4
207435,41,1
207436,44,1
207436,55,1
207437,80,2
207437,74,2
207437,83,1
207437,54,2
207438,81,1
207438,58,1
207438,107,1
207438,1,1
207439,60,4
207439,13,1
207440,48,1
207441,2,2
207441,107,6
207441,103,1
207442,3,4
207443,95,1
207444,109,3
207444,38,2
207445,106,1
207445,7,1
207446,58,1
207446,2,1
207446,103,1
207447,49,1
207447,90,1
207447,6,1
207448,15,1
207449,104,1
207449,17,1
207449,45,3
207450,1,1
207450,58,1
207450,77,4
207450,97,1
207451,69,5
207451,47,5
207452,14,8
207453,1,1
207453,43,3
207454,102,1
207454,117,1
207454,118,2
207454,31,1
207455,25,1
207455,70,4
207455,71,1
207456,112,3
207456,49,3
207456,4,1
207457,97,3
207457,82,5
207457,109,1
207458,1,1
207458,28,1
207458,118,1
207459,48,1
207459,60,1
207460,43,4
207460,114,1
207460,19,1
207460,56,2
207460,57,1
207461,11,2
207461,5,1
207461,54,1
207461,79,1
207462,56,2
207462,115,2
207463,89,1
207463,50,1
207463,79,1
207464,42,1
207464,52,1
207464,31,2
207465,56,3
207466,17,6
207466,38,1
207466,9,1
207467,10,2
207467,116,1
207467,46,1
207468,85,9
207469,74,4
207469,5,2
207469,6,1
207470,16,1
207471,105,4
207471,107,1
207471,93,1
207471,30,1
207472,56,1
207472,113,1
207472,79,1
207473,117,1
207473,39,7
207474,64,2
207474,5,1
207475,4,8
207476,48,4
207476,118,1
207476,119,1
207477,58,1
207477,93,5
207478,63,3
207478,31,7
207479,20,5
207480,80,1
207480,16,1
207480,3,1
207481,11,2
207481,19,1
207481,13,7
207482,48,4
207482,65,4
207483,12,2
207483,23,1
207483,94,1
207483,103,1
207484,115,2
207484,20,1
207484,37,2
207484,30,1
207485,20,3
207485,21,4
207485,30,1
207486,118,1
207486,6,1
207487,16,1
207487,1,1
207487,68,1
207487,30,1
207488,88,2
207488,9,2
207488,38,2
207488,25,1
207489,52,4
207489,93,2
207490,118,2
207490,45,1
207490,102,1
207491,34,3
207491,84,2
207491,21,1
207492,48,6
207492,79,4
207493,109,2
207493,61,1
207494,17,1
207494,30,1
207495,19,2
207495,38,1
207496,10,1
207497,40,1
207498,42,2
207498,67,3
207498,5,1
207499,16,3
207499,73,1
207499,12,1
207500,32,8
207501,16,1
207501,53,4
207502,57,1
207502,110,1
207502,14,6
207503,3,1
207503,60,1
207503,31,1
207504,52,1
207505,37,1
207506,44,2
207507,70,2
207507,31,8
207508,40,1
207508,56,1
207508,42,1
207509,24,3
207509,57,1
207509,26,1
207509,47,1
207510,32,2
207510,89,1
207510,9,1
207511,50,3
207511,20,2
207512,16,1
207512,15,2
207513,17,5
207514,25,5
207514,11,3
207514,46,1
207515,50,2
207515,116,3
207515,31,1
207516,41,1
207516,20,2
207517,1,1
207517,42,2
207517,44,1
207518,1,1
207518,108,1
207518,113,2
207518,60,3
207519,57,2
207519,117,4
207520,82,1
207520,51,3
207520,55,1
207521,72,3
207521,32,5
207522,80,1
207522,19,2
207522,76,2
207523,91,1
207524,7,1
207525,77,1
207525,30,6
207526,32,4
207526,26,2
207526,10,1
207526,74,1
207527,96,4
207527,20,1
207527,45,1
207527,111,1
207528,8,1
207528,92,3
207528,85,1
207528,94,1
207529,8,4
207529,1,3
207530,9,3
207531,30,5
207531,47,3
207532,96,4
207532,16,4
207533,112,6
207533,8,1
207533,114,1
207534,86,9
207535,35,2
207536,1,2
207536,76,4
207536,101,1
207537,12,1
207538,32,6
207538,101,1
207538,14,1
207538,17,1
207538,19,1
207539,1,2
207539,29,1
207540,12,1
207540,3,1
207540,116,1
207540,77,1
207541,10,1
207541,45,1
207541,20,1
207541,25,1
207541,26,1
207542,8,4
207542,113,1
207542,76,1
207543,24,2
207543,10,1
207543,46,1
207544,50,4
207544,44,1
207544,45,2
207545,120,1
207545,119,1
207545,13,1
207545,55,1
207546,97,1
207547,17,1
207548,78,2
207548,27,2
207548,118,3
207549,52,1
207549,77,1
207550,42,1
207550,84,3
207550,14,3
207551,107,1
207552,98,1
207552,66,2
207552,9,3
207552,114,1
207552,56,2
207553,31,5
207554,56,3
207554,20,3
207554,36,4
207555,11,6
207556,97,2
207556,42,1
207556,44,1
207556,57,1
207557,8,1
207557,103,3
207558,92,1
207558,15,4
207559,51,2
207559,100,1
207560,32,1
207560,36,1
207560,5,1
207560,16,4
207560,88,1
207561,27,1
207561,83,3
207561,19,1
207561,70,1
207562,80,2
207562,22,3
207562,15,1
207563,34,1
207563,4,1
207563,45,1
207563,22,1
207564,69,1
207564,40,2
207564,106,3
207564,12,1
207564,24,1
207565,106,2
207565,28,3
207566,27,4
207566,108,3
207566,47,1
207567,113,7
207568,9,6
207568,28,1
207568,15,1
207568,112,1
207568,60,2
207569,66,1
207570,91,1
207571,104,6
207571,2,1
207571,37,1
207572,4,1
207572,21,4
207573,14,1
207573,7,6
207574,7,6
207575,42,12
207576,3,6
207576,33,1
207576,11,1
207577,74,2
207578,97,5
207579,15,1
207580,3,1
207580,20,3
207580,94,3
207581,99,4
207581,91,1
207581,46,3
207582,80,5
207582,43,3
207583,8,5
207583,2,3
207583,84,1
207583,44,1
207584,60,1
207584,37,1
207585,100,5
207585,89,1
207585,20,1
207585,8,1
207586,57,2
207586,2,4
207586,52,1
207587,86,2
207587,7,6
207588,99,2
207589,49,2
207590,96,1
207590,35,1
207590,76,1
207590,4,1
207591,7,1
207591,43,1
207591,54,1
207591,58,1
207591,63,2
207592,82,2
207593,58,1
207593,2,6
207593,52,1
207593,6,1
207594,117,1
207594,69,3
207594,6,4
207595,38,1
207595,31,1
207596,104,1
207596,119,1
207596,6,2
207596,111,2
207597,81,3
207597,52,2
207597,9,1
207597,7,1
207598,24,1
207598,40,3
207598,75,4
207599,2,1
207599,19,5
207600,13,5
207601,107,1
207601,34,2
207601,66,1
207601,82,2
207602,80,4
207603,16,1
207603,58,3
207603,83,2
207603,12,4
207604,10,1
207604,26,4
207605,108,2
207605,92,5
207605,55,2
207606,6,8
207607,120,1
207607,115,1
207607,7,1
207608,10,2
207608,11,4
207609,32,1
207609,116,1
207610,5,1
207610,85,1
207610,21,1
207610,24,1
207610,60,1
207611,27,1
207611,11,2
207611,117,1
207611,30,1
207612,106,2
207612,50,1
207612,47,1
207613,100,12
207614,5,8
207615,34,1
207616,9,2
207616,91,2
207617,116,1
207617,62,4
207618,96,1
207618,2,1
207618,4,1
207619,28,5
207620,56,1
207620,38,1
207621,42,1
207622,13,1
207622,79,1
207623,42,3
207623,94,6
207624,20,1
207624,69,1
207625,15,8
207626,34,1
207626,68,1
207626,53,1
207627,43,1
207627,69,7
207628,98,1
207628,51,2
207629,109,2
207630,97,1
207630,98,1
207630,52,1
207631,48,1
207631,40,3
207632,99,1
207632,117,1
207633,56,2
207633,14,2
207633,39,1
207634,48,4
207634,4,1
207634,15,4
207635,84,1
207636,55,10
207637,82,4
207638,40,1
207638,49,1
207638,13,1
207638,110,1
207639,57,3
207639,76,4
207639,45,2
207640,83,2
207640,20,1
207640,14,1
207641,56,2
207641,75,6
207642,19,10
207643,116,2
207643,13,4
207643,15,1
207644,34,1
207644,51,4
207645,96,1
207645,59,1
207645,70,1
207645,87,1
207646,25,1
207646,10,1
207646,117,1
207646,106,1
207647,65,3
207647,3,1
207648,73,3
207648,50,5
207649,32,5
207649,14,2
207650,56,1
207650,4,1
207651,49,7
207651,43,1
207651,68,1
207651,12,2
207652,7,3
207653,24,2
207653,82,1
207653,2,1
207654,106,1
207654,82,2
207655,18,1
207655,37,2
207655,109,1
207656,94,2
207656,34,5
207656,21,1
207656,22,1
207657,1,1
207657,107,1
207657,62,1
207658,7,1
207658,8,1
207658,117,1
207658,23,1
207658,28,1
207659,81,5
207659,66,1
207659,19,1
207660,18,1
207660,4,2
207660,45,1
207660,62,1
207661,32,6
207662,72,1
207662,49,2
207663,72,2
207663,99,2
207663,29,1
207663,55,1
207664,9,1
207664,45,1
207664,19,2
207664,55,1
207664,57,1
207665,33,1
207665,8,1
207665,52,1
207665,25,1
207665,58,1
207666,16,1
207666,55,5
207667,97,1
207667,87,4
207668,64,1
207668,80,1
207668,50,2
207668,20,1
207668,120,1
207669,116,2
207669,38,1
207669,47,1
207670,10,3
207670,61,1
207670,14,1
207671,88,1
207672,84,3
207673,9,4
207673,38,2
207673,15,4
207674,9,1
207675,18,1
207676,40,2
207676,108,1
207676,85,1
207676,15,1
207677,36,6
207677,15,1
207678,41,3
207678,6,1
207678,79,3
207679,4,2
207680,22,6
207681,33,1
207681,94,4
207682,16,2
207683,96,6
207683,51,1
207683,119,1
207684,71,10
207685,72,1
207685,49,2
207685,90,1
207685,82,1
207686,2,1
207686,52,3
207687,56,1
207687,105,1
207687,55,1
207687,23,3
207688,76,1
207688,87,1
207688,31,1
207689,42,1
207689,29,1
207690,112,2
207690,42,1
207690,110,1
207691,19,1
207691,103,1
207692,2,4
207692,4,2
207692,12,4
207693,19,2
207693,44,1
207693,78,1
207694,110,2
207694,87,2
207695,29,1
207696,45,10
207697,49,3
207698,41,1
207698,36,1
207698,15,1
207699,82,3
207699,20,1
207700,36,12
207701,87,1
207702,56,5
207702,62,2
207702,71,3
207703,107,2
207703,43,1
207703,117,1
207703,7,2
207704,112,2
207704,57,4
207704,54,2
207705,49,1
207705,20,1
207706,100,1
207706,63,1
207707,42,5
207707,11,3
207708,56,1
207708,1,1
207709,16,1
207709,91,1
207710,35,1
207711,11,4
207711,85,2
207711,45,1
207712,114,1
207712,4,1
207713,101,2
207713,14,1
207714,42,2
207714,91,4
207715,1,1
207715,19,1
207715,53,1
207716,50,2
207717,50,4
207717,45,1
207717,7,2
207718,43,3
207718,15,1
207719,72,1
207719,1,1
207719,18,1
207720,80,7
207720,77,1
207721,49,1
207721,47,1
207722,41,3
207722,42,1
207722,28,2
207723,25,1
207723,59,2
207724,106,1
207725,64,1
207725,22,1
207726,2,3
207726,44,1
207726,110,1
207726,47,1
207727,71,7
207728,72,7
207728,36,1
207729,114,1
207729,43,3
207729,63,1
207730,48,1
207730,58,2
207731,59,3
207731,67,1
207731,109,4
207732,98,4
207732,5,1
207732,87,3
207733,58,3
207733,4,1
207734,72,1
207734,4,1
207734,111,2
207734,68,3
207735,105,6
207735,82,2
207735,3,2
207735,15,1
207736,97,1
207736,77,1
207737,48,2
207737,18,1
207737,22,1
207737,6,1
207738,57,1
207738,45,1
207739,105,1
207739,36,4
207740,89,2
207740,41,2
207740,71,5
207741,60,3
207741,14,5
207742,41,4
207742,31,3
207743,97,2
207743,55,1
207744,58,7
207744,92,3
207745,27,1
207745,12,1
207745,119,1
207746,101,4
207747,40,9
207748,92,4
207748,111,1
207749,51,1
207749,6,7
207750,104,3
207750,40,1
207750,60,1
207751,115,1
207752,13,1
207753,65,1
207753,5,1
207753,7,1
207754,2,4
207754,27,1
207754,69,1
207755,89,1
207755,45,1
207756,74,1
207756,12,1
207757,101,2
207757,11,2
207757,20,1
207757,61,1
207758,24,8
207759,88,6
207759,1,1
207759,51,1
207760,90,6
207761,8,3
207761,36,2
207761,47,3
207762,48,5
207762,45,1
207762,27,1
207762,5,1
207763,72,1
207763,104,1
207764,88,6
207764,18,2
207764,50,1
207765,65,1
207765,7,2
207765,41,1
207765,47,1
207765,113,1
207766,112,1
207766,116,2
207766,20,4
207767,43,1
207767,45,1
207768,14,7
207769,1,1
207770,56,1
207770,58,4
207771,32,8
207772,52,1
207772,21,1
207773,49,5
207774,115,3
207774,47,3
207775,18,6
207775,22,1
207776,9,3
207776,2,1
207776,100,1
207777,56,8
207778,32,5
207779,103,7
207780,41,2
207780,11,1
207781,72,10
207782,8,5
207783,14,7
207784,96,11
207785,59,3
207785,76,2
207785,38,2
207786,24,1
207786,56,2
207786,29,1
207786,54,2
207787,33,1
207787,4,3
207788,36,11
207789,49,4
207789,10,4
207790,41,5
207790,68,3
207790,93,1
207791,62,8
207792,91,2
207792,20,6
207793,7,9
207794,103,1
207794,31,1
207795,42,1
207795,12,1
207795,21,1
207796,5,1
207797,44,8
207798,67,1
207798,117,6
207799,43,5
207799,44,1
207799,29,1
207799,15,1
207800,2,6
207800,43,5
207801,58,8
207802,74,3
207802,43,2
207802,42,2
207802,53,1
207802,56,3
207803,18,1
207803,38,1
207804,70,1
207804,105,1
207804,14,1
207804,84,2
207804,31,1
207805,58,1
207805,19,5
207806,51,1
207806,94,1
207807,56,1
207807,58,1
207807,119,1
207808,103,5
207809,88,2
207809,34,3
207809,18,1
207809,46,2
207810,48,4
207810,85,1
207810,14,1
207810,55,1
207811,5,1
207812,72,3
207812,35,1
207812,34,1
207812,59,1
207813,59,5
207814,32,2
207814,70,3
207814,8,1
207814,107,3
207814,82,1
207815,3,2
207815,54,5
207816,66,1
207816,14,1
207816,79,1
207817,17,1
207817,42,2
207817,51,1
207817,12,1
207818,102,3
207818,63,2
207819,57,4
207819,50,2
207819,55,2
207820,51,3
207820,110,3
207820,111,1
207821,41,3
207821,66,1
207821,85,4
207822,115,1
207822,49,1
207822,26,1
207822,27,1
207823,73,2
207823,28,3
207823,13,2
207823,94,3
207824,81,3
207825,8,2
207825,57,1
207826,21,3
207826,5,4
207827,11,1
207827,52,1
207827,69,1
207828,49,3
207828,10,2
207828,85,1
207828,102,1
207829,42,1
207830,81,1
207831,47,3
207831,16,2
207831,49,1
207831,53,1
207831,92,1
207832,21,6
207833,53,3
207833,15,1
207834,25,1
207834,60,2
207834,55,1
207834,41,2
207835,113,2
207835,118,6
207835,14,1
207836,61,4
207837,81,1
207837,46,4
207838,39,3
207838,7,1
207838,45,1
207838,16,1
207838,115,1
207839,34,2
207839,4,1
207839,79,1
207839,60,1
207839,94,1
207840,99,6
207840,44,4
207841,119,1
207842,33,1
207842,15,1
207842,18,1
207842,91,1
207842,62,1
207843,17,1
207843,51,8
207844,105,1
207844,78,3
207844,50,1
207844,57,4
207844,26,1
207845,10,1
207845,115,3
207845,117,3
207846,40,1
207846,37,1
207846,54,1
207847,25,1
207847,70,1
207847,49,1
207848,26,1
207848,27,2
207848,110,1
207849,81,1
207849,42,2
207849,9,2
207850,1,7
207851,31,8
207852,32,2
207852,5,1
207853,115,1
207853,13,1
207854,4,7
207855,114,1
207855,117,3
207856,19,2
207856,6,2
207857,46,4
207858,51,6
207858,23,1
207859,89,2
207859,59,2
207859,7,3
207860,99,2
207860,103,1
207860,109,1
207860,49,1
207860,54,1
207861,81,3
207861,21,1
207861,6,1
207861,41,1
207862,99,2
207862,59,2
207862,53,2
207863,41,4
207863,13,1
207863,63,3
207864,118,1
207865,42,5
207865,44,1
207865,60,1
207866,54,5
207867,8,1
207867,14,1
207867,17,1
207867,114,1
207867,83,1
207868,16,1
207868,89,3
207868,39,1
207869,5,7
207870,36,1
207870,39,3
207870,103,4
207870,77,1
207870,58,2
207871,48,1
207871,30,3
207872,10,4
207872,42,1
207873,48,5
207873,43,6
207874,80,3
207874,3,1
207874,93,1
207874,78,1
207875,107,2
207875,7,7
207876,90,1
207876,20,5
207877,88,1
207877,107,1
207877,75,5
207878,32,7
207878,10,1
207879,96,1
207879,82,1
207880,51,2
207880,54,2
207881,96,5
207881,102,4
207881,7,1
207881,52,1
207881,90,1
207882,64,5
207882,53,4
207882,78,1
207883,84,1
207883,4,1
207884,104,9
207885,33,3
207885,47,2
207886,2,1
207886,111,3
207887,98,7
207888,40,7
207889,41,2
207889,82,2
207889,54,1
207889,23,1
207890,42,5
207890,119,4
207891,3,3
207891,11,2
207891,31,2
207892,1,2
207892,4,3
207892,39,4
207893,84,2
207893,76,5
207893,46,4
207893,47,1
207894,10,2
207894,29,2
207894,54,1
207895,84,1
207895,22,7
207896,105,3
207896,59,2
207897,57,1
207897,20,2
207897,54,1
207898,11,3
207898,29,1
207899,27,5
207900,19,1
207900,4,2
207901,23,5
207901,39,1
207901,63,1
207902,64,1
207902,2,1
207902,35,3
207902,6,1
207902,82,2
207903,33,4
207903,109,4
207903,22,1
207904,108,1
207904,72,4
207904,52,1
207904,5,1
207905,16,3
207905,2,5
207906,1,1
207906,10,1
207906,115,4
207906,42,5
207907,106,1
207907,22,6
207908,24,1
207908,102,2
207909,77,5
207910,46,2
207910,15,1
207910,18,1
207910,119,2
207910,24,1
207911,70,8
207912,4,1
207913,3,1
207913,10,1
207913,14,1
207913,114,2
207913,19,1
207914,20,6
207914,21,3
207915,66,5
207916,1,1
207916,114,1
207916,85,1
207917,1,5
207917,26,2
207917,43,1
207917,106,1
207918,89,4
207918,106,1
207919,107,1
207919,52,1
207919,55,1
207920,60,6
207921,20,2
207921,37,4
207921,71,3
207922,112,4
207922,99,3
207922,45,1
207923,5,2
207923,80,2
207923,51,1
207923,25,1
207923,27,1
207924,41,4
207924,99,1
207924,12,1
207924,54,1
207925,43,1
207925,6,7
207926,9,6
207926,25,1
207926,97,1
207927,81,5
207927,43,1
207928,48,2
207928,41,4
207928,5,1
207929,65,2
207929,6,1
207930,93,8
207931,89,1
207931,117,2
207932,112,1
207932,108,2
207933,13,1
207933,6,2
207934,55,1
207935,80,4
207935,68,3
207936,53,1
207936,62,1
207937,21,1
207938,40,1
207938,91,2
207939,104,4
207939,83,1
207939,4,1
207940,8,3
207940,60,2
207940,29,1
207940,46,1
207941,48,1
207941,49,1
207941,5,1
207941,87,1
207942,18,4
207943,56,1
207943,55,1
207944,27,1
207944,20,1
207944,7,1
207945,54,5
207946,35,1
207946,91,1
207946,3,1
207947,29,5
207947,14,1
207948,40,2
207948,54,1
207949,100,1
207949,21,2
207950,49,3
207950,13,1
207950,99,1
207950,21,1
207951,43,8
207951,27,1
207951,46,2
207952,19,5
207953,86,5
207953,6,4
207954,97,1
207954,42,1
207954,52,1
207955,28,4
207955,54,3
207956,27,1
207957,112,4
207957,34,2
207957,60,2
207958,98,4
207958,109,6
207959,82,1
207959,86,1
207959,47,1
207960,17,2
207960,42,3
207961,20,1
207962,9,3
207962,29,3
207963,64,1
207963,113,2
207963,77,2
207964,80,1
207964,105,2
207964,4,1
207964,28,2
207965,50,8
207966,120,7
207967,89,1
207967,15,4
207968,17,5
207968,26,1
207968,7,2
207969,110,2
207969,91,4
207969,46,1
207969,71,1
207970,108,1
207971,76,1
207972,34,2
207972,51,3
207972,13,1
207972,87,1
207973,44,1
207973,36,1
207973,22,5
207974,11,4
207974,53,2
207974,118,3
207975,98,1
207975,44,1
207975,45,1
207976,120,1
207976,62,4
207977,12,1
207977,53,4
207978,10,7
207978,18,2
207978,52,1
207979,78,1
207979,14,1
207980,1,5
207981,56,4
207981,1,1
207981,61,4
207982,118,1
207983,89,1
207983,46,5
207984,56,1
207985,10,1
207985,43,1
207986,73,1
207986,106,1
207986,4,1
207987,81,3
207987,60,1
207987,47,2
207988,33,1
207988,19,1
207988,30,1
207989,2,1
207989,3,1
207989,15,7
207990,43,3
207990,27,1
207990,21,1
207990,47,1
207991,97,2
207991,3,1
207991,7,1
207991,71,1
207992,50,2
207992,59,3
207993,21,6
207993,37,2
207994,51,1
207995,116,1
207995,46,1
207996,115,3
207996,100,1
207996,77,3
207997,100,2
207997,91,2
207997,52,1
207998,59,5
207998,44,1
207999,88,1
207999,36,5
208000,2,8
208001,83,8
208002,9,4
208003,49,5
208003,60,1
208003,9,1
208003,14,1
208004,30,1
208005,120,1
208005,92,1
208005,103,1
208006,46,4
208007,120,4
208007,101,1
208007,39,1
208008,64,1
208008,49,8
208009,1,3
208009,60,4
208010,43,3
208010,66,7
208010,3,1
208010,55,3
208011,24,1
208011,21,1
208012,90,2
208012,67,1
208012,93,1
208012,30,1
208013,114,2
208013,45,1
208013,14,1
208014,20,1
208014,46,1
208014,87,4
208015,19,1
208015,10,3
208015,3,1
208015,4,1
208016,1,1
208016,18,1
208016,71,1
208017,98,1
208017,116,1
208018,98,1
208018,43,2
208019,14,3
208020,86,6
208020,54,2
208020,39,2
208021,5,5
208021,23,3
208022,26,1
208023,1,1
208023,112,1
208023,52,1
208023,58,1
208023,60,1
208024,62,2
208024,119,7
208025,66,1
208026,35,1
208026,37,3
208027,109,1
208027,59,1
208027,29,1
208028,17,1
208028,50,6
208029,48,4
208029,42,2
208029,55,1
208030,16,3
208030,115,2
208031,2,1
208031,7,1
208031,45,1
208031,18,1
208031,89,1
208032,57,1
208032,42,4
208032,12,1
208033,65,4
208033,18,3
208033,22,1
208034,120,2
208034,34,3
208034,27,1
208035,27,8
208036,72,1
208036,106,2
208036,15,1
208036,49,1
208036,24,1
208037,24,2
208037,37,3
208038,67,5
208038,29,4
208039,53,1
208040,35,5
208040,2,1
208040,26,1
208041,88,3
208042,25,2
208042,2,4
208043,66,2
208043,85,1
208043,15,3
208044,2,5
208045,54,1
208046,57,1
208046,74,1
208046,4,1
208046,49,1
208047,50,5
208047,5,2
208047,47,1
208048,50,1
208049,42,1
208049,26,1
208049,55,5
208050,45,8
208051,66,3
208051,42,1
208051,78,1
208051,14,1
208051,22,1
208052,79,5
208053,24,1
208053,41,1
208054,46,2
208054,92,1
208054,14,1
208055,4,3
208055,5,1
208055,60,4
208055,87,1
208056,112,3
208056,48,1
208056,20,4
208057,4,5
208057,29,3
208058,8,1
208058,49,6
208059,32,5
208059,13,1
208059,36,2
208059,53,1
208060,56,2
208060,2,1
208060,4,1
208061,60,7
208062,21,4
208062,68,2
208062,77,1
208062,71,1
208063,24,3
208063,41,1
208063,43,2
208063,4,1
208064,90,5
208065,62,2
208066,75,1
208066,44,1
208066,45,1
208066,102,1
208067,41,4
208067,93,3
208068,89,3
208068,33,3
208069,31,2
208070,80,6
208070,28,4
208071,12,1
208071,15,3
208072,41,1
208072,60,2
208073,45,5
208074,19,1
208074,10,4
208074,75,2
208074,38,1
208075,58,10
208076,16,1
208076,41,1
208076,105,1
208077,11,2
208077,12,5
208078,25,1
208078,20,2
208078,4,3
208078,5,2
208079,8,2
208079,4,2
208079,54,2
208080,74,1
208080,86,4
208081,27,1
208081,108,1
208081,46,1
208081,103,1
208082,33,3
208082,18,1
208082,34,1
208082,41,1
208083,77,10
208084,80,1
208084,60,5
208084,46,2
208085,100,2
208085,15,3
208086,94,1
208087,57,1
208087,55,2
208087,7,2
208088,80,4
208088,2,1
208088,61,1
208089,50,1
208089,59,3
208089,45,1
208089,95,4
208090,90,2
208090,53,1
208090,79,1
208091,50,1
208091,67,1
208091,68,2
208092,3,3
208092,79,4
208093,60,3
208093,38,4
208094,37,6
208094,30,1
208095,9,3
208095,105,1
208095,44,1
208095,18,2
208095,84,1
208096,50,8
208097,45,3
208097,19,1
208097,13,1
208098,8,4
208098,90,4
208098,42,2
208099,104,1
208099,1,1
208099,45,1
208099,47,1
208100,42,1
208100,117,5
208101,12,4
208102,12,5
208103,57,1
208103,50,2
208103,90,3
208103,13,1
208104,18,2
208104,60,2
208104,13,1
208105,76,6
208106,25,1
208106,114,4
208106,115,1
208107,89,8
208108,48,2
208108,63,5
208109,22,7
208110,114,1
208110,42,1
208110,15,1
208111,25,1
208111,11,1
208111,12,1
208111,110,1
208112,48,3
208112,16,2
208112,75,2
208113,42,2
208113,27,2
208114,8,4
208114,67,6
208115,18,1
208116,44,1
208116,38,1
208117,10,2
208117,13,1
208118,90,1
208119,73,1
208119,41,2
208119,108,2
208119,28,2
208119,31,1
208120,8,1
208120,118,1
208121,98,1
208121,3,2
208121,61,1
208121,15,1
208122,48,1
208122,115,1
208123,50,1
208123,30,1
208123,111,4
208124,88,2
208124,102,4
208125,51,3
208125,7,1
208125,95,1
208126,119,3
208126,61,1
208126,23,1
208127,52,2
208127,110,1
208127,55,1
208128,43,3
208128,38,2
208129,33,6
208129,10,1
208129,51,2
208129,41,1
208130,109,1
208131,114,5
208131,35,1
208131,13,3
208132,3,1
208132,13,1
208132,46,1
208133,1,1
208133,44,1
208133,46,1
208133,95,1
208134,37,1
208134,95,1
208135,17,1
208135,75,1
208135,29,2
208136,25,1
208136,59,1
208136,60,1
208136,53,1
208137,32,6
208137,33,1
208137,5,1
208138,11,5
208138,57,3
208138,43,1
208139,64,1
208139,33,2
208139,84,1
208140,103,2
208140,29,2
208140,39,2
208141,60,1
208141,69,1
208141,15,1
208142,70,1
208142,6,4
208143,67,3
208143,23,3
208144,24,2
208144,22,1
208144,111,1
208145,43,1
208146,34,4
208146,53,1
208147,57,6
208148,120,1
208148,30,2
208148,47,5
208149,20,4
208150,17,1
208150,60,1
208150,86,4
208151,64,2
208151,101,2
208151,73,1
208151,25,1
208151,27,1
208152,81,1
208152,19,1
208153,75,8
208154,48,1
208154,12,1
208155,113,1
208155,17,7
208155,71,1
208156,42,10
208156,44,3
208157,106,4
208158,91,1
208158,12,7
208159,8,1
208159,28,2
208160,57,1
208160,51,1
208160,118,1
208161,34,1
208161,36,1
208161,102,1
208162,42,1
208163,57,1
208163,19,5
208163,17,1
208163,49,1
208164,19,2
208164,100,2
208165,58,1
208166,43,1
208167,8,3
208167,59,1
208167,20,1
208167,45,1
208168,9,2
208168,11,2
208168,85,1
208168,27,3
208168,60,1
208169,94,1
208169,63,1
208170,47,3
208170,51,2
208170,20,1
208170,56,1
208170,29,1
208171,11,1
208171,37,1
208171,47,2
208172,34,5
208173,48,4
208173,39,3
208173,7,1
208174,102,8
208175,46,1
208176,77,1
208176,103,2
208177,98,1
208178,60,2
208178,6,1
208179,101,6
208179,94,1
208180,48,3
208180,16,1
208180,104,1
208181,5,2
208181,37,2
208182,6,1
208182,75,1
208182,49,1
208182,19,1
208182,25,1
208183,25,3
208183,7,1
208184,18,1
208184,2,6
208184,87,2
208185,71,1
208186,65,1
208186,18,2
208187,37,7
208188,36,1
208189,9,1
208189,15,2
208190,18,3
208190,117,1
208190,54,1
208191,49,3
208191,12,3
208191,15,1
208192,59,3
208192,67,2
208192,44,1
208192,6,2
208193,111,3
208193,18,1
208193,19,1
208193,23,1
208193,95,1
208194,120,5
208194,1,2
208194,42,1
208195,120,1
208195,69,3
208195,77,1
208195,6,1
208196,81,6
208196,75,3
208196,118,1
208197,48,2
208197,63,3
208197,39,3
208198,83,1
208198,45,1
208199,96,1
208199,17,3
208199,100,1
208199,118,2
208200,13,3
208201,116,9
208202,2,1
208202,31,1
208202,15,3
208203,9,1
208203,44,3
208203,55,1
208204,67,1
208204,86,5
208205,55,1
208206,32,2
208206,22,1
208206,7,1
208207,1,2
208207,52,1
208207,93,2
208208,112,3
208208,107,2
208208,5,1
208208,55,1
208209,51,9
208209,116,2
208209,53,1
208210,33,1
208211,20,1
208212,3,1
208212,102,2
208212,8,2
208212,109,1
208212,113,1
208213,115,1
208214,24,2
208214,90,1
208214,102,1
208215,88,6
208215,44,1
208216,40,2
208216,1,1
208216,47,1
208216,33,3
208217,48,3
208217,3,4
208217,12,2
208218,33,5
208219,55,6
208220,21,1
208221,8,3
208221,29,1
208221,103,2
208222,14,1
208222,47,1
208223,105,2
208223,10,2
208224,57,1
208224,111,5
208224,71,1
208225,11,2
208226,32,1
208226,9,1
208226,13,1
208226,39,1
208227,49,4
208227,58,1
208227,107,2
208228,82,2
208228,99,3
208229,42,1
208229,20,2
208229,117,3
208230,40,1
208230,116,5
208230,77,1
208231,73,1
208232,24,1
208232,12,1
208233,34,3
208233,91,2
208234,34,3
208234,55,1
208235,27,1
208235,28,4
208236,11,1
208237,26,1
208237,27,1
208238,24,1
208238,74,1
208238,77,1
208239,107,4
208239,119,1
208240,40,1
208240,116,1
208241,72,1
208241,90,1
208241,44,4
208242,83,1
208242,36,1
208243,17,2
208243,46,1
208243,79,2
208244,83,5
208245,35,1
208245,21,3
208245,94,1
208246,58,4
208246,23,3
208247,25,5
208248,90,4
208248,43,1
208248,4,1
208248,53,1
208249,61,6
208250,37,3
208250,83,1
208250,22,2
208250,23,1
208250,28,1
208251,113,1
208251,35,1
208252,72,4
208252,89,2
208252,51,3
208253,16,4
208253,9,1
208253,53,1
208254,17,2
208254,113,1
208254,38,1
208254,7,1
208255,17,1
208256,2,5
208256,92,2
208257,3,10
208257,51,1
208258,49,1
208259,90,1
208259,115,1
208260,99,5
208260,42,1
208260,3,1
208260,84,1
208261,44,7
208262,73,5
208262,1,1
208263,19,4
208263,3,2
208263,55,2
208264,3,8
208265,120,3
208265,56,1
208266,119,1
208267,9,1
208267,4,1
208267,1,1
208268,112,1
208268,28,1
208269,66,1
208269,13,3
208270,17,1
208270,13,1
208271,27,1
208271,50,1
208271,18,1
208271,100,1
208272,26,3
208273,1,1
208273,3,1
208273,41,2
208274,76,2
208274,83,1
208274,54,1
208274,89,1
208274,31,1
208275,33,1
208275,3,1
208276,81,6
208277,26,3
208277,30,1
208278,25,4
208278,3,1
208278,54,2
208279,66,2
208279,78,1
208279,51,1
208279,91,1
208279,28,1
208280,32,1
208280,98,1
208280,83,1
208280,95,1
208281,86,4
208282,2,6
208282,11,1
208283,17,4
208283,43,1
208283,13,2
208283,30,3
208284,72,1
208284,99,1
208284,19,1
208285,112,1
208285,41,1
208285,34,2
208286,49,4
208286,19,1
208287,73,1
208287,46,1
208287,119,2
208287,59,3
208287,60,1
208288,101,2
208288,17,1
208288,50,1
208288,21,1
208288,60,1
208289,41,1
208290,41,1
208290,45,2
208291,83,4
208292,55,6
208293,32,5
208293,60,1
208294,57,6
208294,67,1
208294,92,1
208295,16,5
208296,36,1
208297,1,2
208297,116,2
208298,1,7
208299,40,1
208300,48,1
208300,9,3
208301,80,2
208301,65,1
208301,91,1
208301,41,1
208302,104,4
208302,40,1
208302,5,1
208303,92,5
208304,80,2
208304,28,3
208304,94,1
208304,39,1
208305,90,2
208305,7,2
208306,56,1
208306,21,4
208306,38,1
208307,49,1
208307,7,3
208308,26,1
208308,12,1
208309,98,1
208309,5,2
208309,9,1
208309,13,1
208309,19,1
208310,56,3
208310,60,2
208310,5,3
208311,10,2
208311,12,1
208311,106,1
208311,95,1
208312,120,1
208312,12,1
208312,31,1
208313,50,6
208313,42,1
208314,24,1
208314,26,1
208314,14,1
208315,40,2
208315,98,3
208315,48,1
208315,37,2
208316,68,2
208316,54,4
208317,65,1
208317,115,3
208317,109,1
208318,18,5
208318,46,1
208318,14,2
208319,34,2
208319,12,1
208319,53,1
208320,21,1
208320,103,1
208321,72,4
208321,66,1
208321,3,2
208322,42,2
208322,27,1
208322,5,3
208323,49,2
208323,2,2
208324,14,1
208325,110,1
208326,49,1
208326,51,1
208327,10,3
208327,46,7
208328,49,1
208328,60,1
208329,112,5
208330,114,5
208330,3,1
208331,44,1
208331,5,1
208332,49,3
208332,2,4
208333,62,7
208334,28,7
208334,117,2
208335,13,6
208335,55,2
208336,60,4
208336,21,4
208337,10,3
208337,42,2
208338,107,1
208339,1,4
208339,86,2
208340,16,3
208340,97,4
208340,8,1
208341,17,3
208341,90,2
208341,59,1
208341,77,2
208342,8,1
208342,26,3
208343,21,2
208343,95,1
208344,42,1
208344,59,1
208344,62,1
208345,11,3
208345,6,4
208346,117,1
208346,53,2
208347,120,2
208347,49,1
208347,50,1
208347,21,1
208348,24,2
208348,115,5
208349,8,4
208349,87,2
208350,18,4
208350,51,2
208350,21,3
208351,91,2
208351,28,5
208351,38,1
208351,7,1
208352,10,5
208352,12,2
208352,76,1
208353,108,1
208353,20,1
208354,18,2
208354,43,2
208355,46,4
208356,62,1
208356,19,1
208356,52,1
208356,70,1
208357,44,2
208358,54,6
208359,72,5
208359,33,2
208359,10,1
208360,8,10
208361,42,4
208362,36,1
208363,38,1
208364,106,7
208364,69,2
208364,15,1
208365,16,1
208365,60,2
208366,97,1
208366,92,1
208366,17,1
208367,22,4
208368,51,3
208368,39,4
208369,46,4
208369,111,1
208369,81,1
208369,17,1
208369,56,1
208370,88,6
208370,97,1
208370,56,4
208371,75,1
208371,91,1
208371,63,1
208372,95,1
208373,2,10
208374,48,1
208374,66,3
208375,34,3
208375,78,3
208376,80,2
208376,3,2
208376,77,3
208377,60,1
208377,5,3
208378,12,3
208378,13,2
208378,108,2
208378,45,2
208378,52,2
208379,8,1
208379,10,1
208380,64,1
208380,51,1
208380,20,2
208381,35,1
208381,52,1
208381,92,1
208382,73,3
208382,91,1
208382,36,1
208382,49,2
208383,100,3
208383,21,2
208383,79,1
208383,63,1
208384,111,3
208385,99,1
208385,9,1
208385,15,1
208385,90,1
208385,60,1
208386,96,2
208386,11,1
208387,19,1
208387,4,1
208387,22,1
208388,7,2
208388,31,4
208389,56,4
208389,50,1
208389,28,1
208389,31,1
208390,57,4
208390,83,4
208390,55,2
208391,56,1
208391,41,1
208391,11,2
208391,24,1
208392,49,1
208393,10,2
208393,75,4
208394,80,1
208394,49,1
208395,83,1
208395,23,1
208396,16,1
208396,3,1
208397,87,1
208398,16,4
208398,32,1
208398,19,1
208398,70,1
208399,99,1
208400,48,5
208400,52,1
208400,79,1
208401,120,4
208401,25,1
208401,37,1
208401,30,1
208402,57,5
208402,11,1
208402,54,1
208403,46,8
208404,20,1
208404,101,2
208405,6,1
208405,47,3
208406,81,3
208406,50,3
208406,7,2
208407,28,1
208407,38,1
208408,49,1
208409,52,1
208410,96,2
208410,17,3
208410,22,1
208410,24,1
208411,35,4
208411,99,1
208411,97,1
208412,80,1
208412,73,1
208412,55,1
208413,56,3
208413,36,2
208413,46,1
208414,48,1
208415,72,5
208415,16,1
208415,28,1
208416,101,2
208416,62,4
208417,101,2
208417,42,3
208417,113,1
208417,20,1
208417,119,1
208418,49,1
208418,115,1
208418,45,4
208419,17,1
208419,54,1
208419,23,1
208420,9,3
208420,43,1
208420,31,3
208421,120,2
208421,82,1
208422,88,2
208422,41,2
208422,21,1
208422,29,2
208423,24,4
208423,59,1
208423,44,1
208424,33,1
208424,54,5
208425,43,5
208425,83,3
208426,117,1
208427,33,2
208427,113,2
208427,23,1
208428,43,1
208428,4,1
208428,86,1
208429,68,7
208430,49,3
208430,27,1
208430,85,2
208431,1,1
208431,83,1
208431,86,1
208432,9,1
208432,5,1
208433,57,1
208433,51,1
208434,108,1
208434,60,1
208435,51,2
208435,53,3
208435,102,2
208436,12,5
208437,33,4
208437,38,1
208438,34,1
208439,12,12
208439,102,1
208440,88,3
208440,1,2
208440,77,2
208440,95,1
208441,59,1
208441,54,3
208442,32,2
208442,13,8
208443,90,5
208443,28,4
208444,99,1
208444,47,8
208444,7,2
208445,50,2
208445,28,1
208445,44,1
208446,98,2
208446,100,1
208446,73,2
208446,10,1
208446,74,1
208447,59,7
208447,12,2
208447,37,2
208448,59,1
208449,3,7
208450,39,3
208450,47,5
208451,76,1
208451,44,1
208452,107,4
208452,20,4
208452,103,1
208453,63,4
208454,120,1
208454,80,1
208454,46,2
208454,39,1
208455,68,2
208455,5,1
208455,38,1
208456,72,2
208456,11,1
208456,28,1
208457,47,5
208457,37,1
208457,63,1
208458,24,1
208458,18,3
208459,13,1
208460,28,4
208460,12,6
208461,17,2
208461,66,1
208461,119,1
208462,17,1
208462,109,1
208462,46,4
208462,113,1
208463,49,5
208464,39,4
208465,9,2
208465,55,1
208466,59,1
208466,55,3
208467,60,2
208467,39,3
208468,17,4
208468,107,2
208468,108,1
208468,31,1
208469,56,1
208469,18,2
208469,67,1
208469,4,1
208470,43,1
208471,46,2
208471,7,3
208472,11,8
208472,99,1
208472,85,1
208472,37,1
208473,10,4
208473,51,1
208473,50,1
208474,67,1
208474,11,1
208474,37,2
208475,35,1
208475,107,3
208475,37,3
208476,2,1
208476,99,1
208476,9,1
208476,74,3
208476,41,2
208477,16,5
208477,52,3
208478,26,1
208478,36,2
208478,74,1
208479,116,1
208479,21,1
208480,5,4
208480,51,1
208480,69,1
208480,70,1
208481,60,1
208481,118,1
208482,66,6
208483,44,7
208483,13,1
208484,41,4
208484,63,1
208484,37,1
208484,55,1
208485,41,2
208485,83,1
208485,84,2
208485,120,1
208485,91,1
208486,5,4
208486,51,1
208486,13,2
208487,80,2
208487,18,1
208487,83,2
208487,29,1
208488,40,1
208488,83,1
208488,100,1
208489,26,1
208489,15,5
208490,82,7
208490,13,3
208491,25,6
208491,4,1
208491,17,2
208492,50,1
208493,66,1
208493,36,7
208494,59,4
208495,11,7
208495,118,1
208496,57,5
208496,100,1
208496,47,1
208497,100,7
208497,76,1
208498,25,1
208498,19,4
208499,117,2
208499,15,2
208500,82,3
208500,30,2
208501,17,5
208502,120,5
208502,18,1
208503,25,3
208503,50,4
208503,53,2
208503,15,2
208504,90,1
208504,43,4
208504,68,1
208504,54,2
208505,98,3
208505,68,1
208505,14,1
208505,18,1
208505,118,1
208506,115,5
208506,21,1
208506,22,1
208507,49,1
208507,23,1
208508,49,4
208508,90,4
208509,115,1
208509,51,1
208510,58,1
208510,12,2
208511,117,3
208511,3,3
208511,5,1
208511,7,1
208512,56,9
208513,109,2
208513,55,3
208514,10,1
208514,101,3
208515,10,5
208515,39,1
208515,15,2
208516,16,1
208516,98,1
208516,66,1
208516,7,1
208517,43,4
208517,14,3
208517,87,1
208518,40,2
208518,10,1
208518,48,1
208518,34,1
208519,106,2
208519,20,2
208519,54,1
208519,87,1
208519,62,2
208520,98,1
208520,4,2
208520,38,1
208520,55,1
208521,17,1
208522,45,1
208522,78,4
208523,99,1
208523,35,1
208523,12,1
208523,17,1
208523,23,1
208524,56,4
208524,4,2
208525,69,2
208525,94,4
208526,89,4
208526,75,1
208526,1,1
208527,39,1
208527,119,1
208528,27,2
208528,101,4
208529,104,1
208529,92,1
208529,110,1
208530,15,1
208530,76,2
208530,55,5
208531,56,1
208531,43,1
208531,30,1
208532,68,1
208532,52,1
208533,26,2
208533,84,1
208533,23,4
208534,109,6
208535,33,2
208535,70,6
208536,108,1
208537,31,2
208538,107,3
208538,70,2
208539,100,5
208540,2,1
208540,22,3
208541,4,5
208541,31,2
208542,41,5
208543,1,2
208543,90,5
208544,43,4
208544,20,1
208545,5,1
208545,46,1
208545,119,1
208546,116,1
208546,52,7
208546,47,1
208547,32,6
208548,117,1
208548,39,3
208549,112,4
208549,113,1
208549,59,1
208549,21,1
208550,68,1
208551,17,2
208551,12,3
208551,53,2
208551,15,1
208552,33,3
208552,28,1
208553,25,1
208553,57,1
208554,48,1
208554,27,1
208555,9,3
208555,68,1
208556,17,1
208556,59,1
208556,71,1
208557,52,4
208558,2,2
208558,3,4
208558,20,2
208559,10,1
208559,36,1
208559,14,1
208560,81,2
208560,113,1
208560,22,1
208561,51,2
208561,62,1
208562,94,2
208562,98,1
208562,18,4
208562,46,1
208563,46,1
208564,15,1
208564,19,1
208564,52,1
208564,53,1
208564,54,1
208565,120,5
208565,9,1
208565,54,1
208565,113,1
208566,9,7
208566,116,1
208567,107,2
208567,46,1
208568,10,3
208569,41,4
208569,110,1
208569,18,1
208569,86,1
208570,119,6
208571,34,3
208571,75,2
208572,5,8
208572,74,3
208572,11,1
208572,48,1
208572,58,1
208573,9,4
208573,29,3
208573,14,1
208574,4,2
208575,58,1
208575,101,1
208575,46,2
208576,50,1
208576,12,2
208577,20,1
208578,2,1
208578,52,3
208579,79,2
208579,63,1
208580,17,10
208581,57,3
208582,112,1
208582,16,2
208582,32,1
208582,94,1
208583,84,4
208584,24,3
208584,75,1
208584,3,3
208584,23,1
208585,96,5
208585,18,3
208585,46,1
208586,66,5
208586,59,4
208587,10,1
208587,44,8
208588,80,3
208588,29,1
208589,25,1
208589,29,1
208590,112,6
208590,114,1
208590,92,1
208590,55,1
208591,99,1
208591,4,1
208591,117,1
208592,36,1
208593,83,5
208594,4,4
208594,110,2
208595,92,6
208596,32,1
208596,25,1
208596,89,1
208596,15,1
208597,59,2
208597,47,5
208598,88,5
208598,57,2
208598,52,2
208599,84,2
208599,79,1
208600,52,6
208601,70,5
208602,40,2
208602,42,1
208602,11,1
208602,14,1
208602,16,1
208603,13,2
208604,9,4
208604,11,3
208605,59,1
208606,56,1
208606,15,6
208607,24,1
208608,26,1
208608,50,1
208608,78,1
208609,5,1
208609,109,1
208609,47,1
208610,42,1
208610,29,7
208611,99,1
208611,13,6
208612,56,2
208612,60,1
208612,69,1
208613,40,2
208613,34,1
208613,30,3
208614,66,1
208614,43,5
208614,109,1
208614,87,1
208615,9,1
208615,114,1
208615,102,1
208616,30,1
208617,106,1
208618,90,3
208618,12,4
208619,81,7
208619,9,3
208620,3,1
208620,110,1
208621,52,1
208621,44,1
208622,65,1
208622,26,1
208622,18,1
208623,72,6
208624,114,1
208625,34,5
208625,31,2
208626,64,1
208626,106,3
208627,50,4
208627,11,1
208628,5,1
208628,62,1
208629,56,4
208629,51,2
208629,7,2
208630,81,3
208630,119,1
208630,5,3
208630,47,1
208631,3,6
208632,33,1
208633,103,8
208634,35,1
208634,105,2
208634,16,1
208634,114,3
208634,59,2
208635,33,4
208635,114,4
208635,28,1
208635,92,1
208636,98,2
208636,105,1
208636,108,1
208636,45,1
208636,95,1
208637,101,1
208637,23,2
208638,24,1
208638,85,1
208638,6,1
208639,27,3
208639,6,1
208640,41,1
208640,50,3
208641,65,3
208641,50,1
208641,59,1
208642,11,6
208642,60,1
208642,69,1
208643,56,1
208643,35,1
208643,5,1
208644,16,1
208644,33,6
208645,43,3
208645,53,1
208645,86,1
208646,18,5
208646,13,1
208646,47,1
208647,96,1
208647,34,2
208647,40,1
208647,20,1
208647,57,1
208648,113,5
208648,52,1
208648,85,1
208649,72,1
208649,57,1
208649,48,1
208649,8,1
208650,103,1
208651,59,2
208651,44,2
208651,110,2
208652,75,1
208652,60,1
208653,32,1
208653,1,6
208653,42,1
208653,7,1
208654,25,1
208654,26,2
208654,19,1
208655,10,8
208656,44,1
208656,63,7
208657,44,1
208657,39,3
208658,40,1
208658,4,4
208659,20,1
208659,87,2
208659,47,3
208660,58,2
208660,46,4
208661,4,3
208661,111,3
208661,95,1
208662,88,1
208662,41,1
208662,58,1
208662,20,1
208663,65,2
208663,4,1
208663,54,2
208663,22,1
208664,38,2
208664,23,5
208665,64,4
208665,9,1
208665,28,1
208665,101,1
208666,28,1
208667,3,1
208667,6,5
208668,111,4
208669,48,4
208670,45,1
208670,59,1
208670,5,1
208670,111,1
208671,83,1
208671,115,1
208671,37,1
208671,31,1
208672,56,5
208672,10,1
208672,102,1
208672,14,1
208673,78,2
208674,91,5
208674,100,2
208674,102,1
208675,64,2
208675,3,1
208676,105,2
208676,11,3
208676,45,2
208677,52,5
208678,81,4
208678,39,3
208679,50,1
208680,107,5
208681,54,1
208681,36,1
208681,110,1
208682,11,5
208682,59,1
208682,12,1
208683,84,1
208683,78,7
208684,8,2
208684,34,1
208684,11,1
208685,97,1
208685,42,1
208685,51,1
208686,112,4
208686,52,1
208686,12,1
208686,119,1
208687,41,1
208687,13,1
208688,50,5
208688,84,1
208688,52,1
208688,47,1
208689,5,5
208690,56,3
208690,14,2
208691,56,2
208691,58,1
208691,116,1
208692,37,1
208692,6,1
208693,65,1
208693,18,2
208693,77,4
208694,72,2
208694,103,2
208694,39,1
208695,6,3
208695,12,1
208695,110,1
208695,49,1
208695,54,1
208696,72,2
208696,12,2
208697,69,3
208698,58,2
208698,55,4
208699,26,1
208699,60,1
208700,72,6
208700,12,2
208701,48,3
208701,84,3
208702,56,1
208702,38,4
208703,50,3
208703,95,2
208704,8,4
208704,42,1
208705,59,1
208705,15,1
208706,105,5
208706,117,3
208707,96,1
208707,1,1
208707,2,1
208707,66,1
208707,91,2
208708,56,1
208708,60,1
208708,47,1
208709,28,2
208709,6,1
208710,89,5
208710,74,2
208710,102,1
208711,50,1
208711,85,1
208712,99,1
208712,36,4
208712,68,2
208712,6,1
208712,103,1
208713,67,2
208713,14,1
208714,66,1
208714,51,1
208714,61,1
208714,55,3
208715,50,2
208715,69,1
208715,79,2
208716,49,4
208716,14,3
208717,3,1
208717,72,2
208717,47,3
208717,112,1
208717,81,1
208718,51,7
208719,27,3
208719,63,3
208720,8,3
208720,17,2
208720,35,1
208720,52,3
208721,9,2
208721,27,1
208721,5,1
208721,55,1
208722,9,1
208722,69,1
208723,89,1
208723,47,1
208724,24,1
208724,6,2
208725,97,1
208725,5,1
208725,105,1
208726,65,1
208726,46,1
208727,69,3
208727,45,1
208727,51,1
208727,120,1
208727,60,1
208728,74,2
208728,28,1
208729,107,2
208729,49,4
208729,23,2
208729,24,2
208729,56,1
208730,51,4
208730,60,1
208730,93,1
208730,39,1
208731,10,3
208731,78,4
208732,83,5
208732,19,2
208732,119,4
208733,112,2
208733,34,1
208733,116,4
208734,50,2
208734,4,1
208734,14,3
208735,52,1
208736,51,1
208737,99,1
208737,43,1
208738,91,1
208738,63,1
208739,17,1
208739,6,6
208740,53,2
208740,10,1
208740,61,1
208740,69,1
208741,17,1
208741,12,5
208742,26,1
208742,51,1
208742,52,3
208743,56,5
208743,65,1
208743,28,2
208744,59,1
208744,28,4
208745,54,1
208745,107,1
208745,118,4
208746,16,1
208746,78,1
208746,59,1
208746,6,1
208747,115,2
208747,61,6
208748,43,3
208748,31,3
208749,17,3
208750,72,1
208750,59,1
208750,107,1
208751,53,2
208751,23,4
208752,14,3
208753,88,2
208753,47,1
208754,44,4
208754,62,4
208755,46,5
208755,53,1
208755,102,1
208756,84,5
208757,49,7
208758,54,3
208758,42,1
208758,11,1
208758,102,2
208759,17,6
208759,75,3
208759,117,1
208759,9,1
208760,35,1
208760,69,1
208760,118,1
208761,36,2
208761,22,1
208761,52,1
208761,79,1
208762,59,1
208763,85,3
208763,38,1
208764,6,2
208764,30,1
208765,119,6
208766,4,2
208767,41,1
208767,106,1
208767,79,1
208768,51,1
208768,50,1
208768,3,1
208768,36,1
208769,19,3
208770,42,3
208770,36,3
208770,101,1
208770,6,1
208771,89,3
208771,66,1
208771,60,1
208772,89,6
208772,22,1
208773,72,1
208773,83,2
208773,92,1
208774,9,3
208774,77,1
208774,62,1
208775,44,1
208775,52,7
208776,82,8
208777,65,2
208777,50,2
208777,116,1
208777,56,1
208777,92,1
208778,93,3
208778,15,3
208779,92,3
208779,13,2
208779,60,1
208780,52,1
208781,37,1
208781,83,1
208781,45,1
208782,75,4
208782,29,4
208783,11,1
208783,18,1
208783,52,1
208783,119,1
208783,94,1
208784,15,3
208784,7,5
208785,3,4
208785,87,1
208786,93,4
208787,35,2
208787,20,5
208788,36,5
208788,13,1
208788,38,2
208789,9,6
208789,85,2
208789,55,1
208790,60,1
208791,36,10
208792,26,3
208792,37,3
208793,49,1
208793,13,5
208793,47,1
208794,115,1
208794,19,3
208794,108,4
208795,48,2
208795,9,2
208796,29,9
208797,104,3
208797,43,1
208797,11,1
208798,112,3
208798,109,2
208799,96,1
208799,34,1
208799,68,1
208799,76,1
208799,18,1
208800,56,1
208801,65,3
208801,46,2
208801,31,1
208802,97,5
208802,10,1
208802,90,1
208803,81,5
208804,72,1
208804,43,1
208804,18,1
208804,19,1
208805,107,4
208805,23,2
208805,7,1
208806,104,2
208806,97,1
208806,60,1
208807,48,7
208807,5,1
208807,78,3
208808,72,3
208808,14,1
208808,118,1
208808,55,1
208808,88,1
208809,106,1
208809,29,1
208810,39,1
208811,16,1
208811,70,4
208812,89,1
208812,47,9
208813,112,2
208813,1,1
208813,114,3
208814,97,1
208814,2,1
208814,115,1
208814,15,1
208815,18,1
208815,77,1
208815,7,1
208816,120,1
208816,3,3
208817,48,1
208817,50,4
208817,7,2
208817,95,2
208818,88,1
208818,42,1
208819,54,2
208819,71,2
208820,72,1
208820,113,1
208820,28,1
208820,63,1
208821,3,1
208821,4,1
208821,20,1
208822,25,1
208822,9,1
208822,39,1
208823,66,1
208823,12,1
208824,62,1
208824,110,1
208825,25,2
208825,58,1
208825,55,1
208826,1,4
208826,23,1
208827,48,1
208827,17,9
208828,113,3
208828,35,1
208828,116,2
208829,120,2
208829,56,3
208829,20,4
208830,32,5
208830,49,1
208830,17,1
208831,60,2
208831,39,6
208832,56,7
208833,17,1
208833,75,1
208833,28,1
208834,44,1
208834,20,1
208835,72,3
208835,49,1
208835,14,1
208836,18,1
208836,110,1
208837,42,1
208837,75,1
208837,45,1
208837,22,1
208837,60,1
208838,53,5
208839,51,1
208840,99,3
208840,3,3
208841,47,5
208842,98,10
208843,86,9
208844,84,1
208845,42,2
208845,46,1
208845,14,1
208845,82,1
208845,53,1
208846,59,1
208846,27,1
208847,17,4
208847,34,6
208848,10,4
208848,11,1
208848,7,1
208849,100,2
208849,12,3
208849,60,1
208850,91,1
208851,75,5
208851,46,2
208851,15,3
208852,36,4
208852,94,4
208853,1,1
208853,14,1
208854,9,1
208854,58,2
208854,118,2
208855,35,4
208855,100,1
208855,68,1
208856,112,2
208856,17,2
208856,10,1
208856,11,1
208857,16,1
208857,65,1
208857,47,1
208857,15,1
208858,10,1
208858,68,5
208858,114,2
208859,9,2
208859,42,1
208859,44,1
208860,3,2
208860,12,1
208860,45,5
208861,3,1
208861,13,1
208862,5,1
208863,104,3
208863,57,1
208863,92,1
208863,55,1
208864,16,1
208864,19,1
208864,44,1
208865,18,6
208865,100,1
208865,55,1
208866,10,1
208866,74,1
208866,55,1
208867,42,6
208867,15,1
208868,9,1
208868,62,1
208869,57,1
208869,59,1
208870,82,2
208870,42,1
208870,7,2
208871,52,7
208872,113,2
208872,119,3
208873,31,6
208873,15,1
208873,13,1
208873,7,1
208874,93,8
208875,60,6
208876,72,4
208876,55,4
208877,57,1
208877,109,1
208877,47,1
208878,118,4
208879,73,4
208879,42,2
208879,48,1
208879,18,1
208879,60,1
208880,80,4
208880,79,3
208881,29,1
208881,102,3
208881,14,1
208882,11,1
208882,6,8
208883,82,2
208883,3,1
208883,29,1
208884,65,2
208884,18,1
208884,50,1
208885,74,3
208885,27,3
208885,50,1
208886,1,1
208886,68,4
208886,62,1
208886,47,1
208887,112,1
208887,27,2
208887,11,2
208887,60,1
208888,44,2
208888,85,3
208888,36,3
208889,41,3
208889,6,4
208890,53,3
208890,13,5
208891,9,3
208891,82,1
208891,10,2
208891,52,1
208892,44,2
208892,45,4
208893,49,1
208893,87,1
208893,7,1
208894,3,5
208894,85,2
208895,91,1
208895,12,1
208895,94,1
208895,79,1
208896,21,1
208896,86,2
208896,7,1
208897,3,1
208897,59,1
208897,18,1
208897,51,1
208898,6,5
208899,24,3
208899,89,3
208899,106,1
208899,6,1
208900,104,1
208900,75,4
208901,109,4
208902,57,1
208902,115,1
208903,64,4
208903,54,1
208903,48,1
208903,38,1
208904,1,7
208904,118,2
208905,11,5
208905,60,1
208905,13,2
208906,106,3
208906,55,1
208907,58,3
208907,5,1
208907,38,3
208908,91,6
208909,72,1
208909,43,2
208909,59,1
208909,103,1
208910,88,5
208910,42,1
208910,7,1
208911,25,4
208911,10,2
208911,43,1
208911,46,5
208912,55,6
208913,56,3
208913,76,2
208914,52,1
208914,37,1
208914,118,1
208915,57,2
208915,31,9
208916,73,1
208916,34,4
208917,81,2
208917,45,3
208918,20,8
208918,60,2
208919,72,7
208919,9,1
208920,42,1
208920,19,1
208920,15,2
208921,55,1
208921,7,1
208922,51,1
208922,60,1
208922,77,1
208922,54,1
208923,9,7
208924,40,2
208924,15,1
208924,70,3
208924,47,1
208925,88,4
208925,74,3
208926,16,6
208926,20,2
208927,25,1
208927,11,2
208927,103,2
208928,45,4
208928,111,4
208929,115,3
208929,11,4
208930,95,1
208931,90,1
208931,3,4
208932,72,6
208932,17,2
208933,49,6
208933,111,2
208934,32,1
208934,7,1
208934,40,1
208934,9,1
208934,53,1
208935,9,1
208935,27,1
208935,60,1
208936,88,2
208936,17,1
208936,52,3
208937,29,9
208938,2,3
208938,108,3
208938,44,2
208938,117,1
208938,94,1
208939,42,1
208939,23,1
208940,32,2
208940,26,3
208941,37,2
208941,5,1
208941,13,1
208941,115,1
208941,88,1
208942,58,1
208942,67,1
208942,36,1
208943,80,2
208943,63,1
208944,3,1
208944,21,6
208945,66,2
208945,46,4
208946,56,1
208946,79,3
208947,25,7
208948,85,1
208948,86,2
208948,7,1
208949,49,1
208949,13,1
208949,9,3
208950,32,2
208950,12,1
208950,118,1
208951,58,8
208952,11,1
208952,76,1
208952,119,1
208952,23,1
208953,74,1
208953,76,2
208954,52,5
208955,25,6
208956,34,1
208956,35,1
208956,68,3
208957,50,3
208957,20,1
208957,60,1
208957,29,1
208958,16,1
208958,101,7
208959,29,3
208959,86,4
208959,79,1
208960,120,1
208961,46,1
208962,64,1
208962,18,1
208962,19,1
208962,119,1
208963,42,1
208964,1,4
208965,116,3
208966,11,1
208966,7,1
208966,78,1
208966,15,1
208967,10,1
208967,91,1
208967,31,1
208968,42,1
208968,13,1
208968,38,3
208969,8,1
208969,60,3
208970,49,1
208970,94,1
208970,95,1
208971,61,1
208971,42,1
208971,11,1
208971,29,1
208972,65,4
208972,97,1
208972,9,1
208972,15,1
208973,113,4
208974,10,2
208974,3,3
208975,45,1
208975,63,3
208976,49,2
208976,59,1
208976,52,1
208976,7,1
208977,17,1
208977,58,1
208978,2,7
208979,83,1
208980,19,3
208980,31,3
208981,120,4
208981,19,1
208981,54,3
208982,5,5
208983,50,1
208983,46,2
208984,74,1
208984,20,1
208985,33,2
208985,58,1
208985,53,1
208985,14,1
208986,41,1
208986,86,2
208986,47,2
208987,54,4
208987,15,4
208988,108,1
208989,35,7
208990,113,3
208990,95,5
208991,40,7
208991,42,1
208991,77,2
208992,83,1
208992,15,8
208993,50,6
208993,117,3
208993,46,1
208994,48,1
208994,113,1
208994,6,1
208994,15,1
208995,70,1
208995,45,1
208995,46,1
208996,73,2
208996,102,1
208997,12,4
208998,75,1
208998,20,1
208998,76,4
208998,31,1
208999,104,1
208999,52,2
208999,55,1
209000,50,3
209000,19,1
209000,23,1
209001,36,1
209001,22,2
209001,44,2
209002,57,2
209002,18,1
209002,43,3
209003,18,1
209003,54,2
209003,31,1
209004,101,1
209004,7,3
209004,9,1
209004,85,2
209004,89,1
209005,44,3
209005,13,3
209006,58,1
209006,5,1
209006,86,1
209007,19,1
209008,48,1
209008,33,1
209009,8,1
209009,81,2
209010,112,2
209010,54,3
209010,63,1
209011,17,2
209011,18,1
209011,58,1
209011,69,1
209012,19,4
209012,59,2
209012,100,3
209012,37,2
209013,48,1
209013,20,3
209014,24,1
209014,83,1
209015,91,3
209015,20,1
209015,77,5
209016,19,3
209016,44,2
209016,6,2
209017,57,4
209017,51,4
209018,68,9
209018,111,2
209019,54,7
209020,32,1
209020,64,1
209020,80,1
209020,25,1
209020,58,1
209021,24,1
209021,49,5
209022,108,2
209022,113,1
209022,67,2
209022,4,1
209023,51,2
209023,20,6
209023,54,1
209024,104,6
209024,58,4
209025,90,3
209026,1,1
209026,114,2
209026,38,1
209026,7,1
209027,43,1
209027,27,1
209028,81,1
209029,65,2
209029,107,1
209030,29,1
209030,53,1
209031,8,2
209031,55,4
209032,12,3
209032,46,2
209032,54,1
209032,60,1
209032,94,1
209033,113,6
209033,85,3
209034,2,1
209034,45,1
209035,5,1
209035,9,1
209035,42,1
209035,107,1
209035,91,2
209036,67,1
209036,13,1
209037,43,7
209038,25,7
209038,45,1
209039,32,3
209039,17,1
209039,52,2
209039,117,1
209040,110,1
209041,97,2
209041,106,1
209041,53,3
209041,119,2
209042,1,3
209042,99,3
209042,4,1
209042,78,2
209042,58,2
209043,56,2
209043,24,7
209043,53,1
209044,115,2
209044,19,1
209044,47,2
209045,33,5
209046,1,3
209046,11,1
209046,51,1
209046,89,1
209046,93,1
209047,27,4
209047,31,1
209047,46,2
209047,111,1
209048,20,4
209048,77,1
209048,55,1
209049,21,2
209049,102,8
209050,8,1
209050,11,1
209050,48,1
209050,51,1
209050,57,1
209051,85,1
209051,68,2
209051,53,1
209052,72,3
209052,58,2
209052,102,1
209053,3,1
209053,44,1
209053,103,1
209053,119,1
209054,32,5
209054,100,3
209055,42,2
209055,53,3
209056,40,1
209056,65,2
209056,67,1
209056,44,1
209057,41,1
209057,25,6
209058,8,3
209058,31,1
209059,8,1
209059,116,2
209059,5,4
209060,105,2
209060,28,6
209061,91,1
209061,92,1
209061,94,1
209062,25,9
209063,19,1
209064,104,6
209064,41,1
209064,78,2
209065,50,1
209065,108,1
209065,13,1
209066,59,1
209066,109,1
209067,24,1
209067,73,1
209067,42,1
209067,25,1
209068,7,8
209069,80,3
209069,27,4
209070,9,7
209071,41,3
209071,57,2
209071,53,1
209071,47,1
209072,61,1
209073,80,2
209073,44,3
209074,72,4
209074,58,1
209075,97,3
209075,58,3
209075,67,2
209076,44,6
209077,107,1
209077,27,1
209078,54,1
209079,99,4
209079,35,2
209079,28,1
209079,61,1
209080,17,1
209080,118,2
209080,79,1
209081,26,1
209081,20,7
209082,41,1
209082,52,1
209083,107,6
209084,6,8
209085,57,3
209085,15,1
209086,72,1
209086,100,6
209087,32,3
209088,64,6
209089,57,2
209089,19,1
209089,5,2
209090,20,4
209090,109,1
209090,79,1
209091,18,2
209091,38,2
209092,60,1
209092,63,1
209093,98,1
209093,59,1
209093,79,1
209094,33,1
209094,77,1
209094,118,4
209095,120,2
209095,7,4
209096,93,1
209097,1,2
209097,19,1
209097,93,1
209098,88,4
209099,9,1
209099,74,4
209100,45,4
209100,22,2
209100,47,1
209101,38,4
209102,36,10
209103,99,2
209103,73,1
209103,19,1
209103,52,1
209103,58,2
209104,2,4
209104,3,2
209104,12,3
209104,92,1
209105,40,2
209105,5,1
209105,30,2
209106,56,3
209106,17,1
209106,100,1
209106,45,1
209107,48,1
209107,10,3
209107,21,1
209108,11,5
209108,75,1
209108,22,1
209109,88,2
209109,9,2
209109,82,2
209109,3,3
209110,89,3
209110,19,4
209110,94,2
209110,49,2
209111,59,3
209111,84,1
209112,68,1
209112,13,2
209112,6,1
209112,36,1
209113,112,3
209113,24,1
209113,61,1
209113,53,1
209114,16,1
209114,5,1
209114,79,1
209115,112,1
209115,54,1
209116,29,9
209117,3,1
209117,21,1
209118,80,1
209118,10,1
209119,105,3
209119,46,2
209119,7,2
209120,41,4
209121,103,1
209121,81,1
209121,20,1
209121,117,1
209121,89,1
209122,99,11
209123,81,1
209123,1,2
209123,10,1
209123,23,1
209124,74,3
209124,13,2
209124,95,2
209125,17,5
209125,92,2
209126,29,5
209127,43,4
209128,1,1
209128,26,1
209128,20,1
209129,54,1
209129,95,2
209130,34,1
209130,4,5
209130,7,2
209130,86,1
209130,62,2
209131,46,1
209132,78,4
209133,49,5
209133,58,1
209133,26,1
209133,90,1
209134,114,1
209135,32,2
209135,51,2
209136,95,1
209137,96,4
209137,105,1
209137,66,1
209137,106,1
209138,41,4
209139,59,1
209140,50,4
209141,45,6
209142,32,1
209142,56,1
209142,46,1
209143,88,1
209143,11,5
209144,9,1
209144,11,1
209144,97,2
209145,39,4
209146,16,1
209146,55,1
209146,95,1
209147,45,1
209148,33,2
209148,38,2
209149,97,3
209149,20,1
209149,1,1
209150,37,7
209150,6,3
209151,72,1
209151,41,2
209151,116,5
209152,33,1
209152,18,1
209153,32,2
209153,33,1
209153,56,2
209154,42,3
209154,39,4
209155,9,3
209155,55,1
209156,15,7
209156,7,1
209157,110,6
209158,104,6
209158,51,5
209159,72,1
209159,10,1
209159,68,1
209160,50,2
209160,52,4
209161,32,1
209161,15,2
209161,49,2
209161,21,2
209161,90,1
209162,90,5
209163,42,1
209163,110,2
209164,12,6
209165,65,3
209165,119,1
209166,35,3
209166,5,2
209166,7,1
209166,17,1
209166,51,1
209167,35,1
209167,42,1
209167,14,1
209167,91,1
209167,31,1
209168,49,5
209168,60,1
209168,20,2
209169,33,5
209169,34,1
209169,43,1
209170,105,5
209170,83,1
209170,33,1
209171,35,5
209171,6,1
209172,36,3
209173,55,6
209174,49,7
209175,20,6
209176,81,1
209176,3,1
209177,25,1
209178,50,2
209178,3,1
209178,14,1
209179,61,1
209179,76,2
209179,53,1
209180,116,5
209180,44,2
209181,115,2
209181,59,2
209181,60,1
209181,47,1
209182,119,1
209182,55,1
209182,87,5
209182,71,1
209183,87,1
209184,41,1
209185,65,1
209185,42,2
209185,43,1
209186,63,1
209186,117,1
209186,78,1
209186,15,1
209187,2,1
209187,92,3
209188,100,3
209189,12,8
209190,46,1
209190,18,2
209190,69,2
209190,110,1
209191,32,1
209191,52,6
209192,91,4
209192,109,3
209192,54,2
209193,18,1
209193,76,1
209193,4,1
209194,4,1
209194,37,1
209195,43,6
209196,61,3
209196,78,2
209197,48,1
209197,30,4
209198,21,1
209198,6,1
209198,47,1
209199,57,6
209199,11,1
209200,17,2
209200,74,3
209200,105,5
209201,20,2
209202,49,1
209202,36,2
209203,33,1
209203,51,1
209204,106,2
209204,11,2
209204,98,1
209205,104,1
209205,57,1
209206,51,4
209206,20,1
209206,94,1
209206,47,1
209207,71,3
209208,116,6
209208,36,1
209208,23,2
209209,116,1
209209,117,1
209209,14,2
209210,36,4
209210,37,2
209211,56,1
209211,89,2
209211,11,1
209212,98,5
209212,11,1
209213,50,4
209214,53,7
209215,93,6
209215,31,3
209216,8,1
209216,41,1
209216,18,1
209216,51,1
209216,23,1
209217,44,7
209217,15,1
209218,55,1
209218,47,1
209219,34,1
209219,52,3
209220,85,5
209220,60,1
209220,4,1
209221,32,1
209221,51,2
209221,47,2
209221,103,2
209222,1,1
209222,50,2
209223,56,1
209223,17,2
209223,78,1
209223,63,1
209224,8,2
209224,48,1
209224,52,1
209224,62,1
209225,16,6
209226,112,4
209226,49,1
209226,74,3
209227,8,1
209227,53,1
209228,66,1
209228,41,3
209228,18,2
209228,52,1
209228,91,2
209229,36,1
209229,94,4
209230,2,1
209230,21,1
209231,43,1
209231,60,1
209231,7,1
209232,24,6
209233,8,5
209233,2,1
209233,20,1
209233,50,1
209234,17,1
209235,99,1
209235,1,1
209235,35,1
209235,119,1
209236,112,1
209236,49,1
209237,17,1
209237,99,1
209237,60,1
209238,57,8
209238,35,1
209239,14,4
209240,19,8
209241,56,5
209241,9,2
209242,15,3
209243,120,1
209243,34,2
209243,38,3
209244,59,7
209245,32,7
209245,60,2
209246,1,1
209246,42,1
209246,102,1
209247,24,3
209247,3,3
209248,55,6
209249,40,3
209249,3,3
209249,55,2
209250,77,2
209250,79,5
209251,11,1
209251,15,2
209251,47,1
209251,53,1
209251,59,3
209252,1,1
209253,57,3
209253,54,1
209253,47,1
209254,106,2
209254,94,2
209254,14,2
209255,34,5
209255,101,1
209256,76,5
209256,85,1
209256,14,4
209257,40,1
209257,14,1
209257,52,1
209257,88,1
209257,93,1
209258,3,5
209258,20,2
209258,15,1
209259,52,1
209260,106,1
209260,61,1
209260,6,2
209261,19,2
209261,92,2
209261,15,3
209262,60,1
209262,30,1
209263,17,1
209264,48,1
209264,49,1
209264,43,1
209265,68,5
209265,93,1
209266,48,2
209266,51,1
209266,20,3
209267,66,2
209267,55,1
209268,112,2
209268,116,6
209269,73,2
209269,106,3
209269,63,1
209269,95,1
209270,65,5
209270,36,2
209270,62,1
209270,39,1
209271,2,5
209271,58,2
209272,115,2
209272,92,1
209272,46,1
209273,43,6
209273,119,4
209274,106,1
209275,43,4
209276,41,3
209276,26,1
209277,33,1
209277,100,1
209278,45,5
209279,89,1
209279,61,3
209279,17,1
209280,33,1
209281,120,1
209281,40,1
209281,85,1
209281,46,2
209282,14,1
209283,43,1
209283,60,3
209284,87,2
209284,39,2
209285,11,2
209285,55,1
209285,22,1
209285,7,1
209286,52,8
209287,66,1
209287,52,1
209288,98,5
209289,48,7
209290,100,3
209290,101,2
209290,43,1
209290,15,1
209290,55,1
209291,57,11
209292,90,2
209292,19,6
209293,40,5
209294,31,3
209295,26,2
209295,54,1
209296,48,1
209296,114,7
209297,116,1
209297,39,7
209298,104,4
209298,3,4
209299,49,6
209300,43,8
209301,26,2
209301,90,3
209302,38,2
209302,74,2
209302,45,1
209302,14,1
209302,119,1
209303,104,1
209303,113,1
209303,28,1
209304,3,6
209304,75,1
209304,5,1
209304,22,1
209305,23,1
209306,45,1
209306,62,1
209307,19,3
209307,109,1
209307,7,1
209308,64,2
209308,3,1
209308,53,2
209308,71,1
209309,35,2
209309,109,1
209309,111,2
209309,113,1
209309,55,1
209310,65,1
209310,1,1
209310,14,3
209311,58,1
209311,61,1
209312,59,7
209313,72,1
209313,113,1
209313,45,1
209313,110,1
209314,17,2
209314,42,1
209314,10,1
209314,23,1
209315,80,2
209315,100,1
209315,28,1
209316,1,4
209316,42,2
209317,25,1
209317,60,1
209318,13,1
209318,53,1
209319,96,4
209319,73,1
209319,19,1
209319,23,1
209320,20,1
209320,36,2
209320,5,1
209321,18,1
209321,13,1
209322,2,1
209322,13,1
209322,45,1
209322,23,1
209323,27,2
209323,92,1
209324,106,2
209324,82,5
209325,17,4
209325,117,1
209325,57,1
209326,17,1
209326,43,4
209326,93,2
209327,1,1
209327,18,1
209328,56,4
209328,57,3
209329,81,4
209329,111,5
209330,1,1
209330,17,2
209331,56,1
209331,1,3
209332,89,1
209332,83,1
209332,110,1
209333,112,3
209333,17,1
209333,31,1
209334,30,3
209335,68,1
209335,39,1
209335,56,1
209335,58,1
209335,88,1
209336,97,1
209336,19,1
209336,45,1
209336,43,2
209337,66,3
209337,29,5
209338,88,1
209338,33,1
209338,53,1
209339,55,8
209340,12,1
209340,69,4
209341,85,2
209341,6,1
209342,112,1
209342,57,1
209343,57,2
209343,14,2
209344,34,2
209344,35,1
209345,32,1
209345,57,3
209345,78,1
209346,35,9
209347,4,4
209348,97,1
209348,35,5
209349,31,7
209350,2,2
209350,4,3
209350,78,1
209350,83,1
209350,119,2
209351,77,9
209351,46,1
209352,2,8
209353,88,1
209354,53,6
209354,78,1
209354,95,1
209355,55,10
209356,50,1
209356,51,1
209356,20,1
209357,14,4
209357,7,4
209358,59,3
209358,108,1
209359,58,5
209360,53,1
209360,15,2
209361,33,4
209361,18,4
209361,78,2
209362,48,1
209362,44,1
209363,2,2
209363,101,4
209363,69,1
209363,44,2
209363,58,1
209364,82,2
209364,5,1
209365,8,1
209365,42,1
209365,104,1
209365,117,1
209366,80,6
209366,66,1
209367,85,4
209367,77,1
209368,55,2
209368,15,8
209369,41,1
209370,41,1
209370,34,1
209370,12,1
209370,62,1
209371,8,3
209371,53,1
209371,7,1
209372,18,1
209372,84,1
209373,10,2
209374,101,1
209374,69,6
209375,13,2
209376,27,1
209376,5,6
209377,3,2
209377,85,4
209378,98,1
209378,11,1
209379,1,2
209379,54,1
209379,33,6
209380,49,5
209380,34,3
209380,36,2
209381,16,6
209381,18,1
209381,100,1
209381,5,1
209382,51,1
209382,22,1
209383,56,1
209383,58,1
209383,36,1
209383,52,1
209384,90,1
209384,19,1
209385,40,1
209385,81,1
209385,37,1
209386,8,4
209386,49,1
209386,56,1
209387,9,1
209387,2,1
209388,41,1
209388,103,1
209389,27,1
209390,46,1
209391,37,1
209392,52,8
209393,72,7
209393,64,1
209394,28,3
209394,77,5
209395,8,1
209395,116,1
209396,16,2
209396,33,1
209396,14,1
209397,109,1
209397,69,1
209398,105,1
209398,41,1
209398,55,1
209399,46,5
209400,61,2
209400,62,2
209401,80,3
209401,58,1
209402,40,3
209402,9,1
209402,15,1
209403,42,3
209403,6,1
209404,1,7
209405,6,8
209406,42,2
209406,4,5
209407,97,1
209407,25,1
209408,81,2
209408,1,5
209409,42,1
209409,38,2
209409,47,4
209410,100,9
209411,11,1
209411,19,2
209411,92,5
209411,7,1
209412,60,1
209412,13,5
209413,23,11
209414,93,3
209414,22,3
209415,59,2
209415,19,2
209415,36,1
209415,70,1
209416,32,1
209417,56,2
209417,55,2
209418,48,1
209418,6,2
209419,42,1
209420,98,1
209420,86,1
209420,47,1
209421,24,1
209421,1,1
209421,3,1
209421,77,1
209422,28,1
209422,61,1
209423,120,1
209423,17,1
209423,6,1
209423,119,1
209424,59,1
209425,1,2
209425,13,1
209425,25,2
209425,95,1
209426,52,2
209426,117,6
209427,73,3
209427,21,1
209427,9,2
209428,80,4
209428,70,2
209429,97,1
209429,10,1
209430,6,4
209430,7,2
209431,10,7
209431,13,3
209432,44,1
209432,109,8
209433,6,2
209433,8,1
209433,11,1
209433,84,1
209433,59,1
209434,33,2
209434,109,1
209434,63,2
209435,105,5
209435,57,3
209436,40,1
209436,70,1
209437,115,1
209437,92,1
209437,47,1
209438,116,1
209438,14,1
209439,57,6
209439,19,1
209440,50,4
209440,15,4
209441,109,1
209441,7,2
209442,58,5
209442,119,2
209443,89,8
209444,17,2
209445,41,1
209445,51,1
209445,1,1
209446,16,3
209446,57,1
209446,44,1
209446,1,1
209447,49,1
209448,28,10
209449,47,2
209449,15,1
209450,10,1
209450,26,1
209450,75,1
209450,93,1
209451,43,1
209451,38,1
209452,51,1
209452,55,6
209453,99,4
209454,8,2
209454,1,1
209454,75,1
209454,5,1
209455,57,1
209455,66,1
209456,109,4
209456,4,1
209456,29,3
209457,91,2
209457,31,5
209458,9,3
209458,106,2
209458,45,1
209459,33,2
209459,11,2
209459,63,1
209460,25,1
209460,91,1
209461,106,1
209462,12,6
209463,17,1
209463,20,1
209463,1,1
209464,82,5
209464,15,4
209465,67,7
209465,59,1
209465,39,2
209466,50,2
209467,48,8
209468,44,1
209468,13,2
209468,19,1
209468,21,2
209468,25,1
209469,25,3
209469,58,6
209470,20,4
209470,45,4
209471,80,2
209471,13,1
209472,11,5
209473,73,1
209474,84,4
209475,108,1
209475,12,1
209476,14,2
209476,6,1
209477,8,1
209477,51,1
209477,20,2
209477,53,1
209478,7,4
209478,42,1
209478,11,1
209478,16,1
209478,87,1
209479,17,3
209480,57,1
209480,50,1
209480,116,3
209480,114,1
209481,100,1
209482,8,2
209482,105,1
209482,112,1
209482,54,1
209482,120,1
209483,27,3
209483,36,2
209484,3,1
209485,32,5
209485,30,2
209486,75,1
209486,3,1
209486,60,1
209486,6,1
209487,77,1
209488,120,1
209488,115,1
209488,7,1
209488,39,1
209489,25,1
209489,67,1
209489,39,1
209490,11,1
209491,9,3
209491,12,1
209491,78,1
209491,7,1
209492,34,2
209492,2,4
209492,46,3
209493,64,1
209493,10,1
209493,51,1
209493,23,1
209494,105,1
209494,10,1
209494,31,4
209495,24,2
209495,40,1
209496,43,2
209496,12,1
209496,60,1
209496,39,1
209497,23,2
209497,55,1
209498,72,3
209498,84,3
209499,19,3
209499,15,3
209500,38,1
209500,8,3
209500,43,1
209500,77,1
209500,85,1
209501,57,1
209501,58,1
209501,11,1
209501,46,1
209502,85,1
209502,109,1
209503,34,2
209503,54,1
209503,30,5
209504,50,7
209504,110,2
209505,17,1
209505,54,1
209505,47,1
209506,10,1
209506,44,1
209506,54,1
209507,105,2
209507,42,2
209507,43,1
209507,85,2
209508,56,2
209508,50,3
209509,93,4
209510,21,2
209510,101,4
209511,10,7
209512,48,1
209512,41,1
209512,20,1
209512,39,1
209513,74,1
209513,75,1
209514,48,1
209514,50,1
209514,85,1
209515,66,1
209515,79,7
209516,28,5
209516,79,2
209517,64,5
209517,17,5
209518,25,2
209518,98,4
209519,115,1
209519,42,4
209519,2,1
209519,54,1
209520,41,1
209520,59,1
209520,109,1
209520,47,1
209521,59,1
209521,43,1
209522,25,2
209522,106,1
209522,100,1
209522,68,1
209523,29,5
209524,16,4
209524,51,1
209524,103,2
209525,81,4
209525,34,1
209525,36,1
209526,58,6
209527,25,2
209527,67,1
209528,1,5
209528,98,1
209528,68,1
209529,99,10
209530,62,2
209530,11,3
209530,21,2
209530,6,1
209531,25,8
209531,49,2
209532,112,1
209532,106,1
209532,10,2
209532,29,1
209533,38,2
209533,86,4
209534,10,1
209534,50,4
209535,96,2
209535,65,1
209535,39,2
209536,9,3
209536,84,2
209536,85,2
209537,71,1
209537,8,1
209537,44,1
209537,82,1
209537,19,1
209538,10,1
209538,82,1
209538,117,2
209539,89,1
209539,103,5
209540,120,4
209540,7,2
209541,90,1
209541,18,2
209541,66,1
209542,48,3
209542,114,2
209543,32,2
209543,26,3
209543,91,1
209543,77,1
209544,25,2
209544,45,5
209545,17,5
209545,26,1
209545,69,1
209546,45,2
209546,78,2
209546,55,1
209547,11,2
209547,115,2
209547,45,1
209548,10,1
209548,92,1
209548,13,1
209549,80,1
209549,43,1
209549,6,1
209549,14,1
209550,58,1
209550,62,1
209551,53,2
209551,93,2
209551,30,1
209552,3,3
209552,51,2
209552,37,1
209553,74,1
209553,50,1
209554,17,8
209554,44,1
209554,45,2
209555,65,3
209555,11,3
209555,38,2
209556,107,1
209556,38,1
209557,9,1
209557,42,4
209557,4,2
209557,70,2
209558,65,1
209558,2,5
209558,14,1
209559,104,1
209559,33,1
209559,9,1
209559,87,1
209560,5,1
209560,111,3
209560,48,2
209560,51,1
209560,62,1
209561,85,1
209561,55,3
209562,8,1
209562,87,4
209563,26,1
209563,52,1
209563,90,1
209564,80,1
209564,20,1
209564,44,4
209565,23,8
209566,87,2
209566,111,1
209567,24,4
209567,55,1
209567,7,1
209568,9,2
209568,115,2
209569,48,1
209569,107,1
209570,51,5
209570,102,1
209571,61,8
209572,26,1
209572,35,1
209573,2,9
209574,57,3
209574,4,7
209575,46,1
209575,90,1
209575,32,1
209575,30,1
209576,26,1
209576,39,1
209577,104,1
209577,36,1
209577,38,1
209578,67,1
209578,38,2
209579,48,3
209579,97,2
209580,109,9
209581,46,1
209582,104,1
209582,84,1
209583,86,8
209584,48,4
209584,75,1
209584,92,1
209584,63,1
209585,10,2
209586,20,1
209586,111,1
209587,110,8
209588,8,3
209588,42,2
209589,83,1
209589,53,1
209590,20,5
209590,14,6
209591,75,5
209591,36,2
209591,45,1
209592,43,1
209592,26,1
209592,5,1
209592,109,1
209593,25,1
209593,97,1
209594,2,2
209594,20,1
209594,45,3
209595,115,2
209595,67,1
209595,95,1
209596,72,9
209596,53,1
209597,51,2
209597,4,1
209598,59,4
209599,65,3
209599,28,2
209599,15,1
209600,98,1
209600,4,1
209600,103,1
209601,16,2
209601,73,1
209601,107,2
209601,3,1
209602,52,6
209603,34,5
209604,14,6
209605,43,6
209605,45,1
209605,46,1
209605,88,1
209605,25,1
209606,53,1
209606,59,1
209606,75,1
209606,5,1
209607,99,1
209607,41,1
209607,78,1
209607,50,2
209607,59,1
209608,18,4
209608,12,2
209608,95,3
209609,9,1
209609,83,1
209609,97,1
209610,23,1
209611,105,1
209611,83,1
209611,37,1
209611,119,1
209612,20,1
209612,118,1
209612,6,2
209613,97,1
209613,98,1
209613,73,1
209613,56,1
209613,93,1
209614,32,4
209614,3,1
209614,6,1
209614,73,2
209614,59,1
209615,56,3
209615,26,2
209615,78,2
209616,12,3
209617,40,1
209618,82,1
209618,43,1
209618,77,2
209619,112,1
209620,59,1
209620,28,1
209621,23,2
209621,14,1
209621,15,3
209622,116,1
209622,39,3
209622,118,1
209622,47,2
209623,20,5
209624,12,3
209624,14,4
209624,47,1
209625,83,9
209626,36,1
209626,110,2
209627,23,8
209628,114,1
209628,45,1
209628,54,1
209629,15,1
209630,74,1
209631,40,3
209631,35,2
209632,104,4
209632,91,2
209632,108,1
209632,87,1
209633,80,3
209633,43,1
209633,100,1
209634,78,3
209634,22,2
209635,51,2
209635,102,1
209635,111,3
209636,8,1
209636,106,1
209636,45,1
209637,107,3
209637,29,5
209638,88,9
209639,8,1
209639,81,5
209639,3,2
209640,80,1
209640,65,1
209640,50,1
209640,59,1
209641,108,7
209642,21,1
209642,6,2
209643,120,5
209644,65,3
209644,4,3
209644,117,1
209645,32,1
209646,81,2
209646,4,1
209646,105,1
209647,49,3
209647,38,3
209648,112,3
209648,9,1
209648,12,1
209648,85,1
209649,42,5
209649,92,2
209649,6,1
209649,103,1
209650,61,5
209651,120,2
209651,89,1
209651,43,1
209651,55,2
209652,48,4
209653,108,1
209653,30,1
209654,47,1
209654,111,6
209655,56,1
209655,41,1
209656,45,1
209656,15,2
209657,40,2
209657,10,1
209657,53,1
209658,56,3
209658,73,1
209658,53,1
209659,88,1
209659,42,2
209659,19,2
209659,68,3
209660,111,1
209661,32,2
209661,57,1
209661,2,1
209661,63,1
209662,41,1
209662,93,1
209663,58,6
209664,44,1
209664,55,2
209665,7,9
209666,13,5
209666,27,1
209666,45,1
209667,114,2
209667,106,3
209667,31,3
209668,49,1
209668,119,1
209669,15,7
209670,1,4
209670,37,1
209670,75,1
209670,114,1
209670,57,1
209671,3,3
209671,8,2
209671,108,1
209671,15,1
209671,20,1
209672,115,3
209673,113,3
209673,61,5
209673,47,1
209674,24,1
209674,18,1
209674,116,1
209675,64,1
209675,18,2
209675,11,1
209676,42,1
209676,53,7
209677,105,2
209677,44,1
209678,41,2
209678,98,1
209678,100,1
209678,87,3
209679,16,1
209679,27,1
209680,2,7
209681,24,2
209681,105,1
209681,75,1
209682,112,3
209682,65,2
209682,108,1
209683,96,5
209683,43,1
209684,111,2
209684,47,1
209685,2,1
209685,43,1
209685,52,1
209685,69,1
209686,2,6
209687,112,3
209687,94,5
209688,49,6
209689,96,4
209689,74,1
209689,13,2
209689,15,1
209689,19,1
209690,72,2
209690,38,6
209691,59,1
209691,86,1
209692,2,1
209692,3,1
209692,22,2
209693,55,6
209694,66,2
209694,91,2
209694,4,1
209695,97,5
209696,11,1
209696,35,1
209696,36,1
209696,22,1
209697,18,1
209697,83,1
209697,23,1
209698,100,1
209699,82,1
209699,34,4
209699,13,3
209699,46,2
209700,58,6
209700,35,4
209701,50,3
209701,14,1
209701,47,1
209702,56,1
209702,10,1
209703,88,1
209703,1,2
209703,12,1
209703,47,1
209704,46,4
209704,15,1
209705,34,3
209705,60,4
209706,60,2
209706,45,1
209707,120,4
209707,31,4
209707,38,1
209707,79,1
209708,40,1
209708,24,2
209708,10,1
209709,74,3
209709,34,5
209710,5,3
209710,68,2
209710,77,1
209710,6,1
209711,17,1
209711,67,1
209711,19,1
209711,87,1
209712,74,2
209712,14,2
209713,37,1
209713,55,1
209714,10,2
209714,43,1
209714,23,2
209714,88,1
209714,28,1
209715,10,1
209715,3,3
209715,13,2
209716,40,2
209716,49,2
209716,2,1
209717,87,2
209717,53,3
209717,54,2
209717,30,1
209718,29,2
209718,86,2
209719,108,6
209720,1,1
209720,106,1
209720,68,1
209720,114,1
209721,5,5
209721,68,1
209721,53,2
209721,98,1
209722,65,3
209722,50,1
209723,1,2
209723,10,1
209723,43,1
209724,33,2
209724,14,1
209724,71,2
209725,33,3
209725,2,1
209725,9,1
209726,55,1
209726,87,1
209727,41,4
209727,109,1
209727,7,1
209728,17,1
209728,114,1
209728,119,2
209729,19,3
209729,83,1
209729,12,1
209729,22,1
209730,42,3
209730,6,3
209731,50,7
209731,101,1
209731,61,1
209732,98,2
209732,77,6
209733,49,4
209733,27,1
209733,92,1
209733,36,1
209734,86,1
209734,110,1
209735,57,1
209736,53,7
209737,26,1
209737,5,1
209737,54,3
209738,113,11
209739,56,1
209739,42,1
209740,110,3
209740,71,3
209741,16,7
209741,26,1
209742,19,6
209742,71,1
209743,32,1
209743,110,2
209744,53,2
209744,47,1
209744,87,1
209745,80,1
209745,75,1
209745,71,1
209746,117,1
209747,14,5
209748,48,1
209748,118,1
209748,39,1
209749,11,3
209750,44,4
209751,54,8
209752,16,1
209752,62,2
209752,23,2
209753,105,1
209753,57,1
209754,12,2
209754,71,1
209755,49,8
209756,28,4
209756,31,3
209757,112,1
209757,54,4
209758,89,1
209758,57,6
209759,39,1
209759,44,1
209759,89,2
209759,93,1
209759,25,1
209760,77,1
209760,103,3
209761,32,1
209761,6,3
209762,96,4
209762,84,4
209763,57,1
209763,91,1
209763,108,3
209763,102,2
209764,49,1
209765,12,3
209765,94,1
209765,63,1
209766,6,8
209767,26,3
209767,18,1
209767,69,1
209768,103,8
209769,1,6
209770,77,2
209770,45,2
209770,22,2
209771,91,2
209771,62,3
209772,42,1
209772,43,7
209773,48,4
209773,43,2
209774,2,2
209774,14,1
209774,15,1
209775,56,3
209775,103,2
209775,29,2
209775,23,1
209776,89,2
209776,10,1
209776,39,1
209777,48,2
209777,118,5
209778,98,1
209778,63,10
209779,40,6
209779,49,1
209779,105,1
209780,54,5
209780,2,1
209780,46,1
209780,55,1
209781,16,2
209781,100,1
209781,13,2
209782,48,3
209782,41,1
209782,26,1
209782,55,1
209783,41,4
209783,14,2
209784,72,3
209784,2,1
209784,36,2
209784,61,2
209785,9,3
209785,11,2
209785,15,1
209786,88,7
209786,41,1
209786,54,1
209786,86,2
209787,52,1
209787,15,1
209788,96,2
209788,73,2
209788,13,1
209788,48,1
209788,29,1
209789,41,4
209789,12,2
209789,38,1
209789,119,1
209790,33,1
209790,50,1
209790,25,1
209790,86,1
209791,33,1
209791,11,5
209792,11,2
209792,62,1
209793,32,1
209793,14,3
209794,3,1
209794,16,1
209794,19,1
209794,117,1
209795,3,1
209795,107,1
209796,45,4
209796,53,2
209797,77,6
209798,6,3
209799,14,1
209800,90,7
209801,4,3
209801,44,5
209802,51,1
209803,44,5
209804,53,2
209804,5,1
209804,62,1
209804,7,1
209805,48,2
209805,11,3
209805,93,1
209805,47,1
209806,51,1
209806,77,1
209807,93,3
209807,46,5
209808,64,5
209808,5,2
209808,15,1
209809,13,3
209809,103,1
209810,60,3
209810,111,3
209811,8,1
209811,57,1
209811,23,1
209811,103,1
209812,3,1
209812,45,1
209813,74,4
209813,69,4
209814,39,1
209815,17,1
209816,26,6
209817,57,2
209817,91,2
209817,44,1
209817,111,1
209818,33,1
209818,60,1
209818,15,1
209818,95,1
209819,5,1
209820,9,5
209820,44,1
209820,76,1
209821,72,2
209821,84,5
209822,56,2
209822,25,1
209822,50,1
209823,4,1
209824,7,8
209825,43,5
209826,80,4
209826,23,1
209826,111,1
209827,2,6
209827,52,1
209827,15,1
209828,54,2
209829,8,2
209829,109,1
209830,31,4
209831,59,3
209831,44,2
209832,58,2
209832,44,1
209832,29,1
209833,100,5
209834,58,1
209835,16,1
209835,57,3
209835,18,1
209835,29,1
209836,9,1
209836,53,1
209836,25,1
209837,40,4
209837,107,1
209837,112,5
209838,51,2
209838,5,1
209838,110,1
209838,87,2
209839,53,6
209840,41,6
209840,35,2
209841,50,1
209841,20,1
209841,34,1
209842,54,1
209843,18,4
209843,13,1
209843,38,2
209844,59,1
209844,76,2
209844,95,3
209845,10,1
209845,29,3
209845,110,2
209846,83,2
209846,61,2
209847,35,1
209847,4,1
209847,111,4
209848,88,1
209848,33,2
209848,4,2
209849,41,2
209849,99,4
209849,92,1
209850,9,1
209850,69,4
209851,56,1
209852,85,2
209852,53,5
209853,83,4
209853,11,2
209854,3,4
209854,107,1
209854,98,2
209854,19,1
209855,7,4
209855,42,1
209855,47,1
209855,114,1
209855,95,1
209856,60,2
209856,29,2
209856,54,1
209857,96,3
209857,9,2
209857,15,2
209857,47,3
209858,27,1
209858,12,2
209859,116,1
209859,111,1
209859,14,1
209859,47,1
209860,65,1
209860,40,1
209860,13,1
209860,29,1
209860,63,1
209861,76,1
209862,34,3
209862,92,1
209862,6,1
209863,51,2
209863,117,1
209864,59,6
209865,28,1
209865,55,4
209865,47,3
209866,60,1
209866,28,1
209866,46,1
209866,63,1
209867,72,2
209867,42,1
209867,116,1
209868,20,1
209868,45,1
209869,8,2
209869,49,1
209869,41,2
209870,16,3
209870,31,3
209870,62,1
209870,87,1
209871,8,1
209871,62,3
209872,17,8
209872,46,1
209873,11,2
209873,16,1
209873,59,1
209873,20,1
209874,18,2
209874,31,2
209875,33,1
209875,116,1
209876,8,1
209876,59,1
209876,13,1
209877,36,5
209877,52,2
209878,42,9
209879,20,8
209879,13,2
209880,9,1
209880,35,1
209881,81,6
209881,52,1
209882,52,1
209882,45,1
209883,99,3
209883,8,1
209883,51,2
209883,47,1
209884,64,1
209884,12,1
209885,24,1
209885,8,3
209885,37,1
209886,50,1
209886,47,1
209887,91,6
209888,88,1
209888,20,2
209888,21,1
209888,63,2
209889,48,1
209889,5,1
209889,45,1
209890,58,1
209890,117,1
209891,115,6
209892,68,1
209892,8,3
209892,19,1
209892,87,1
209892,58,1
209893,78,6
209894,24,4
209894,112,2
209895,104,1
209895,4,1
209896,52,2
209896,15,2
209896,47,2
209897,114,3
209897,35,2
209897,108,3
209898,9,4
209898,26,4
209898,42,2
209899,33,2
209899,42,1
209899,11,1
209900,60,2
209900,45,2
209900,55,1
209901,68,3
209902,96,1
209902,45,1
209902,7,1
209903,12,3
209903,29,8
209904,34,1
209904,12,1
209905,57,1
209905,14,1
209906,48,5
209906,116,1
209906,36,2
209907,44,2
209907,5,1
209908,80,1
209908,18,1
209908,44,1
209909,9,1
209909,42,5
209909,60,1
209909,106,1
209910,2,1
209910,5,1
209910,48,1
209910,113,1
209910,31,1
209911,48,1
209911,90,1
209911,120,1
209911,94,1
209912,6,3
209912,102,1
209912,71,3
209913,2,1
209913,44,1
209913,78,1
209913,25,1
209913,95,2
209914,43,1
209914,54,1
209915,66,1
209915,100,1
209915,11,1
209915,78,1
209915,21,1
209916,52,4
209917,9,1
209917,50,1
209917,52,1
209917,54,1
209918,18,1
209919,58,1
209919,59,3
209919,13,1
209920,51,1
209920,15,3
209921,72,2
209922,52,1
209923,65,1
209923,58,1
209923,83,1
209924,50,1
209924,90,2
209924,14,2
209925,24,2
209925,84,1
209925,55,3
209926,3,2
209926,108,1
209926,93,1
209926,54,1
209927,93,6
209928,38,1
209928,41,3
209928,52,1
209928,14,1
209929,42,2
209929,59,6
209930,48,2
209930,12,5
209931,75,2
209931,69,1
209932,42,3
209932,93,2
209933,30,7
209934,7,4
209934,111,1
209935,48,1
209935,41,1
209935,37,1
209936,8,1
209936,23,1
209937,53,1
209938,41,1
209938,90,1
209938,44,1
209938,9,2
209939,52,1
209939,117,1
209939,14,1
209939,71,1
209940,42,1
209940,58,1
209940,45,1
209941,104,1
209941,11,5
209942,60,8
209943,114,6
209943,26,1
209943,52,1
209944,53,3
209944,63,5
209945,16,6
209946,48,3
209946,65,1
209946,22,1
209946,23,1
209947,22,1
209948,64,1
209948,5,2
209948,103,1
209948,41,1
209948,20,1
209949,104,1
209950,41,1
209950,35,2
209951,42,1
209951,116,1
209951,12,1
209951,47,1
209952,77,1
209953,19,3
209953,45,2
209954,43,1
209954,44,1
209954,48,2
209954,113,2
209954,31,2
209955,19,2
209955,15,4
209955,45,2
209955,7,1
209956,21,6
209957,101,2
209957,53,1
209957,37,3
209957,22,3
209958,7,3
209958,10,1
209958,45,2
209958,81,1
209958,58,1
209959,98,2
209959,85,1
209959,86,1
209960,93,6
209960,6,1
209961,4,5
209962,58,1
209962,18,2
209963,35,9
209964,41,2
209964,82,1
209965,113,4
209965,101,3
209966,12,4
209967,44,1
209967,54,1
209967,6,3
209968,48,1
209968,51,3
209968,19,3
209969,8,2
209969,36,1
209969,54,1
209970,26,1
209970,50,1
209970,23,1
209971,13,5
209971,55,1
209971,102,1
209971,15,1
209972,10,1
209972,117,7
209973,32,1
209973,45,1
209973,51,1
209973,52,1
209973,56,1
209974,113,1
209975,1,3
209975,13,3
209976,25,1
209976,109,1
209976,14,1
209977,78,1
209978,19,3
209978,51,6
209979,30,8
209980,57,1
209980,75,1
209981,1,6
209981,35,2
209982,61,1
209982,119,5
209983,100,7
209983,55,4
209984,102,9
209985,90,1
209985,2,1
209985,6,1
209986,23,6
209987,76,2
209987,5,1
209987,15,1
209988,107,2
209988,109,1
209988,86,5
209989,15,5
209990,24,1
209990,106,1
209990,3,1
209991,49,1
209991,20,1
209991,119,1
209992,9,1
209993,10,1
209993,26,1
209993,52,1
209994,27,1
209994,75,1
209994,71,1
209994,55,1
209995,16,2
209995,60,2
209995,45,1
209995,68,1
209996,71,1
209997,50,4
209998,18,3
209998,99,1
209999,32,1
209999,20,1
210000,13,5
210000,38,4
210001,99,4
210001,53,2
210002,28,1
210003,114,1
210003,5,1
210003,14,3
210004,61,1
210005,57,2
210005,51,2
210005,116,1
210005,49,1
210006,118,4
210007,2,2
210007,93,1
210007,69,1
210008,112,4
210008,2,2
210008,50,1
210008,53,1
210009,48,1
210009,70,1
210010,16,1
210010,5,1
210010,14,1
210011,53,9
210012,13,9
210013,112,1
210013,28,6
210013,94,4
210014,39,8
210015,49,1
210015,20,2
210015,69,1
210015,47,1
210016,11,2
210017,100,3
210017,52,4
210018,42,1
210018,66,1
210019,40,3
210019,11,1
210019,83,1
210019,85,1
210019,53,1
210020,115,7
210021,100,3
210021,60,6
210022,32,2
210022,51,3
210023,27,1
210024,112,1
210024,1,5
210024,102,1
210025,59,2
210025,51,5
210026,49,1
210026,43,5
210027,54,1
210028,99,1
210029,56,6
210029,54,3
210030,57,2
210030,6,2
210031,55,1
210031,102,1
210031,23,2
210032,65,1
210032,49,1
210032,71,1
210032,31,1
210033,50,1
210033,12,1
210033,94,1
210034,65,6
210034,54,5
210035,41,1
210035,51,1
210035,100,1
210035,36,1
210036,9,4
210036,103,2
210037,72,4
210037,9,4
210038,65,5
210038,115,1
210038,54,1
210039,72,1
210039,82,1
210039,47,1
210040,10,3
210041,9,4
210041,45,2
210042,41,1
210042,59,1
210043,56,2
210044,94,1
210044,4,1
210044,46,1
210045,116,1
210045,37,4
210045,6,1
210045,111,1
210046,48,2
210046,42,1
210046,29,1
210046,85,1
210047,104,3
210047,93,2
210047,30,1
210047,23,2
210048,45,1
210048,19,1
210048,53,1
210048,95,1
210049,80,1
210049,47,1
210050,12,2
210050,51,2
210050,117,1
210050,54,1
210050,24,2
210051,52,1
210051,15,1
210052,2,2
210052,4,1
210052,13,4
210052,6,2
210053,49,6
210053,5,1
210054,16,3
210054,34,1
210054,99,2
210055,65,7
210055,69,1
210056,14,8
210057,3,1
210058,103,3
210058,107,1
210058,108,1
210058,20,1
210058,58,1
210059,18,4
210059,107,5
210060,37,4
210060,69,1
210061,115,7
210062,17,1
210062,43,1
210062,92,1
210062,93,1
210063,41,1
210064,18,1
210064,50,5
210065,31,5
210066,17,1
210066,119,2
210066,25,1
210066,30,2
210067,58,6
210067,43,2
210067,46,1
210068,48,1
210068,20,1
210068,15,1
210069,114,1
210069,27,5
210070,25,1
210070,115,5
210070,52,1
210070,6,5
210071,90,1
210072,33,1
210072,11,1
210072,110,1
210072,16,1
210072,93,1
210073,68,3
210074,45,1
210074,22,2
210075,25,9
210075,78,2
210076,44,2
210076,77,1
210076,15,2
210076,23,3
210076,55,1
210077,64,4
210077,58,4
210078,18,5
210079,60,8
210080,113,3
210080,55,3
210081,24,1
210081,11,1
210081,100,3
210081,6,2
210082,4,11
210083,26,3
210083,58,2
210084,32,2
210084,50,1
210084,43,1
210085,45,5
210086,77,2
210087,120,6
210087,58,1
210087,30,1
210087,14,1
210088,3,6
210089,108,1
210089,92,2
210089,95,2
210090,106,7
210091,44,8
210092,9,3
210092,118,1
210092,17,1
210093,105,2
210094,5,4
210095,105,1
210096,25,1
210097,82,2
210097,4,6
210098,18,1
210098,14,3
210099,75,2
210099,15,2
210100,17,2
210100,99,1
210100,76,1
210101,67,4
210101,86,5
210102,17,2
210102,50,1
210102,52,1
210102,45,1
210103,14,4
210103,103,1
210104,13,1
210105,4,5
210105,84,1
210105,7,1
210106,16,3
210106,47,1
210107,96,3
210107,33,2
210107,99,1
210108,1,6
210108,106,1
210109,56,5
210109,34,1
210109,19,1
210109,63,1
210110,40,6
210111,91,5
210111,108,1
210111,6,2
210112,49,1
210112,98,1
210113,32,3
210113,41,2
210113,102,1
210113,46,2
210114,48,2
210114,4,1
210114,52,1
210115,58,3
210116,56,5
210116,34,2
210116,3,4
210117,117,1
210117,55,6
210118,2,2
210118,47,2
210119,41,5
210119,7,2
210119,14,1
210119,47,1
210120,17,1
210120,12,1
210121,78,1
210122,73,1
210122,3,1
210123,107,1
210123,44,2
210123,109,2
210123,46,1
210124,1,6
210124,4,1
210124,41,1
210124,84,1
210125,50,2
210125,85,3
210125,38,1
210126,53,5
210126,46,1
210127,86,1
210128,73,1
210128,42,1
210128,20,1
210128,46,1
210129,120,3
210129,12,2
210129,93,1
210130,68,2
210130,101,1
210130,87,1
210131,25,3
210131,114,1
210131,19,2
210131,68,2
210132,88,3
210133,1,2
210133,6,1
210133,112,1
210133,21,1
210133,53,1
210134,40,4
210134,63,1
210134,79,1
210135,32,2
210135,46,3
210136,73,3
210136,110,1
210136,57,1
210137,37,4
210138,41,1
210138,28,2
210138,15,1
210139,49,1
210139,58,2
210139,119,1
210140,88,1
210140,14,5
210141,17,3
210141,53,4
210142,98,3
210142,111,5
210143,89,1
210144,44,2
210144,70,3
210145,57,3
210145,34,1
210145,44,1
210145,78,1
210146,80,5
210146,49,4
210146,2,1
210147,48,1
210147,30,1
210148,56,1
210148,43,1
210149,41,1
210149,53,1
210149,22,1
210149,47,1
210150,34,2
210151,100,1
210151,102,2
210151,6,2
210152,8,1
210152,105,3
210152,93,1
210152,28,1
210152,29,1
210153,17,1
210153,35,1
210153,46,2
210154,59,3
210154,71,1
210155,8,7
210155,41,1
210155,2,2
210155,73,1
210156,50,1
210156,98,1
210157,120,1
210157,9,1
210157,3,1
210158,42,1
210158,116,1
210159,17,1
210159,34,1
210160,74,1
210161,40,3
210161,3,1
210161,51,1
210161,12,1
210162,101,3
210162,109,2
210162,113,1
210162,49,1
210162,118,1
210163,108,9
210164,72,1
210164,41,1
210165,72,1
210165,25,1
210165,75,1
210165,108,1
210166,115,1
210166,55,1
210167,42,2
210168,106,3
210168,46,1
210169,33,1
210169,60,1
210170,51,1
210171,78,1
210172,62,1
210173,18,1
210173,31,1
210174,26,3
210174,59,5
210174,109,1
210174,62,1
210175,57,2
210175,82,4
210175,76,2
210176,104,5
210176,91,2
210176,45,1
210177,56,1
210177,33,2
210177,32,1
210177,6,1
210178,72,1
210178,66,1
210178,35,1
210178,102,1
210179,8,1
210179,7,7
210180,59,1
210180,20,1
210181,23,2
210181,71,2
210182,74,2
210183,49,1
210183,35,5
210184,50,8
210185,29,3
210185,103,2
210186,19,1
210186,116,5
210187,87,2
210188,24,3
210189,99,1
210190,76,5
210190,53,1
210190,46,2
210191,100,6
210191,112,1
210191,116,1
210191,58,1
210191,28,1
210192,57,1
210192,93,2
210192,7,1
210193,58,4
210194,63,4
210195,73,5
210196,19,7
210196,7,3
210197,12,10
210198,72,4
210198,102,3
210199,89,1
210200,11,2
210200,13,2
210201,58,1
210201,3,1
210201,60,1
210202,56,1
210202,60,1
210202,15,1
210203,69,3
210203,110,1
210204,104,2
210204,19,3
210204,3,2
210204,111,1
210205,35,4
210205,14,2
210206,59,2
210206,4,4
210207,57,1
210207,36,1
210207,23,1
210208,73,2
210208,31,2
210209,105,3
210209,60,2
210209,46,1
210209,15,1
210210,2,2
210210,4,2
210210,5,1
210210,16,1
210210,82,1
210211,18,4
210211,6,6
210212,19,2
210212,92,6
210212,60,1
210213,1,1
210213,36,1
210214,56,1
210214,17,1
210214,12,1
210214,55,1
210215,13,1
210215,86,1
210215,23,1
210216,50,1
210216,11,1
210216,44,1
210217,73,1
210217,67,2
210217,45,1
210217,7,1
210218,67,3
210218,6,6
210219,19,6
210219,60,2
210220,75,5
210220,23,3
210221,32,1
210221,57,1
210222,48,4
210222,50,1
210222,66,1
210223,88,1
210224,82,4
210225,2,3
210225,38,2
210226,19,2
210226,63,1
210227,6,3
210227,49,1
210227,114,1
210227,62,1
210227,31,1
210228,11,1
210228,83,1
210228,109,1
210229,117,1
210229,39,1
210230,35,1
210230,4,1
210230,14,1
210230,19,1
210230,57,1
210231,11,1
210231,22,1
210232,11,1
210232,12,2
210232,86,1
210232,15,1
210233,41,4
210233,9,5
210234,104,3
210234,97,2
210234,118,1
210234,15,2
210235,41,7
210236,89,5
210236,26,1
210236,68,4
210237,90,2
210237,60,1
210237,15,4
210238,56,2
210238,112,1
210238,120,5
210239,8,5
210239,51,1
210240,48,1
210240,60,1
210241,81,1
210241,33,1
210241,55,1
210242,107,1
210243,20,6
210244,40,3
210244,18,1
210244,54,1
210245,74,1
210245,42,2
210246,98,2
210246,44,1
210246,92,1
210247,8,2
210247,52,2
210247,15,2
210248,42,1
210249,41,3
210249,6,2
210249,111,1
210250,17,1
210250,11,1
210250,53,1
210251,105,1
210251,46,6
210252,83,4
210252,46,5
210252,87,2
210253,56,5
210253,33,1
210253,106,1
210253,58,1
210254,4,2
210254,14,4
210255,48,2
210255,65,1
210255,3,1
210256,95,1
210257,66,1
210257,3,1
210257,4,1
210257,98,1
210257,58,1
210258,6,1
210258,41,1
210258,110,2
210258,79,1
210258,58,1
210259,49,2
210259,28,4
210259,93,1
210260,85,7
210261,49,4
210262,58,1
210262,100,1
210262,38,1
210263,57,3
210264,74,8
210265,88,1
210265,41,10
210266,80,1
210266,113,1
210266,18,1
210266,1,2
210267,100,2
210267,70,2
210267,115,1
210267,51,1
210267,117,1
210268,89,1
210268,41,1
210268,18,1
210268,17,1
210269,1,2
210269,93,3
210269,33,1
210270,14,7
210271,115,8
210272,58,4
210272,3,3
210272,53,1
210273,76,2
210273,71,5
210274,48,5
210275,72,10
210276,60,1
210277,78,2
210278,17,1
210278,54,1
210279,47,1
210280,105,1
210280,103,1
210280,23,1
210281,104,2
210281,3,4
210282,51,3
210282,100,4
210282,55,1
210282,47,1
210283,59,1
210284,32,1
210284,33,1
210284,110,1
210284,9,1
210285,52,8
210286,4,8
210287,6,1
210287,77,1
210287,82,2
210287,24,1
210287,56,1
210288,112,2
210288,60,2
210288,13,1
210289,100,2
210289,14,5
210290,110,2
210291,120,5
210291,49,1
210291,43,1
210292,46,1
210292,108,1
210292,30,1
210293,81,6
210293,74,1
210294,114,3
210294,59,4
210294,31,1
210295,81,1
210295,106,1
210295,61,1
210295,22,4
210296,5,3
210296,10,1
210296,46,1
210296,81,2
210296,51,1
210297,75,2
210297,14,1
210297,16,1
210297,91,1
210297,62,1
210298,84,1
210299,56,1
210300,7,5
210301,105,1
210302,55,4
210303,40,1
210303,18,1
210303,5,1
210303,63,1
210304,10,1
210304,59,6
210304,6,1
210305,41,1
210305,58,1
210305,79,3
210306,3,1
210306,46,1
210307,53,9
210308,120,4
210308,102,1
210309,19,5
210309,61,1
210310,18,3
210310,34,1
210311,35,1
210311,110,1
210311,49,1
210311,17,1
210311,51,1
210312,10,1
210312,110,1
210313,48,2
210313,42,3
210313,32,2
210313,106,1
210314,19,3
210314,11,1
210315,4,1
210315,95,2
210316,74,1
210317,3,3
210317,51,3
210317,68,2
210318,74,5
210318,77,1
210318,13,1
210318,79,1
210319,53,1
210319,7,4
210320,61,4
210320,57,1
210320,99,1
210320,21,1
210321,110,3
210321,45,2
210321,38,4
210322,64,3
210322,34,2
210322,28,3
210323,33,2
210323,13,1
210323,70,1
210324,72,5
210324,61,1
210324,46,2
210325,108,2
210325,92,1
210325,53,1
210326,41,1
210326,18,3
210326,60,1
210326,58,1
210327,97,1
210327,74,2
210327,2,1
210327,54,1
210328,45,7
210329,18,2
210329,62,3
210329,39,1
210330,20,1
210330,21,1
210330,38,1
210331,56,5
210331,16,2
210331,33,1
210332,106,5
210332,46,1
210332,7,1
210333,16,2
210333,51,1
210333,20,1
210333,52,1
210333,27,1
210334,120,1
210334,55,6
210335,57,4
210335,90,1
210335,60,2
210336,65,1
210336,33,1
210336,5,1
210337,19,1
210337,12,5
210338,8,2
210338,98,4
210338,100,2
210339,9,5
210339,45,3
210340,10,2
210340,28,1
210340,5,1
210341,74,6
210342,42,7
210343,97,3
210343,101,4
210344,48,1
210344,79,1
210345,30,4
210346,80,1
210346,42,5
210346,53,1
210346,14,2
210347,110,1
210347,22,1
210348,55,9
210349,58,1
210349,5,1
210349,77,1
210349,30,2
210350,85,2
210350,102,2
210350,6,1
210351,73,1
210351,106,1
210351,78,4
210352,40,1
210352,76,1
210353,72,7
210354,72,1
210354,107,1
210355,96,2
210356,60,3
210356,117,2
210356,87,1
210357,80,3
210357,66,1
210357,68,1
210358,25,4
210358,52,2
210358,36,1
210358,87,1
210359,56,1
210359,43,1
210359,76,1
210359,6,1
210360,41,4
210360,58,1
210360,53,1
210360,5,1
210361,76,10
210361,14,1
210362,24,2
210362,58,1
210362,107,4
210363,35,4
210363,28,2
210364,89,2
210364,34,1
210364,50,1
210364,39,2
210365,30,1
210365,95,1
210366,9,2
210367,22,1
210368,51,1
210368,77,5
210369,2,1
210369,12,1
210369,108,3
210369,117,1
210370,5,1
210370,40,2
210370,75,2
210370,44,1
210370,45,1
210371,45,1
210371,6,1
210371,23,1
210372,40,10
210373,8,3
210373,58,2
210373,19,1
210373,78,2
210374,48,2
210374,19,1
210374,44,1
210375,20,1
210376,60,1
210376,7,1
210376,71,1
210377,43,1
210377,13,1
210377,15,1
210378,116,2
210378,87,1
210378,7,1
210379,8,1
210379,29,1
210380,11,7
210381,66,7
210382,80,4
210382,105,2
210382,26,1
210382,97,1
210383,3,5
210383,61,2
210383,39,1
210384,32,3
210385,43,3
210385,14,1
210385,15,2
210386,19,3
210386,13,1
210386,46,1
210387,87,5
210388,12,1
210388,84,1
210389,41,4
210389,69,1
210389,5,5
210390,40,2
210390,18,1
210390,42,1
210391,12,1
210391,29,2
210392,24,1
210392,16,1
210392,48,1
210393,112,1
210393,106,1
210393,5,1
210394,41,1
210394,50,7
210395,47,1
210396,37,1
210396,78,1
210397,24,3
210397,58,1
210397,20,2
210397,92,4
210398,18,7
210399,17,9
210399,60,2
210399,62,1
210400,7,1
210401,40,7
210401,33,2
210401,118,1
210401,15,1
210402,2,1
210402,53,6
210402,87,1
210403,53,5
210404,54,1
210404,113,2
210404,46,1
210405,1,3
210405,18,1
210405,78,2
210406,13,3
210406,38,1
210407,40,1
210407,9,1
210407,38,2
210407,47,4
210408,72,3
210408,110,7
210409,10,1
210409,42,1
210409,69,1
210409,84,2
210410,32,5
210410,49,1
210410,115,3
210411,72,2
210411,24,6
210412,65,3
210412,52,1
210412,86,1
210413,116,3
210413,83,1
210413,28,1
210413,30,1
210414,23,2
210414,7,1
210415,32,1
210415,33,2
210415,3,1
210415,117,1
210416,82,3
210416,51,2
210416,12,1
210416,28,1
210417,34,1
210417,69,1
210417,107,1
210417,108,1
210417,81,1
210418,1,5
210419,41,3
210419,51,1
210419,36,3
210420,116,4
210420,61,4
210420,15,1
210421,39,9
210422,49,6
210422,34,1
210423,88,2
210423,45,1
210423,7,2
210424,45,1
210424,54,1
210425,20,2
210426,32,1
210426,34,3
210426,35,1
210426,58,2
210427,11,1
210427,9,1
210427,75,1
210427,92,1
210428,3,4
210428,12,1
210428,39,2
210429,120,1
210429,2,1
210429,87,3
210430,48,4
210430,69,4
210430,23,1
210431,97,3
210431,27,3
210431,28,1
210432,101,4
210433,24,2
210433,67,3
210433,29,2
210434,72,1
210434,49,2
210434,60,1
210435,8,1
210435,58,1
210435,21,1
210435,85,1
210436,56,4
210436,17,2
210436,19,2
210437,89,3
210437,60,4
210438,104,5
210438,69,2
210439,9,1
210439,46,2
210440,5,7
210441,51,7
210441,108,4
210442,54,1
210443,73,5
210443,6,1
210444,19,3
210444,89,2
210444,3,1
210444,14,2
210445,44,1
210445,45,1
210445,46,1
210445,81,6
210445,18,1
210446,54,1
210446,14,1
210446,23,2
210447,105,2
210447,82,2
210447,54,1
210448,107,1
210448,2,1
210448,18,1
210449,21,2
210449,19,3
210449,37,1
210450,104,1
210450,17,7
210450,18,2
210450,103,1
210451,49,1
210451,26,1
210451,116,3
210451,20,3
210452,1,1
210452,20,1
210452,71,2
210453,16,1
210453,56,1
210453,117,1
210454,102,3
210455,57,1
210455,79,1
210456,68,1
210456,77,3
210456,7,1
210457,64,4
210457,68,1
210458,7,1
210458,111,1
210458,49,3
210458,53,1
210458,59,1
210459,8,1
210459,34,1
210459,14,1
210460,33,4
210460,26,1
210461,1,3
210461,20,1
210462,99,1
210462,35,1
210463,49,2
210463,50,1
210463,14,2
210464,4,1
210465,24,3
210465,43,5
210466,114,1
210467,96,1
210467,93,3
210468,42,2
210468,83,2
210469,18,1
210469,3,2
210469,34,1
210470,120,1
210470,66,1
210470,6,1
210471,23,1
210471,77,1
210471,14,1
210471,30,1
210472,50,1
210472,19,2
210472,20,3
210473,41,3
210473,118,2
210474,58,6
210474,7,2
210475,33,1
210476,33,2
210476,58,3
210476,45,1
210477,105,7
210478,11,1
210478,17,1
210478,49,1
210478,53,1
210478,119,1
210479,14,5
210480,105,1
210480,76,4
210481,96,1
210481,50,2
210482,76,3
210482,110,3
210483,56,1
210483,19,1
210484,89,1
210484,43,1
210485,93,6
210486,51,6
210487,67,5
210487,3,3
210487,28,1
210488,97,6
210488,30,2
210488,95,1
210489,56,3
210489,75,1
210489,59,2
210489,20,1
210490,10,4
210491,72,1
210491,43,1
210491,46,2
210492,32,1
210492,17,1
210492,27,1
210492,25,1
210493,20,5
210493,117,2
210493,86,1
210494,49,1
210495,83,1
210495,20,1
210495,63,1
210496,96,1
210496,18,1
210497,36,5
210497,117,2
210498,22,2
210498,14,1
210499,40,3
210499,91,1
210500,11,2
210500,108,1
210500,14,1
210500,71,1
210501,27,1
210501,58,1
210501,59,1
210501,39,1
210502,119,1
210502,55,2
210503,42,4
210503,5,3
210504,100,2
210504,4,1
210504,40,2
210504,15,1
210504,59,1
210505,25,1
210505,114,4
210505,19,1
210506,50,3
210506,58,1
210506,14,1
210506,55,1
210507,96,1
210507,5,1
210508,58,1
210508,12,1
210509,26,6
210510,1,1
210510,22,1
210510,31,1
210511,48,3
210511,20,2
210511,95,1
210511,47,1
210512,16,2
210512,98,1
210512,44,1
210512,70,1
210513,49,8
210513,6,3
210514,32,5
210514,75,2
210514,20,1
210514,28,1
210515,59,3
210515,19,1
210515,54,1
210515,55,2
210516,32,1
210516,50,1
210516,107,1
210516,20,1
210517,19,1
210517,101,3
210517,55,5
210518,9,3
210518,30,3
210519,1,2
210519,35,1
210519,9,2
210519,39,1
210520,42,1
210520,23,5
210521,72,4
210521,101,1
210522,50,3
210522,76,1
210522,44,1
210523,80,2
210523,60,4
210524,31,3
210525,59,8
210526,48,1
210526,58,1
210526,117,2
210526,119,5
210527,33,2
210527,37,2
210527,7,4
210528,16,7
210529,80,1
210530,42,6
210530,19,5
210531,41,3
210531,100,3
210532,81,3
210532,58,3
210532,114,2
210533,88,3
210533,85,1
210533,108,1
210533,20,1
210534,80,1
210534,43,1
210535,47,1
210536,80,3
210536,43,1
210537,17,1
210537,5,1
210538,33,1
210538,91,1
210538,17,4
210539,16,1
210539,32,5
210540,61,5
210540,54,3
210541,50,4
210542,17,1
210542,14,1
210543,108,4
210543,4,2
210543,62,1
210544,94,5
210545,109,2
210545,15,4
210546,41,1
210546,45,1
210546,38,1
210547,115,1
210547,20,3
210547,37,2
210547,47,1
210548,8,1
210548,19,7
210549,4,7
210550,53,8
210551,49,3
210551,118,1
210551,113,1
210552,25,3
210552,50,2
210552,36,3
210553,29,4
210553,45,2
210553,14,1
210553,55,1
210554,88,6
210555,72,1
210555,42,3
210555,107,1
210555,87,1
210556,91,3
210556,59,4
210556,60,1
210557,43,1
210557,51,1
210557,13,1
210558,55,7
210559,11,7
210560,90,6
210560,11,1
210560,66,1
210561,48,1
210561,19,1
210561,96,1
210562,15,3
210562,52,1
210562,87,1
210562,56,1
210562,31,1
210563,54,1
210564,8,7
210564,59,2
210564,6,1
210565,120,5
210565,10,2
210565,54,1
210566,106,1
210566,108,1
210566,86,2
210567,41,3
210567,36,3
210567,6,2
210568,104,5
210568,34,3
210568,44,1
210569,48,2
210569,31,1
210570,80,1
210570,106,1
210570,12,1
210571,49,3
210572,74,1
210572,19,1
210572,15,1
210573,51,7
210574,74,1
210574,52,1
210574,92,2
210575,10,5
210575,13,1
210576,66,5
210576,107,1
210576,46,2
210576,54,1
210576,59,1
210577,16,5
210577,20,1
210577,76,1
210578,21,9
210579,7,1
210579,41,1
210579,79,1
210579,117,1
210579,29,1
210580,32,2
210580,29,1
210580,22,1
210580,47,2
210581,27,1
210581,26,1
210581,67,1
210581,98,1
210582,41,1
210582,51,1
210583,120,1
210583,26,2
210584,28,4
210585,28,8
210585,5,1
210586,50,1
210586,70,4
210587,90,4
210587,19,4
210587,53,1
210588,46,1
210588,22,2
210588,15,2
210589,49,1
210589,114,1
210589,54,1
210590,64,3
210590,40,2
210590,49,1
210590,21,1
210590,23,1
210591,5,1
210591,55,1
210592,49,6
210592,2,1
210593,50,4
210594,24,1
210595,59,1
210595,44,1
210595,46,4
210596,69,1
210596,71,7
210597,38,1
210598,33,1
210598,42,3
210598,2,1
210599,14,5
210599,79,3
210600,57,3
210601,94,1
210601,14,1
210602,19,5
210603,97,3
210603,67,5
210604,41,8
210605,28,1
210606,24,1
210606,12,3
210606,21,1
210607,9,2
210607,44,1
210608,19,2
210608,79,1
210609,17,1
210609,27,1
210609,71,1
210610,50,1
210610,35,1
210610,108,1
210610,7,1
210611,8,2
210611,98,1
210611,20,1
210612,43,7
210613,106,1
210613,59,1
210613,50,1
210614,4,5
210614,60,2
210615,16,2
210615,42,1
210615,18,1
210616,82,1
210616,28,1
210617,93,3
210617,46,5
210617,55,1
210618,20,1
210618,5,1
210618,92,1
210619,18,4
210619,21,5
210619,14,1
210620,5,1
210620,7,3
210621,50,1
210621,37,1
210621,6,1
210622,106,5
210622,107,1
210623,32,2
210623,26,2
210623,14,1
210624,5,4
210624,61,1
210624,13,1
210625,66,5
210625,115,1
210625,47,1
210626,4,1
210626,69,2
210626,5,1
210627,3,1
210627,20,4
210628,41,7
210628,51,1
210629,111,1
210630,80,5
210630,12,1
210631,54,2
210631,12,1
210631,46,4
210632,47,3
210633,115,1
210633,91,1
210634,87,3
210635,19,2
210636,42,8
210637,11,2
210637,67,1
210637,100,1
210638,29,1
210639,9,1
210640,81,1
210640,41,1
210641,2,1
210641,58,3
210641,6,1
210642,49,1
210642,43,1
210642,28,1
210642,7,1
210643,30,9
210643,15,1
210644,62,1
210644,108,1
210644,22,1
210645,110,3
210646,72,1
210646,108,5
210647,78,2
210647,82,3
210647,38,1
210648,56,1
210648,66,1
210648,70,1
210648,63,1
210649,88,4
210649,51,1
210649,28,1
210650,75,5
210650,69,1
210651,8,1
210651,10,1
210651,59,3
210652,28,1
210652,46,1
210653,83,3
210653,44,4
210654,97,1
210654,6,1
210655,52,1
210655,45,3
210656,2,1
210656,101,3
210657,9,1
210657,83,1
210658,4,4
210658,70,2
210658,6,1
210659,40,3
210659,52,2
210659,93,1
210660,16,2
210660,50,1
210660,110,3
210660,6,1
210661,109,1
210661,77,1
210662,56,7
210662,62,1
210663,49,3
210663,100,3
210664,19,8
210664,52,1
210664,69,1
210665,55,5
210666,47,1
210667,45,6
210667,48,1
210667,83,1
210667,23,1
210667,60,1
210668,64,1
210668,34,4
210668,68,1
210668,40,1
210668,24,1
210669,4,6
210670,2,2
210670,35,1
210670,60,5
210670,111,1
210671,45,3
210671,93,1
210672,51,1
210672,20,1
210672,15,1
210673,26,7
210673,106,3
210674,50,1
210674,47,3
210675,69,2
210675,93,1
210675,103,4
210676,120,2
210676,33,1
210676,63,1
210677,9,1
210678,43,6
210679,64,4
210679,33,1
210679,101,1
210679,102,1
210679,105,1
210680,84,3
210681,86,1
210681,10,1
210681,18,1
210681,102,1
210682,11,2
210682,4,2
210682,46,1
210683,9,6
210683,37,2
210684,2,1
210684,95,1
210685,42,3
210685,35,2
210685,15,3
210686,10,2
210686,21,1
210686,30,2
210687,5,1
210687,71,1
210687,87,1
210688,114,2
210688,11,2
210688,12,1
210688,39,1
210689,4,1
210690,33,1
210690,59,1
210690,4,1
210691,50,1
210691,115,1
210691,58,1
210691,6,2
210692,81,3
210692,2,1
210692,74,1
210693,120,1
210693,20,1
210694,49,1
210694,44,1
210694,29,1
210695,98,3
210695,43,1
210695,51,1
210695,89,1
210695,59,1
210696,32,2
210696,97,2
210696,112,1
210696,120,2
210697,101,4
210698,20,5
210698,45,4
210699,16,7
210700,69,4
210700,39,1
210701,4,5
210701,69,4
210702,1,1
210702,104,1
210702,20,1
210702,57,1
210702,28,2
210703,41,4
210703,28,1
210703,94,2
210704,67,6
210705,105,6
210705,3,1
210706,105,7
210707,51,1
210707,3,1
210707,87,1
210708,24,2
210708,45,1
210708,86,5
210709,41,1
210709,36,1
210710,50,1
210710,4,6
210710,45,1
210710,102,1
210711,58,3
210711,12,1
210711,22,1
210712,60,1
210713,48,1
210713,1,2
210713,34,1
210713,14,2
210714,75,3
210714,46,1
210714,103,1
210715,9,1
210715,84,3
210716,38,2
210716,13,2
210716,19,1
210716,31,1
210716,63,1
210717,64,1
210717,9,1
210717,43,2
210717,11,1
210717,57,5
210718,89,1
210718,23,2
210718,33,1
210719,11,3
210719,43,3
210719,116,1
210720,26,8
210720,28,2
210721,92,5
210721,45,1
210721,36,2
210722,19,2
210722,55,1
210723,9,1
210723,74,1
210723,82,1
210723,106,1
210724,1,4
210724,106,1
210724,44,1
210724,29,1
210725,56,8
210726,44,7
210727,106,1
210727,62,2
210727,15,1
210728,84,9
210729,30,7
210730,18,7
210731,49,6
210731,4,2
210731,55,1
210732,32,1
210732,108,1
210732,104,6
210733,10,3
210734,3,1
210734,14,6
210735,114,3
210735,15,1
210736,43,4
210737,82,5
210738,55,3
210739,114,6
210740,112,2
210740,41,2
210740,64,1
210740,55,1
210741,23,7
210742,107,1
210742,109,1
210742,31,2
210743,41,7
210743,59,2
210744,45,1
210745,72,1
210746,2,10
210747,89,2
210747,25,2
210747,41,1
210748,51,6
210749,114,2
210749,75,2
210749,55,1
210750,91,1
210751,109,2
210751,119,5
210752,27,1
210753,42,4
210754,94,2
210755,78,3
210756,72,1
210756,21,3
210756,120,2
210756,24,1
210756,63,1
210757,8,1
210757,36,9
210758,13,1
210759,64,3
210759,3,3
210759,47,2
210760,3,1
210761,41,2
210761,53,1
210761,54,1
210762,48,3
210762,52,1
210763,8,9
210764,52,4
210764,13,5
210764,7,1
210765,26,1
210765,27,1
210766,3,1
210767,10,3
210767,12,2
210767,78,1
210767,48,1
210767,57,1
210768,112,4
210768,114,1
210768,87,1
210769,8,3
210769,57,1
210769,56,1
210770,16,4
210770,14,2
210771,3,2
210771,93,1
210772,9,5
210772,108,1
210773,18,6
210773,54,1
210773,39,1
210774,43,1
210775,48,3
210775,78,2
210775,46,2
210776,18,5
210776,91,1
210776,36,1
210777,10,1
210777,118,8
210778,106,5
210778,53,3
210779,35,2
210779,29,3
210779,47,2
210780,9,1
210780,45,4
210781,48,1
210781,6,3
210781,55,2
210782,32,4
210782,92,1
210782,85,1
210783,56,4
210784,115,8
210784,52,1
210784,46,1
210785,20,1
210786,6,1
210786,15,1
210787,12,4
210787,13,2
210787,95,1
210788,20,1
210788,85,3
210789,108,5
210790,40,1
210791,27,3
210791,41,2
210791,34,1
210791,2,1
210792,1,4
210792,36,1
210792,13,1
210792,117,1
210792,22,1
210793,73,1
210793,67,1
210793,54,2
210794,17,1
210794,13,1
210794,103,1
210795,72,5
210795,16,1
210795,51,2
210796,1,6
210796,34,3
210797,64,1
210797,7,3
210798,45,1
210799,115,1
210799,87,2
210800,57,1
210801,56,4
210801,35,3
210801,44,1
210801,85,1
210802,50,1
210802,115,1
210802,93,1
210803,57,2
210803,36,4
210804,23,7
210805,79,3
210805,87,1
210806,49,7
210807,83,3
210807,62,1
210808,2,2
210808,20,1
210808,38,1
210808,47,1
210809,50,9
210809,31,1
210809,119,1
210810,35,1
210810,37,1
210811,45,1
210811,87,1
210812,110,3
210813,9,3
210813,34,1
210813,45,2
210814,95,5
210815,83,8
210816,75,1
210816,52,1
210816,54,1
210816,103,1
210817,10,3
210817,44,2
210817,42,2
210818,75,2
210818,5,1
210818,46,4
210819,18,1
210819,53,1
210819,14,1
210820,43,1
210820,111,1
210821,9,1
210821,106,1
210821,23,1
210821,24,1
210821,62,1
210822,72,2
210822,43,2
210822,77,1
210822,55,1
210823,18,5
210823,13,1
210824,51,5
210824,28,1
210824,76,2
210825,8,1
210825,18,5
210825,84,2
210826,24,2
210826,46,5
210827,3,2
210827,57,8
210827,59,1
210828,56,5
210828,12,1
210828,31,1
210829,65,4
210829,58,1
210829,50,1
210830,33,6
210830,14,4
210831,10,1
210831,115,1
210831,47,1
210832,63,4
210833,27,2
210833,54,2
210834,41,2
210834,101,3
210834,7,1
210835,56,3
210835,91,1
210835,20,1
210835,12,3
210836,119,3
210837,10,3
210837,116,1
210837,61,1
210838,3,1
210838,4,4
210838,12,1
210838,46,1
210839,16,6
210839,49,1
210839,22,4
210840,16,4
210840,85,5
210841,42,2
210841,59,1
210842,49,2
210842,93,1
210842,7,1
210843,102,1
210843,83,1
210843,68,1
210843,44,1
210844,13,1
210844,6,3
210845,97,5
210845,31,1
210845,37,1
210845,23,1
210846,20,2
210846,6,1
210847,70,2
210847,39,1
210848,52,10
210849,52,6
210850,88,3
210851,62,6
210851,30,5
210852,112,1
210852,49,1
210852,114,1
210852,86,1
210853,6,2
210853,47,6
210854,41,2
210854,50,1
210854,21,2
210855,41,6
210855,68,1
210855,94,1
210856,18,1
210856,92,1
210856,110,2
210857,3,1
210857,5,4
210857,70,2
210857,39,1
210858,56,2
210858,9,1
210858,50,1
210858,33,1
210859,17,1
210859,12,1
210860,7,7
210861,56,5
210861,7,2
210862,80,5
210862,19,3
210863,7,1
210864,18,1
210864,37,1
210865,17,1
210865,21,4
210866,24,2
210866,50,4
210866,43,2
210867,24,4
210868,120,1
210869,48,1
210869,1,3
210869,23,1
210870,85,5
210870,14,4
210871,57,5
210872,28,4
210872,15,2
210872,47,2
210873,18,4
210874,24,1
210874,46,1
210875,18,1
210875,20,1
210876,42,8
210877,71,10
210878,32,2
210878,81,1
210879,2,1
210879,108,1
210879,58,1
210880,70,4
210881,48,1
210881,10,2
210881,3,1
210882,5,8
210883,70,3
210883,45,1
210883,38,1
210883,55,1
210884,113,7
210885,112,4
210885,8,4
210886,16,2
210887,51,4
210887,4,4
210888,5,9
210889,16,2
210889,62,2
210890,68,1
210890,7,3
210890,52,1
210890,25,1
210890,95,3
210891,76,3
210892,10,6
210892,42,4
210893,18,2
210893,44,3
210893,23,1
210894,49,1
210894,59,3
210895,37,1
210895,116,5
210895,4,1
210896,92,1
210896,53,1
210897,88,2
210897,54,1
210898,105,6
210899,58,1
210899,21,1
210899,54,3
210900,49,2
210900,15,7
210901,51,3
210901,44,2
210901,13,2
210902,78,3
210902,42,2
210902,109,2
210902,102,1
210903,80,6
210903,43,2
210904,1,2
210905,39,1
210905,103,1
210906,114,1
210906,3,1
210906,28,1
210906,6,1
210907,48,1
210907,11,1
210907,47,1
210907,7,1
210908,56,7
210909,4,2
210909,111,1
210909,18,1
210909,84,1
210909,31,2
210910,114,1
210910,68,3
210911,32,4
210911,75,1
210911,111,1
210912,1,1
210913,25,4
210913,50,1
210914,51,4
210915,70,2
210915,38,1
210915,10,1
210915,47,1
210915,116,5
210916,67,1
210916,7,1
210916,42,3
210916,108,1
210916,19,1
210917,32,1
210917,98,1
210917,114,1
210918,16,1
210918,29,1
210919,102,2
210919,106,2
210919,107,1
210919,113,1
210919,49,1
210920,5,1
210920,42,2
210920,43,1
210920,25,2
210920,93,1
210921,52,3
210921,85,1
210921,30,2
210922,88,1
210922,65,1
210922,118,1
210923,25,2
210923,76,1
210923,85,6
210924,64,3
210924,65,1
210924,106,1
210924,70,1
210925,35,1
210925,8,2
210925,15,3
210925,55,1
210925,95,1
210926,49,6
210926,69,1
210927,20,4
210928,48,7
210929,49,2
210929,5,1
210929,54,8
210930,9,1
210930,20,1
210930,53,1
210931,18,4
210932,42,1
210932,51,3
210933,115,8
210933,6,2
210934,65,3
210934,77,2
210934,70,3
210935,57,3
210935,50,1
210935,116,1
210936,118,4
210936,55,4
210937,42,2
210937,110,5
210937,14,3
210938,18,2
210938,30,5
210939,115,3
210939,4,3
210940,48,1
210940,47,6
210941,34,1
210941,23,6
210942,8,2
210942,9,3
210942,43,1
210942,110,2
210942,14,1
210943,2,1
210943,75,1
210944,40,2
210944,9,1
210944,37,1
210944,6,1
210945,57,2
210945,95,3
210946,3,5
210947,96,1
210947,41,2
210947,4,2
210947,76,1
210948,13,3
210948,11,2
210948,69,1
210948,7,1
210949,18,3
210949,44,5
210950,66,1
210950,10,1
210950,29,1
210951,104,4
210951,32,3
210951,71,2
210952,113,4
210952,27,2
210952,7,2
210953,80,1
210953,115,5
210954,49,6
210955,56,3
210955,66,1
210955,62,1
210955,39,1
210956,54,1
210956,99,5
210956,102,2
210957,116,8
210958,16,2
210958,18,1
210958,104,1
210959,2,4
210959,77,3
210960,57,1
210960,98,1
210960,12,1
210961,29,2
210961,22,2
210961,103,3
210962,8,1
210962,55,7
210963,97,1
210963,42,3
210963,10,1
210963,24,1
210963,28,1
210964,48,8
210964,30,2
210965,48,8
210965,11,2
210966,4,3
210966,94,6
210966,55,2
210967,97,3
210968,43,3
210969,16,1
210969,114,1
210969,35,1
210970,72,1
210970,56,1
210970,52,2
210970,39,3
210971,35,3
210971,68,4
210971,14,1
210972,6,3
210972,8,1
210972,43,1
210972,49,1
210972,57,2
210973,1,1
210973,60,1
210974,16,1
210974,71,1
210975,70,3
210976,5,5
210976,54,2
210977,120,3
210977,102,5
210978,53,1
210978,69,1
210978,102,1
210979,47,4
210980,56,1
210980,89,1
210980,2,1
210980,60,1
210981,113,1
210982,79,1
210983,28,1
210983,55,4
210983,36,1
210983,31,1
210984,33,1
210984,44,1
210985,44,2
210985,85,7
210986,112,5
210986,119,3
210987,48,1
210987,29,1
210988,116,1
210988,18,1
210988,4,1
210989,49,1
210989,27,1
210990,33,1
210990,84,1
210990,113,1
210991,16,3
210991,89,3
210991,56,2
210991,62,1
210992,24,5
210992,2,1
210992,59,1
210993,1,2
210993,108,1
210993,45,1
210994,45,2
210994,54,1
210994,63,1
210995,23,1
210995,47,1
210996,81,4
210996,66,1
210997,107,1
210997,1,1
210997,3,1
210998,15,8
210999,5,5
210999,70,3
211000,104,1
211000,81,1
211000,24,1
211001,56,3
211001,43,1
211002,102,1
211002,67,3
211002,94,7
211003,65,2
211003,7,2
211004,66,1
211004,35,3
211004,60,2
211005,17,1
211005,3,1
211006,1,1
211006,28,1
211006,36,1
211006,23,1
211007,105,1
211007,28,1
211008,48,2
211009,120,2
211009,105,3
211009,18,1
211010,72,3
211010,51,1
211010,107,3
211010,79,1
211011,59,1
211011,102,1
211011,6,1
211012,19,9
211013,101,1
211013,87,1
211013,23,1
211014,25,3
211014,98,1
211014,55,2
211015,44,1
211015,13,5
211016,50,1
211016,19,1
211017,28,1
211017,62,4
211018,89,1
211018,15,1
211019,107,1
211019,39,1
211020,42,8
211020,100,1
211020,22,1
211021,81,1
211021,45,1
211022,17,2
211022,37,4
211023,16,1
211023,19,1
211024,108,1
211024,50,1
211024,116,7
211025,52,9
211025,36,1
211026,60,1
211026,21,1
211027,56,1
211028,15,1
211029,102,3
211029,14,5
211030,21,2
211030,46,3
211031,16,1
211031,4,2
211031,22,2
211031,92,2
211032,102,3
211032,6,2
211033,46,1
211034,35,4
211034,39,1
211034,7,1
211034,42,1
211034,23,1
211035,40,1
211035,24,1
211036,41,3
211036,34,1
211036,20,1
211036,111,1
211037,59,1
211037,92,1
211037,119,1
211038,95,1
211039,112,1
211039,59,2
211039,19,1
211040,41,5
211040,92,2
211041,74,1
211041,117,1
211041,55,1
211042,10,3
211042,101,4
211043,1,1
211043,108,2
211043,13,2
211043,47,1
211043,94,1
211044,27,1
211044,44,1
211044,23,1
211044,15,1
211045,3,3
211045,38,5
211046,8,1
211046,27,1
211046,100,1
211047,36,3
211047,86,2
211048,50,1
211048,86,1
211048,23,1
211049,32,2
211049,1,2
211049,13,1
211049,54,1
211049,56,2
211050,50,1
211050,46,1
211050,87,3
211051,10,3
211052,16,3
211052,57,1
211052,3,1
211052,107,1
211053,20,2
211053,46,2
211054,115,2
211054,74,2
211054,13,1
211054,61,1
211055,90,6
211055,84,3
211056,18,1
211056,44,3
211057,8,1
211057,91,1
211057,44,2
211057,70,1
211058,25,1
211058,37,1
211058,113,1
211059,49,1
211059,4,1
211060,46,1
211060,7,1
211061,49,1
211061,26,1
211061,42,1
211062,85,6
211063,45,3
211064,81,1
211064,12,1
211064,55,4
211065,60,1
211065,12,4
211065,30,1
211066,64,1
211066,52,4
211066,23,1
211067,59,1
211067,7,3
211068,20,1
211068,45,3
211069,58,6
211069,51,1
211069,20,1
211069,93,1
211070,73,2
211070,18,5
211071,96,6
211071,77,1
211072,12,4
211072,53,2
211073,64,5
211073,113,1
211073,59,2
211074,41,3
211074,93,3
211074,119,2
211075,40,5
211076,18,4
211076,11,2
211076,38,1
211077,27,1
211077,60,5
211077,45,1
211078,58,2
211078,46,2
211079,16,1
211079,50,1
211079,35,1
211080,42,3
211080,10,2
211080,36,1
211081,1,5
211081,13,2
211081,6,1
211082,40,1
211082,19,4
211083,76,2
211083,13,4
211084,41,1
211084,58,2
211084,118,1
211084,87,1
211085,120,1
211085,115,1
211085,74,2
211085,75,2
211086,31,7
211087,97,1
211087,2,1
211087,75,1
211087,46,1
211088,96,5
211088,20,5
211089,1,1
211089,91,1
211089,43,1
211089,23,1
211090,50,1
211090,28,1
211090,22,1
211091,113,2
211091,37,2
211091,6,1
211092,73,8
211093,57,2
211093,3,1
211093,52,1
211093,47,3
211094,49,1
211094,61,1
211094,95,1
211095,17,1
211095,110,1
211096,80,3
211096,54,2
211097,3,1
211097,5,1
211097,14,1
211098,17,1
211099,46,1
211100,10,2
211100,11,2
211101,42,1
211101,13,1
211101,39,1
211102,55,8
211103,74,7
211104,56,5
211105,7,1
211105,102,1
211105,6,1
211106,48,1
211106,118,1
211107,44,3
211107,39,5
211108,15,6
211109,88,1
211109,46,1
211109,23,1
211110,79,8
211111,19,5
211112,41,2
211112,117,1
211112,45,1
211112,14,2
211113,24,4
211114,24,1
211114,33,7
211115,10,2
211115,11,1
211116,75,1
211116,4,1
211116,63,1
211117,112,2
211117,44,2
211117,5,1
211117,103,1
211118,4,3
211119,9,1
211119,91,1
211119,110,5
211120,48,1
211120,53,5
211121,42,5
211121,3,1
211121,46,1
211122,65,3
211123,26,4
211123,84,4
211124,112,1
211124,74,1
211124,7,1
211125,66,1
211125,93,1
211126,33,11
211127,41,2
211127,55,2
211128,36,1
211129,71,2
211129,69,1
211129,14,2
211129,111,3
211130,26,1
211130,35,1
211131,89,8
211132,1,1
211132,52,6
211133,48,3
211134,66,2
211134,11,1
211134,12,1
211135,4,10
211136,25,2
211136,10,1
211136,119,1
211137,80,2
211137,114,2
211138,72,6
211138,61,1
211138,6,1
211138,30,1
211139,39,7
211140,72,3
211140,18,2
211140,86,1
211141,28,2
211141,7,4
211142,48,1
211142,55,1
211142,54,4
211142,31,1
211143,38,1
211143,72,1
211143,105,1
211143,43,1
211143,58,1
211144,48,5
211144,62,1
211145,32,1
211145,42,1
211145,35,1
211145,47,1
211146,51,6
211146,116,1
211146,102,1
211146,119,1
211147,19,2
211147,46,5
211148,50,1
211148,53,6
211149,36,6
211150,41,1
211150,94,1
211151,32,1
211151,51,1
211151,11,1
211151,13,1
211152,9,3
211153,13,3
211153,31,5
211154,4,4
211154,36,1
211154,113,1
211154,52,1
211154,31,1
211155,107,1
211155,37,4
211156,11,1
211156,22,7
211157,7,3
211157,105,1
211157,43,1
211157,12,1
211157,13,1
211158,19,1
211158,116,1
211158,47,1
211159,89,1
211159,42,1
211159,110,1
211160,32,1
211160,97,2
211161,42,2
211161,23,2
211162,63,1
211162,5,1
211162,55,1
211163,10,8
211164,84,1
211164,7,1
211165,46,1
211165,14,7
211166,33,1
211166,71,9
211167,106,3
211167,14,5
211168,51,6
211168,19,1
211168,69,1
211169,14,3
211169,7,3
211170,13,5
211171,10,1
211172,41,5
211172,26,3
211172,19,2
211173,14,2
211173,45,2
211173,78,2
211173,15,1
211174,44,3
211174,101,1
211174,71,1
211175,26,3
211175,7,1
211176,56,3
211176,98,1
211176,68,1
211177,45,1
211177,29,1
211177,111,2
211178,117,4
211178,5,1
211179,64,2
211179,58,1
211179,4,1
211179,5,1
211180,37,1
211181,54,1
211181,101,2
211181,45,1
211181,14,1
211182,108,4
211183,44,1
211184,15,8
211185,60,2
211185,6,2
211186,66,1
211186,51,6
211186,46,1
211187,74,1
211187,110,4
211187,55,2
211188,94,4
211188,95,4
211189,48,5
211189,9,1
211189,60,1
211189,103,1
211190,21,12
211191,72,5
211191,11,6
211192,50,1
211193,85,5
211193,39,2
211194,44,1
211194,77,5
211194,47,1
211195,89,1
211196,104,1
211196,56,7
211197,115,1
211198,2,3
211198,60,1
211199,8,1
211199,80,1
211199,94,1
211200,103,5
211201,8,3
211201,17,1
211201,120,1
211202,72,2
211202,47,1
211202,113,1
211202,17,1
211202,52,1
211203,115,1
211203,45,1
211204,50,1
211204,5,1
211204,54,1
211205,1,2
211205,42,1
211206,106,1
211206,51,1
211206,46,1
211207,99,8
211208,9,2
211208,41,2
211209,81,7
211210,17,1
211210,10,2
211210,22,3
211211,12,3
211211,15,5
211212,10,1
211212,7,1
211213,73,1
211213,97,1
211214,92,2
211214,31,1
211215,24,2
211215,27,1
211215,4,4
211216,2,2
211216,42,4
211217,117,2
211217,61,1
211217,5,2
211218,49,2
211218,42,1
211219,40,4
211219,1,5
211220,48,4
211221,82,1
211221,71,4
211222,113,1
211222,33,3
211223,110,1
211223,47,1
211223,81,1
211223,22,1
211223,28,1
211224,2,3
211224,50,1
211224,109,1
211224,86,1
211225,85,8
211226,89,2
211226,2,1
211226,10,1
211226,62,1
211227,56,1
211227,118,1
211227,54,1
211228,113,1
211228,98,1
211228,45,2
211228,106,1
211229,73,1
211229,33,1
211229,55,2
211230,84,3
211230,5,1
211231,14,2
211231,80,1
211231,81,1
211231,21,1
211231,60,1
211232,101,1
211232,47,1
211232,18,2
211232,53,2
211232,92,1
211233,16,1
211233,57,2
211233,52,3
211234,89,9
211235,65,3
211235,3,2
211235,28,3
211236,40,4
211236,28,1
211236,111,3
211237,3,1
211237,74,6
211237,11,1
211237,49,1
211237,57,1
211238,41,5
211238,45,2
211238,62,3
211239,50,2
211240,87,7
211241,24,2
211241,53,1
211241,95,2
211242,72,1
211242,5,1
211243,49,4
211243,74,1
211243,108,1
211243,87,1
211244,49,2
211244,44,1
211244,45,1
211244,23,1
211245,50,3
211245,5,1
211245,69,2
211246,120,2
211246,65,1
211246,42,1
211246,91,1
211247,48,4
211247,73,1
211247,8,1
211248,99,6
211249,91,1
211249,108,1
211249,95,1
211249,87,2
211250,48,3
211250,55,3
211251,35,1
211251,13,1
211252,12,7
211253,37,7
211254,88,1
211254,94,1
211254,111,1
211255,33,1
211255,5,1
211255,28,1
211255,37,1
211256,101,4
211257,20,6
211258,17,6
211259,11,4
211259,45,1
211259,14,1
211259,51,1
211259,26,1
211260,117,7
211261,14,1
211261,50,4
211261,51,2
211261,116,1
211261,61,1
211262,41,1
211262,3,1
211263,48,6
211263,65,1
211263,20,1
211264,52,1
211264,20,6
211265,65,1
211265,98,1
211265,42,1
211265,81,1
211265,53,1
211266,31,1
211266,47,1
211267,59,6
211267,6,1
211267,15,1
211268,50,3
211268,19,1
211268,120,1
211268,26,1
211268,93,1
211269,12,1
211270,85,4
211271,1,1
211271,39,1
211271,47,1
211271,49,1
211271,23,1
211272,96,2
211272,2,2
211272,52,1
211272,7,1
211273,58,5
211273,76,2
211274,61,1
211274,50,1
211274,59,1
211274,21,1
211275,61,3
211275,86,1
211276,5,8
211277,107,2
211277,13,1
211277,46,1
211277,14,1
211278,21,4
211278,38,4
211279,84,8
211280,83,2
211280,13,3
211281,90,8
211282,29,8
211283,43,1
211283,45,6
211284,26,1
211284,3,2
211284,45,3
211285,55,4
211286,42,1
211286,11,2
211287,13,7
211287,30,1
211288,74,1
211289,49,3
211289,3,1
211289,5,2
211289,95,1
211290,49,2
211291,1,1
211291,91,3
211291,15,2
211292,34,1
211292,99,1
211292,13,1
211293,1,1
211294,20,6
211294,111,2
211295,93,1
211295,14,1
211296,59,1
211296,39,2
211297,56,1
211297,84,5
211297,47,1
211298,13,8
211299,39,1
211299,72,2
211299,76,1
211299,45,1
211299,111,1
211300,1,2
211300,18,2
211300,59,1
211300,46,1
211301,64,1
211301,113,1
211301,43,1
211301,84,1
211302,106,1
211302,109,1
211303,92,4
211303,14,4
211304,119,3
211304,47,2
211305,18,1
211305,53,1
211305,116,1
211305,109,1
211306,9,1
211306,77,1
211307,59,1
211307,119,1
211308,25,8
211309,61,1
211310,93,5
211310,53,2
211310,54,1
211311,50,1
211312,8,1
211312,37,1
211313,32,4
211313,16,1
211313,48,1
211313,18,1
211313,29,1
211314,56,1
211314,118,3
211314,47,1
211315,115,1
211316,97,1
211316,100,1
211316,72,3
211316,12,1
211316,19,1
211317,105,3
211317,17,2
211317,103,1
211318,12,5
211318,21,1
211318,55,1
211319,88,2
211319,11,1
211320,82,7
211320,109,1
211321,34,3
211321,51,1
211321,36,1
211322,43,5
211322,93,2
211323,90,2
211323,115,2
211323,54,2
211324,40,5
211324,57,1
211324,63,1
211325,2,1
211325,41,1
211325,19,1
211325,116,1
211325,54,1
211326,32,1
211326,51,3
211327,44,1
211327,15,7
211328,34,5
211328,59,1
211328,6,2
211329,110,1
211329,52,5
211329,54,1
211330,16,1
211330,11,4
211330,69,1
211331,18,5
211331,7,2
211332,113,1
211333,13,2
211333,53,1
211333,15,2
211334,41,3
211334,10,2
211334,28,1
211335,65,3
211335,1,4
211336,18,7
211337,35,5
211337,115,1
211337,7,1
211338,72,3
211338,107,1
211339,49,9
211339,31,2
211340,106,2
211340,59,6
211341,27,1
211342,96,4
211342,1,1
211342,87,1
211343,82,3
211343,4,1
211343,58,1
211344,120,3
211344,17,2
211344,50,1
211344,53,1
211345,112,1
211345,60,2
211346,82,1
211346,51,1
211346,50,1
211346,47,1
211347,81,2
211347,74,1
211348,107,1
211348,44,2
211348,31,2
211348,47,3
211349,66,1
211349,71,1
211350,60,1
211350,21,3
211351,53,1
211351,29,1
211351,7,1
211352,32,1
211352,7,7
211353,63,11
211354,66,1
211354,35,1
211354,101,1
211355,42,3
211355,53,1
211355,6,1
211355,114,1
211356,19,8
211357,26,6
211358,42,1
211359,64,4
211359,59,2
211359,104,1
211359,69,1
211360,75,2
211360,109,1
211360,58,1
211360,27,1
211360,92,1
211361,82,1
211361,10,7
211362,89,1
211362,45,2
211363,72,1
211363,49,1
211363,113,1
211363,65,1
211364,33,2
211364,39,1
211364,13,1
211364,118,1
211364,57,1
211365,8,1
211365,54,2
211365,46,4
211366,42,1
211366,26,1
211366,102,1
211367,10,3
211367,19,1
211367,120,1
211367,56,1
211367,95,1
211368,18,1
211369,102,2
211369,48,1
211369,116,1
211369,21,1
211369,31,1
211370,9,7
211370,107,2
211370,111,1
211371,59,2
211371,19,6
211372,58,1
211372,27,1
211372,68,1
211372,62,1
211373,75,9
211373,69,2
211374,84,1
211374,14,1
211374,44,1
211375,106,1
211375,23,3
211376,85,5
211376,37,1
211376,6,5
211377,81,3
211377,41,1
211377,5,1
211378,5,1
211378,61,1
211378,39,1
211379,9,1
211379,4,1
211379,86,1
211380,41,2
211380,77,3
211381,85,1
211382,7,6
211383,48,1
211383,11,3
211383,14,2
211383,6,1
211384,83,4
211384,71,3
211385,10,1
211386,59,1
211386,12,1
211386,5,2
211387,44,1
211387,47,1
211387,53,2
211387,26,1
211387,63,1
211388,1,1
211388,78,8
211389,84,1
211390,90,4
211391,43,2
211391,38,5
211392,19,7
211392,113,1
211392,51,1
211393,79,9
211394,49,2
211394,50,1
211394,108,1
211395,14,7
211396,16,3
211396,15,2
211396,30,1
211396,103,1
211397,57,5
211397,94,3
211398,36,5
211398,29,3
211399,9,4
211399,75,2
211399,14,1
211400,82,3
211400,54,1
211400,55,4
211401,58,1
211401,78,2
211402,109,2
211403,33,6
211403,20,2
211404,16,5
211404,1,2
211404,42,1
211405,44,1
211405,13,1
211406,38,1
211406,53,1
211406,54,1
211406,24,1
211406,27,1
211407,99,3
211407,1,3
211407,43,1
211408,42,1
211408,11,1
211409,21,7
211409,75,1
211409,5,1
211410,96,2
211410,12,1
211410,87,1
211411,17,1
211411,90,1
211411,20,1
211412,42,4
211412,10,3
211412,47,1
211412,55,1
211412,56,1
211413,44,1
211413,52,1
211414,24,3
211414,80,1
211414,20,2
211415,76,2
211415,102,6
211416,65,1
211416,36,1
211417,32,1
211417,73,4
211418,5,1
211418,19,1
211418,12,4
211418,117,1
211419,9,5
211419,98,1
211419,37,1
211420,2,1
211420,55,8
211421,57,1
211421,50,1
211421,36,1
211421,29,1
211422,27,5
211422,1,2
211422,35,2
211423,11,6
211424,91,2
211424,28,1
211424,103,1
211425,21,8
211426,9,3
211426,44,1
211426,15,1
211426,95,1
211427,34,2
211427,13,1
211427,46,1
211427,88,1
211427,31,1
211428,90,4
211428,22,3
211429,64,2
211429,5,6
211430,99,2
211430,91,1
211430,94,5
211431,25,3
211431,3,6
211432,11,1
211433,64,7
211433,90,2
211433,102,1
211434,48,1
211434,37,1
211435,117,5
211436,32,1
211436,18,1
211437,4,6
211438,41,5
211438,58,3
211438,14,3
211439,18,1
211439,117,5
211439,46,1
211439,7,1
211440,43,1
211440,7,3
211441,112,2
211441,59,4
211442,6,1
211443,82,1
211443,74,1
211444,48,2
211444,20,2
211445,25,1
211445,44,1
211446,34,1
211446,43,2
211447,44,4
211447,39,4
211448,25,3
211448,60,4
211449,1,5
211449,10,1
211449,67,4
211450,57,2
211450,6,2
211451,93,2
211452,32,1
211452,52,1
211452,12,1
211452,14,1
211453,40,1
211453,99,1
211453,4,1
211454,56,2
211454,59,1
211455,49,2
211455,3,1
211455,86,1
211456,36,1
211457,9,1
211457,66,1
211458,44,2
211458,20,6
211459,1,1
211459,107,2
211459,38,1
211459,22,2
211460,11,1
211461,49,3
211461,67,1
211461,31,1
211462,89,6
211462,106,1
211462,63,2
211463,56,1
211463,61,1
211463,30,1
211464,8,2
211464,26,1
211464,115,1
211464,76,1
211465,74,1
211465,4,2
211465,47,1
211465,92,4
211466,46,1
211466,113,2
211466,54,1
211467,49,1
211467,50,4
211467,45,2
211468,33,4
211469,2,4
211470,7,1
211470,14,1
211470,39,1
211471,42,6
211471,115,2
211472,42,1
211472,45,5
211472,18,1
211472,115,1
211472,94,1
211473,96,2
211473,100,2
211473,106,1
211473,117,1
211473,27,1
211474,35,2
211474,13,3
211475,99,2
211475,109,2
211476,2,3
211477,45,2
211477,55,1
211477,94,1
211477,31,1
211478,24,1
211478,77,10
211479,1,1
211479,25,1
211479,111,1
211480,33,6
211481,47,1
211482,18,2
211482,52,1
211483,17,1
211483,51,1
211483,43,1
211484,39,7
211485,41,2
211485,49,2
211486,92,8
211486,20,2
211487,9,1
211487,45,1
211487,97,2
211487,15,1
211488,16,8
211489,16,4
211489,84,1
211489,95,1
211490,27,3
211490,15,1
211491,42,4
211491,53,2
211492,22,5
211493,5,8
211494,25,2
211494,74,2
211494,3,1
211495,89,6
211495,59,1
211495,49,1
211496,9,5
211496,90,2
211496,47,1
211497,102,1
211497,47,1
211498,24,7
211499,59,2
211499,28,4
211499,15,1
211500,46,7
211501,45,2
211501,20,1
211501,117,1
211501,71,1
211502,9,6
211502,19,1
211502,60,1
211502,30,1
211503,11,1
211503,28,2
211503,6,4
211504,18,5
211504,21,1
211504,54,3
211505,73,1
211505,20,1
211505,69,1
211506,29,1
211507,11,6
211507,100,3
211507,45,1
211508,17,3
211508,43,5
211509,48,1
211509,15,1
211509,13,1
211509,103,1
211510,51,2
211511,13,1
211511,55,1
211512,18,1
211513,2,1
211513,70,8
211514,19,1
211514,3,1
211514,101,1
211515,40,4
211515,25,1
211515,109,3
211515,62,1
211516,11,1
211516,12,1
211516,45,1
211516,6,1
211517,56,2
211517,6,1
211518,68,1
211519,74,3
211519,4,1
211519,6,1
211520,44,2
211521,51,2
211521,94,5
211522,81,2
211522,49,3
211523,17,5
211523,12,2
211523,39,1
211524,1,2
211524,2,3
211524,101,1
211525,112,6
211526,50,1
211527,40,2
211527,13,1
211527,6,2
211527,55,1
211528,56,2
211528,58,4
211529,45,1
211529,6,1
211529,55,1
211530,1,9
211531,48,2
211531,2,4
211532,83,1
211532,93,1
211532,119,1
211533,112,6
211533,35,1
211533,45,4
211534,45,1
211535,50,1
211535,101,1
211535,86,3
211536,65,1
211536,5,1
211536,6,4
211537,89,5
211537,106,1
211537,17,1
211538,97,2
211538,74,1
211538,25,1
211539,50,8
211539,14,1
211540,112,4
211540,17,1
211540,30,1
211540,7,1
211541,120,3
211541,19,1
211541,100,2
211542,94,1
211543,41,1
211543,28,3
211544,96,7
211545,83,6
211545,35,1
211546,45,1
211546,6,1
211546,71,3
211547,88,1
211547,10,1
211547,80,1
211547,38,1
211548,60,2
211548,117,1
211549,35,1
211549,20,1
211549,78,1
211549,60,1
211550,48,1
211550,24,1
211550,46,1
211550,71,1
211551,12,1
211551,77,1
211552,118,3
211553,99,2
211554,56,1
211555,52,1
211555,86,1
211556,21,3
211556,79,4
211557,73,2
211557,28,1
211558,15,1
211558,18,5
211558,52,1
211558,55,1
211558,119,1
211559,61,1
211560,74,3
211560,59,1
211561,52,3
211562,11,2
211562,60,7
211563,28,4
211563,38,3
211564,99,6
211565,68,1
211566,93,2
211567,115,2
211567,27,1
211567,31,1
211568,12,3
211568,15,2
211569,27,2
211570,48,2
211570,42,2
211570,76,1
211571,112,2
211571,55,4
211572,1,1
211572,52,2
211572,38,1
211572,105,1
211573,16,2
211573,10,1
211573,19,1
211574,8,3
211574,5,1
211574,46,1
211575,48,1
211575,20,4
211576,9,2
211576,59,1
211576,86,1
211576,47,1
211577,70,1
211578,56,1
211578,52,1
211578,4,1
211579,49,2
211579,114,1
211579,69,1
211579,31,1
211580,51,2
211580,50,3
211580,59,2
211581,13,4
211581,53,1
211581,14,1
211582,117,1
211582,51,1
211582,29,1
211582,14,1
211583,56,2
211583,46,3
211584,73,1
211584,69,1
211585,57,1
211586,8,2
211586,33,1
211586,4,1
211587,17,4
211588,99,1
211588,47,2
211589,109,5
211590,3,1
211590,14,1
211591,48,3
211591,10,1
211591,34,1
211591,19,1
211592,85,1
211592,5,3
211593,58,3
211593,42,1
211594,89,1
211594,5,1
211595,57,1
211595,44,1
211595,93,2
211595,14,4
211596,68,5
211597,98,2
211597,9,1
211597,113,1
211597,22,2
211597,27,1
211598,23,1
211599,18,5
211600,26,4
211600,50,3
211601,66,3
211601,47,5
211602,18,7
211602,12,1
211603,49,1
211603,35,1
211603,4,2
211604,54,4
211605,18,3
211605,7,1
211606,8,2
211606,112,1
211606,20,1
211607,82,7
211608,50,3
211608,117,1
211609,9,5
211609,10,5
211610,32,2
211610,55,1
211611,14,6
211611,47,1
211612,109,1
211612,62,1
211612,79,1
211613,40,1
211613,3,3
211613,60,2
211613,14,1
211614,31,1
211615,8,5
211615,68,2
211615,86,1
211616,56,1
211616,66,5
211617,117,1
211617,6,1
211617,15,1
211618,72,1
211618,4,1
211619,17,2
211619,2,1
211619,85,1
211620,26,6
211620,74,2
211621,10,1
211621,35,1
211621,58,1
211622,106,5
211622,69,1
211622,118,2
211623,1,2
211623,26,2
211623,19,2
211623,45,1
211624,50,2
211624,78,1
211624,103,1
211625,40,4
211626,98,1
211626,15,1
211626,92,1
211626,111,1
211627,76,1
211628,4,1
211629,26,8
211630,56,1
211631,1,1
211631,98,3
211631,45,1
211631,54,2
211632,53,2
211633,102,1
211633,55,1
211634,41,4
211634,35,1
211634,60,1
211634,33,1
211635,47,5
211636,24,2
211636,1,4
211636,3,1
211636,117,1
211637,32,2
211637,58,1
211637,70,1
211638,50,2
211638,11,9
211639,53,10
211640,8,2
211640,51,3
211640,67,1
211640,68,3
211641,59,1
211642,17,2
211642,74,2
211642,52,1
211642,63,2
211643,59,9
211644,56,4
211644,12,1
211645,70,3
211645,71,2
211645,45,1
211645,52,1
211645,118,1
211646,45,1
211647,4,1
211647,9,1
211647,46,1
211647,15,1
211647,57,1
211648,68,2
211648,41,1
211648,13,1
211648,77,2
211648,14,1
211649,4,5
211650,8,2
211650,77,2
211651,9,7
211651,44,1
211652,120,3
211652,53,1
211652,109,1
211653,16,2
211653,9,1
211653,94,1
211654,63,4
211655,1,1
211655,20,2
211656,66,2
211656,109,1
211657,6,1
211658,31,3
211659,42,3
211659,102,2
211660,45,6
211661,43,4
211661,117,2
211662,35,1
211663,6,1
211664,89,2
211664,99,2
211664,102,2
211665,64,4
211665,43,6
211666,41,3
211666,55,2
211667,1,4
211667,12,3
211668,46,7
211669,48,4
211669,109,2
211669,37,1
211670,17,1
211670,2,1
211671,88,1
211671,101,1
211672,90,6
211672,116,2
211673,10,5
211673,27,1
211673,12,2
211674,112,3
211674,100,1
211675,41,5
211675,47,3
211676,21,1
211676,44,1
211676,37,1
211676,94,1
211677,11,5
211678,2,3
211678,13,3
211678,38,2
211679,51,7
211680,1,4
211681,18,2
211681,107,4
211681,55,1
211682,72,1
211682,64,3
211682,52,7
211683,19,2
211683,38,2
211683,47,4
211684,40,2
211684,10,1
211685,112,1
211685,93,2
211685,47,2
211686,49,6
211686,43,1
211687,32,5
211687,42,1
211687,30,2
211688,34,1
211688,60,4
211689,67,5
211689,108,2
211689,101,1
211690,83,1
211690,117,1
211691,32,1
211692,56,5
211692,39,3
211693,20,7
211693,53,1
211693,7,1
211694,114,1
211694,84,2
211694,47,4
211695,96,2
211695,107,2
211695,94,1
211696,2,3
211696,18,2
211696,58,2
211697,112,1
211697,3,1
211697,14,2
211698,9,8
211699,74,1
211699,10,2
211699,63,1
211700,17,1
211700,50,1
211701,56,1
211701,81,1
211701,15,2
211702,80,3
211702,32,1
211702,110,1
211703,24,1
211703,42,1
211703,20,2
211703,47,1
211704,41,4
211705,10,4
211706,16,2
211706,51,1
211706,67,2
211706,57,1
211707,97,2
211707,117,1
211707,13,1
211707,54,3
211708,16,3
211708,1,4
211708,20,1
211708,8,1
211709,50,3
211709,68,6
211710,73,3
211711,1,2
211711,46,4
211711,15,1
211712,10,5
211712,44,1
211712,46,1
211713,20,3
211713,36,2
211713,76,1
211714,64,2
211714,31,2
211715,7,1
211716,58,1
211716,27,1
211716,47,1
211717,94,1
211718,52,6
211718,46,1
211718,15,4
211719,56,1
211719,3,1
211719,14,1
211719,31,1
211720,16,4
211720,49,1
211720,78,2
211721,44,5
211721,94,5
211722,46,1
211722,15,1
211723,50,1
211723,60,1
211723,22,1
211724,83,2
211724,20,1
211725,41,5
211725,51,2
211726,56,1
211726,42,1
211726,104,1
211727,10,5
211728,12,8
211729,44,6
211730,18,1
211730,3,2
211730,12,1
211730,4,1
211731,14,1
211732,41,1
211732,36,1
211733,56,7
211733,29,1
211734,58,3
211734,5,2
211734,46,4
211735,9,1
211735,3,6
211735,44,1
211735,49,1
211736,15,2
211737,57,3
211737,106,3
211737,117,1
211738,108,1
211738,45,1
211738,44,1
211738,47,1
211738,55,1
211739,26,1
211739,35,4
211740,53,3
211740,15,1
211741,50,5
211742,108,2
211742,89,1
211742,20,1
211742,31,1
211743,64,9
211743,4,2
211744,56,2
211744,22,1
211745,112,1
211745,18,4
211745,45,2
211746,73,5
211746,68,2
211746,61,1
211747,91,1
211747,76,1
211747,20,1
211747,47,1
211748,50,1
211749,71,1
211749,74,2
211749,11,1
211749,50,1
211749,27,1
211750,55,1
211751,56,1
211751,45,1
211752,25,1
211752,103,1
211753,89,2
211753,108,6
211754,91,4
211754,77,4
211755,43,1
211755,7,1
211755,5,1
211755,111,1
211756,19,6
211757,20,4
211757,117,1
211758,53,7
211759,53,1
211760,10,3
211760,100,3
211761,76,4
211761,45,3
211762,58,7
211763,53,3
211763,46,3
211764,94,1
211764,43,2
211764,6,4
211765,10,3
211765,27,4
211766,1,2
211766,83,1
211766,44,1
211766,25,1
211767,17,2
211767,10,2
211767,21,4
211768,97,1
211768,78,1
211768,47,1
211769,113,1
211769,37,1
211769,87,1
211770,120,1
211770,97,1
211770,9,1
211771,43,1
211771,92,1
211771,5,5
211772,8,2
211772,17,3
211772,10,1
211772,11,1
211773,92,1
211774,76,4
211774,45,1
211775,88,2
211775,52,1
211775,118,1
211775,111,1
211776,16,2
211776,1,3
211776,32,1
211776,100,1
211777,64,1
211777,50,1
211777,52,1
211778,113,1
211778,5,3
211779,11,5
211780,48,1
211780,54,1
211780,111,2
211781,70,8
211782,82,4
211782,10,3
211783,48,10
211784,92,6
211784,86,2
211784,44,1
211785,22,3
211785,15,1
211786,98,2
211786,101,1
211787,3,4
211787,87,3
211788,75,2
211788,52,4
211789,40,3
211789,42,1
211789,10,1
211789,53,2
211789,57,1
211790,81,4
211790,59,2
211790,20,2
211791,73,3
211791,33,1
211791,1,1
211792,16,2
211792,53,3
211793,98,5
211793,22,1
211793,39,1
211794,17,1
211794,21,3
211795,41,6
211795,84,1
211795,68,1
211796,107,5
211796,31,6
211797,80,4
211797,63,1
211798,40,7
211798,81,2
211798,14,1
211799,99,6
211800,19,2
211801,96,4
211801,53,3
211802,97,3
211802,38,3
211803,35,1
211803,87,1
211804,82,9
211805,56,6
211805,63,4
211806,24,1
211807,113,3
211807,100,1
211807,109,1
211808,20,6
211809,51,1
211809,109,1
211809,30,1
211809,6,1
211810,96,5
211810,27,2
211810,13,1
211811,93,3
211811,119,1
211812,80,3
211812,105,1
211813,81,2
211813,18,1
211813,119,1
211814,51,1
211814,52,4
211815,16,1
211815,98,1
211816,35,1
211816,95,1
211817,24,1
211817,44,1
211818,50,3
211818,4,2
211818,22,4
211819,1,3
211819,71,1
211820,39,11
211821,41,1
211821,4,1
211821,54,1
211822,64,1
211822,50,4
211823,27,7
211823,68,1
211824,40,5
211825,10,4
211825,99,4
211826,10,6
211826,21,1
211826,118,2
211827,104,3
211827,10,1
211827,51,1
211828,91,8
211828,92,2
211829,4,1
211829,70,1
211830,41,4
211830,50,1
211830,3,1
211831,32,6
211832,65,3
211832,10,1
211832,47,1
211832,81,1
211832,50,3
211833,72,3
211833,13,3
211834,16,5
211834,62,3
211834,118,1
211834,46,1
211835,48,1
211835,64,1
211835,92,1
211835,104,1
211836,21,7
211837,60,8
211837,94,4
211838,85,4
211839,57,5
211840,54,1
211840,49,2
211840,94,3
211841,34,2
211841,68,2
211841,86,1
211841,6,1
211842,6,3
211843,66,3
211843,51,1
211843,100,1
211844,5,1
211844,47,1
211845,34,3
211845,102,1
211845,10,1
211845,106,1
211845,118,1
211846,11,1
211846,94,1
211846,71,1
211847,52,6
211847,53,2
211848,120,1
211848,14,1
211848,47,2
211849,2,1
211849,90,1
211849,51,3
211849,22,1
211850,12,1
211850,77,1
211851,51,3
211851,92,2
211851,118,2
211852,65,2
211852,60,2
211853,51,6
211853,4,2
211853,61,1
211854,1,2
211854,4,3
211855,57,5
211855,50,2
211855,60,1
211855,71,1
211856,17,1
211856,53,1
211857,74,5
211857,14,1
211858,56,1
211858,41,1
211858,103,1
211859,48,3
211859,115,3
211859,55,2
211860,50,1
211860,20,6
211861,9,2
211861,3,4
211862,32,1
211862,113,1
211862,51,1
211862,57,1
211863,72,1
211863,50,1
211863,59,1
211863,36,1
211864,48,1
211865,56,1
211865,38,1
211866,45,1
211867,120,2
211867,9,1
211867,21,1
211867,31,1
211868,105,1
211868,36,2
211869,113,1
211869,21,1
211870,25,7
211870,28,1
211870,14,1
211871,68,6
211871,23,2
211872,35,3
211872,17,1
211872,49,1
211872,86,1
211872,26,1
211873,56,1
211873,78,2
211873,23,4
211874,32,1
211874,41,1
211874,11,1
211874,16,1
211874,59,1
211875,88,1
211875,48,1
211876,40,4
211876,43,1
211876,52,3
211876,14,1
211877,40,2
211877,1,1
211877,5,1
211878,24,1
211878,72,1
211878,37,1
211878,103,1
211879,74,1
211879,43,1
211880,33,1
211880,87,4
211881,50,1
211881,12,1
211882,92,1
211883,64,5
211883,44,3
211883,47,1
211884,9,4
211884,41,1
211884,62,2
211884,47,2
211885,73,2
211885,29,1
211885,20,1
211885,13,3
211886,96,5
211887,73,6
211887,51,2
211887,4,2
211887,110,1
211888,36,5
211889,57,3
211889,11,1
211889,102,1
211889,87,1
211890,31,6
211891,49,2
211892,38,3
211892,11,1
211892,43,1
211892,116,1
211892,58,2
211893,99,1
211893,5,1
211894,66,5
211895,8,1
211895,26,4
211895,52,1
211896,55,1
211897,32,5
211898,38,1
211898,44,3
211898,53,1
211898,102,1
211899,57,5
211899,111,1
211900,53,6
211901,104,4
211901,57,2
211901,66,2
211901,90,1
211902,57,1
211902,11,1
211902,52,1
211902,5,1
211903,24,1
211903,1,3
211903,45,3
211904,24,7
211904,44,3
211905,48,1
211905,9,5
211906,18,9
211907,106,4
211907,107,1
211907,13,1
211907,38,1
211908,69,2
211908,39,1
211908,12,1
211908,20,1
211908,92,1
211909,6,2
211909,73,2
211909,9,1
211909,46,1
211909,85,1
211910,71,3
211910,16,1
211910,49,1
211910,89,1
211910,59,1
211911,51,3
211911,116,1
211911,30,2
211911,87,1
211912,49,1
211912,109,5
211912,5,3
211913,48,1
211913,114,2
211913,117,2
211914,42,5
211914,75,1
211914,111,2
211915,24,2
211915,2,4
211915,15,2
211916,16,1
211916,25,1
211916,78,1
211917,16,3
211917,114,1
211917,83,2
211917,110,2
211918,41,7
211918,83,1
211918,76,1
211918,30,1
211919,86,1
211920,40,5
211920,19,1
211920,11,1
211920,61,1
211921,67,5
211921,101,3
211922,1,3
211922,85,1
211922,38,1
211923,9,1
211923,1,1
211923,31,3
211924,12,2
211924,60,2
211924,63,3
211925,43,3
211925,36,1
211925,6,1
211926,50,7
211927,35,1
211927,93,1
211928,8,1
211928,50,3
211929,12,7
211929,53,1
211929,55,1
211930,43,2
211930,21,4
211931,57,1
211931,3,1
211931,79,1
211932,24,2
211932,1,1
211932,35,1
211932,89,2
211933,14,1
211934,68,1
211935,17,3
211935,99,2
211935,119,1
211936,53,2
211936,69,1
211936,13,1
211936,78,3
211937,34,2
211937,14,4
211938,82,1
211938,51,7
211939,120,3
211939,38,4
211939,63,1
211940,57,2
211940,34,1
211940,115,1
211940,52,1
211941,26,4
211941,11,1
211941,5,2
211942,73,1
211942,42,4
211942,51,3
211943,25,1
211943,14,1
211944,25,1
211944,74,2
211944,42,2
211944,118,3
211945,9,1
211945,37,1
211945,47,1
211946,98,1
211947,2,8
211948,57,1
211948,27,2
211948,49,1
211949,43,1
211949,111,1
211949,39,1
211950,120,3
211950,6,2
211950,47,2
211951,114,5
211951,55,3
211952,51,1
211952,69,1
211953,96,1
211953,58,2
211953,51,1
211954,32,3
211954,16,3
211955,112,3
211956,58,1
211957,11,8
211958,43,1
211959,9,1
211959,27,2
211959,117,1
211960,105,1
211961,8,1
211962,41,9
211963,99,4
211963,29,1
211964,3,2
211964,75,3
211965,10,1
211966,60,1
211967,69,10
211968,16,1
211969,105,2
211969,11,3
211970,55,3
211971,96,1
211971,11,1
211971,44,1
211972,116,1
211972,54,3
211973,14,7
211974,8,4
211975,25,5
211975,119,1
211976,73,1
211976,35,1
211976,100,1
211976,28,1
211977,39,3
211978,51,7
211978,30,1
211979,54,1
211980,56,4
211980,45,2
211981,43,1
211982,76,3
211983,80,6
211983,43,3
211983,93,1
211984,66,3
211984,13,2
211985,18,1
211985,12,3
211985,13,1
211985,76,1
211986,112,2
211986,16,5
211986,43,1
211986,100,2
211987,9,1
211987,82,1
211987,35,1
211987,17,1
211988,12,1
211988,37,1
211989,68,4
211990,80,3
211990,54,1
211990,39,1
211991,34,5
211991,83,1
211992,51,1
211993,27,4
211993,13,1
211993,119,1
211994,26,1
211994,67,1
211995,1,1
211995,37,1
211996,11,3
211996,59,2
211997,59,1
211997,7,4
211998,29,1
211998,6,3
211999,34,1
211999,7,2
211999,41,1
211999,87,1
211999,26,1
212000,68,1
212001,62,2
212001,10,5
212001,6,1
212002,16,2
212002,27,1
212002,116,2
212002,12,2
212003,32,1
212004,78,1
212004,30,9
212005,43,2
212005,51,2
212006,45,2
212006,119,1
212006,89,2
212006,60,1
212006,62,2
212007,90,3
212007,3,1
212007,38,2
212008,48,1
212008,86,3
212009,41,6
212010,11,6
212011,13,3
212012,56,2
212012,20,1
212012,4,1
212012,46,2
212013,64,6
212014,51,1
212014,38,1
212014,79,1
212015,96,6
212015,90,1
212015,36,1
212015,4,1
212016,46,5
212017,2,1
212017,12,1
212017,49,1
212017,82,1
212017,93,1
212018,19,1
212018,91,1
212018,20,1
212019,8,2
212019,51,4
212019,84,2
212019,13,1
212020,20,1
212020,45,3
212020,78,2
212020,39,2
212021,42,6
212021,11,1
212021,111,4
212022,94,7
212023,102,2
212024,2,5
212024,115,1
212024,53,1
212024,102,1
212025,5,4
212025,30,1
212025,55,1
212026,2,1
212026,38,1
212026,10,1
212026,15,1
212026,87,1
212027,95,4
212028,26,4
212028,2,3
212029,6,4
212030,32,3
212030,97,3
212030,23,2
212031,90,8
212032,115,6
212032,20,2
212032,6,1
212033,80,1
212033,74,1
212033,52,1
212033,15,1
212034,40,6
212034,98,1
212034,51,1
212034,20,1
212035,21,5
212035,45,3
212036,9,4
212036,76,1
212037,12,2
212037,6,4
212038,1,4
212039,4,2
212039,86,6
212040,17,2
212040,35,3
212040,53,3
212041,8,3
212042,51,3
212043,99,1
212043,31,1
212044,53,1
212044,62,1
212045,24,4
212045,25,2
212045,19,2
212046,58,2
212046,18,1
212046,44,1
212047,72,4
212047,42,1
212047,94,1
212048,120,3
212048,110,2
212048,63,1
212049,56,2
212049,42,1
212049,77,1
212049,14,1
212050,5,3
212050,45,1
212050,54,2
212051,42,2
212051,44,1
212052,10,1
212052,59,3
212053,27,1
212053,43,2
212053,59,1
212054,73,5
212054,30,1
212055,36,2
212055,42,2
212055,17,1
212055,49,1
212055,85,1
212056,96,1
212056,18,1
212057,33,3
212057,90,1
212057,38,1
212057,6,1
212058,76,2
212058,70,1
212059,1,3
212059,11,2
212059,45,1
212059,119,2
212060,22,6
212060,6,2
212061,4,2
212061,13,1
212062,22,1
212063,107,1
212063,12,2
212063,80,1
212063,83,1
212063,59,1
212064,112,3
212064,2,1
212064,12,1
212065,59,4
212065,11,2
212065,77,2
212066,56,4
212066,4,1
212066,77,2
212067,89,2
212067,38,1
212067,119,5
212068,16,1
212068,57,1
212068,74,1
212068,21,1
212069,8,1
212069,43,3
212069,3,3
212070,1,1
212071,35,1
212071,8,1
212071,23,4
212071,59,1
212071,61,1
212072,28,2
212072,39,2
212073,12,9
212074,18,1
212074,55,8
212075,97,1
212076,93,1
212076,15,1
212077,100,1
212077,53,1
212078,18,1
212078,5,6
212079,111,8
212080,12,2
212080,45,1
212080,49,1
212080,21,1
212080,53,1
212081,90,6
212081,35,1
212081,13,1
212082,50,1
212082,43,1
212082,87,1
212082,55,1
212083,59,3
212083,15,2
212084,59,2
212084,108,1
212084,30,1
212085,108,1
212086,21,8
212086,55,3
212087,13,3
212087,22,1
212087,6,3
212088,20,1
212088,54,1
212089,10,4
212090,99,5
212090,83,1
212090,7,1
212091,9,2
212091,10,1
212091,74,1
212091,1,1
212092,9,5
212093,17,11
212094,6,1
212094,95,1
212095,44,5
212096,11,1
212096,86,1
212097,43,5
212097,52,5
212098,41,1
212098,76,2
212098,14,3
212099,2,3
212099,68,3
212099,55,2
212100,113,2
212100,75,2
212100,7,1
212101,50,3
212101,59,1
212101,5,1
212101,94,1
212102,8,1
212102,47,2
212103,112,4
212103,57,2
212103,44,2
212104,24,1
212104,79,1
212105,18,3
212105,107,1
212105,77,1
212106,40,7
212106,114,1
212106,5,1
212106,55,2
212107,43,1
212107,58,3
212107,59,1
212108,46,1
212108,44,1
212108,6,1
212109,41,1
212109,17,1
212110,56,3
212110,26,5
212111,51,1
212111,60,1
212112,66,1
212112,93,1
212112,14,1
212112,15,1
212113,65,6
212113,10,2
212113,14,3
212114,24,1
212114,31,6
212115,50,1
212115,53,2
212116,35,2
212116,70,1
212117,27,3
212117,7,2
212117,39,2
212117,87,1
212118,48,2
212118,37,5
212119,60,8
212120,8,1
212120,99,1
212121,23,2
212121,4,3
212121,60,1
212121,15,2
212122,24,1
212122,9,1
212122,51,1
212122,16,1
212123,120,1
212123,9,1
212123,107,1
212123,4,1
212124,28,5
212124,14,2
212124,47,1
212125,34,4
212125,35,1
212125,95,1
212126,57,4
212126,12,1
212126,15,1
212127,56,2
212127,59,6
212128,17,8
212128,45,1
212128,22,1
212129,64,2
212129,71,1
212130,33,2
212130,11,1
212131,56,1
212131,25,4
212131,21,1
212132,16,5
212132,51,1
212132,109,1
212133,15,5
212134,20,2
212135,106,1
212135,14,1
212135,95,2
212136,57,2
212136,42,1
212137,18,2
212137,59,1
212137,55,3
212138,93,3
212138,110,1
212139,20,2
212139,47,5
212140,16,1
212140,65,1
212140,43,1
212141,114,1
212142,56,2
212142,58,1
212142,91,3
212142,45,1
212143,97,5
212143,61,1
212143,87,1
212144,19,1
212145,82,5
212145,59,1
212145,92,1
212145,7,1
212146,57,1
212146,35,2
212146,108,1
212146,85,1
212147,75,2
212147,21,1
212148,104,6
212149,32,1
212149,54,1
212149,71,1
212150,18,1
212150,3,6
212151,16,1
212151,71,1
212152,104,2
212152,48,1
212152,85,2
212153,112,2
212153,69,1
212153,13,1
212153,54,1
212154,59,6
212155,34,1
212155,36,1
212155,9,1
212155,11,1
212155,50,1
212156,27,1
212156,45,1
212157,19,2
212157,92,1
212157,44,1
212157,119,1
212158,104,5
212158,67,3
212159,43,1
212160,32,6
212161,50,3
212161,46,4
212162,104,5
212162,18,2
212162,52,1
212162,57,1
212162,91,1
212163,45,2
212163,13,1
212163,30,1
212164,48,4
212164,83,1
212164,19,1
212164,4,1
212165,9,1
212165,13,1
212166,3,1
212166,57,1
212166,67,1
212167,96,5
212167,51,1
212168,4,3
212168,13,3
212169,35,3
212169,102,1
212170,35,1
212170,9,1
212170,11,1
212170,12,1
212170,30,1
212171,11,1
212172,11,1
212172,27,1
212172,77,1
212172,30,1
212173,3,1
212173,37,1
212173,22,1
212174,45,4
212174,6,2
212174,47,1
212175,35,8
212176,120,2
212176,93,2
212177,9,3
212177,99,1
212177,93,1
212177,101,1
212178,8,1
212178,5,1
212178,67,1
212178,45,1
212179,88,1
212179,52,6
212180,45,1
212180,29,1
212180,22,1
212181,108,1
212181,46,1
212182,26,3
212182,100,3
212183,16,1
212184,44,1
212185,75,1
212185,61,1
212186,78,1
212187,1,3
212187,28,3
212187,68,1
212188,56,6
212189,9,2
212189,46,6
212190,21,2
212190,37,1
212190,31,1
212191,33,1
212191,52,1
212191,38,1
212192,43,1
212193,65,6
212193,50,1
212193,93,2
212194,66,4
212194,43,3
212195,65,3
212195,114,3
212196,57,1
212196,45,3
212196,70,1
212196,47,1
212197,83,4
212198,1,4
212198,5,1
212198,31,3
212199,80,4
212199,41,1
212199,19,1
212200,9,2
212200,26,1
212200,69,1
212200,111,1
212201,96,1
212202,10,3
212203,75,2
212203,52,1
212203,31,3
212204,50,1
212204,31,4
212205,74,1
212205,11,1
212205,47,1
212206,97,5
212206,7,1
212207,85,5
212208,39,1
212208,11,2
212208,19,1
212208,52,1
212208,30,1
212209,16,1
212209,119,1
212210,57,1
212210,43,3
212210,55,1
212211,72,1
212211,87,1
212212,28,1
212212,20,2
212212,15,1
212213,50,2
212214,113,3
212214,42,3
212214,19,3
212215,41,5
212215,10,1
212215,76,1
212215,37,1
212216,107,1
212217,9,1
212217,42,1
212217,62,3
212218,19,1
212218,60,5
212219,54,1
212219,6,1
212220,18,3
212220,58,1
212221,48,5
212221,25,1
212221,14,2
212222,82,3
212222,5,3
212222,14,1
212223,66,2
212223,102,4
212223,71,3
212224,18,2
212225,91,5
212226,19,4
212226,69,2
212227,16,1
212227,25,1
212227,56,1
212227,90,1
212228,43,4
212228,20,1
212229,48,3
212229,14,3
212229,55,1
212230,49,2
212230,87,2
212231,82,1
212231,109,3
212232,11,1
212232,52,1
212233,14,9
212234,66,1
212234,3,1
212234,46,1
212235,104,1
212235,113,4
212235,20,2
212235,77,1
212236,80,8
212237,48,2
212237,57,1
212237,69,1
212238,71,3
212238,9,1
212238,12,1
212238,82,1
212238,20,1
212239,82,3
212240,57,1
212241,20,1
212242,33,1
212242,71,3
212243,9,1
212243,26,1
212244,46,1
212244,53,3
212244,109,2
212244,70,1
212245,40,1
212245,57,3
212245,29,1
212245,118,1
212246,116,5
212246,44,3
212247,35,3
212247,26,1
212247,11,1
212248,59,1
212248,36,1
212248,7,3
212249,13,4
212250,56,1
212251,65,1
212251,35,1
212251,108,5
212252,28,2
212252,22,2
212253,56,1
212253,57,1
212253,12,1
212254,42,1
212254,26,1
212255,27,4
212255,60,3
212256,23,1
212256,14,1
212256,55,1
212257,18,7
212258,60,1
212258,31,6
212259,8,1
212259,35,1
212259,28,1
212259,15,1
212260,8,5
212260,17,1
212260,13,2
212260,81,3
212261,4,5
212261,92,4
212262,116,1
212263,8,4
212263,59,1
212263,23,1
212264,47,1
212265,64,1
212265,118,1
212266,46,5
212267,107,1
212268,80,1
212268,44,1
212268,94,1
212269,99,1
212269,68,3
212269,13,1
212269,119,2
212270,50,1
212270,6,1
212270,39,1
212271,17,5
212272,89,2
212272,110,4
212272,68,1
212272,52,1
212273,108,1
212273,32,3
212273,60,1
212274,81,4
212274,39,1
212274,30,2
212274,55,1
212275,60,2
212275,6,1
212276,116,1
212276,7,3
212276,95,1
212277,8,3
212277,48,4
212278,113,9
212279,10,2
212279,60,1
212279,118,1
212280,82,2
212280,44,7
212281,11,1
212281,60,1
212282,60,7
212283,5,2
212283,22,1
212283,23,1
212284,104,2
212284,49,1
212284,44,1
212285,58,2
212285,43,1
212285,20,2
212286,19,3
212286,77,1
212286,53,3
212287,16,3
212287,114,1
212287,11,3
212288,9,6
212289,33,5
212289,53,1
212289,45,1
212289,7,1
212290,105,1
212290,92,1
212290,22,1
212291,72,3
212291,4,1
212291,15,3
212292,115,3
212292,58,3
212292,99,1
212293,44,2
212293,110,3
212294,32,1
212294,97,2
212294,2,2
212294,12,2
212295,49,6
212295,86,1
212296,8,1
212296,64,2
212296,63,2
212297,77,1
212297,86,1
212298,14,1
212299,4,1
212299,85,5
212299,63,2
212300,66,2
212300,101,1
212300,18,1
212300,115,1
212300,55,3
212301,88,3
212301,67,3
212301,47,2
212302,48,1
212302,97,6
212302,64,2
212303,51,2
212303,5,2
212304,88,2
212304,35,1
212304,44,1
212305,34,2
212305,21,4
212306,8,1
212307,12,3
212307,53,1
212307,79,3
212308,16,2
212308,112,1
212308,4,3
212308,53,2
212309,44,1
212309,5,3
212310,73,7
212311,2,2
212311,41,1
212311,44,1
212311,117,1
212311,59,1
212312,41,3
212313,42,6
212314,24,5
212315,69,1
212315,41,2
212315,75,1
212315,92,1
212315,60,1
212316,48,2
212316,3,1
212316,55,5
212317,54,9
212318,23,7
212319,4,3
212319,85,2
212319,15,1
212320,107,1
212320,4,1
212320,69,3
212320,119,1
212321,20,1
212322,8,5
212322,11,1
212322,103,2
212323,64,1
212324,58,7
212324,93,2
212325,30,7
212326,74,1
212326,100,2
212326,13,1
212327,59,6
212327,119,1
212328,55,2
212329,34,4
212330,27,1
212330,85,2
212330,102,1
212331,58,1
212331,26,3
212332,17,2
212332,58,1
212332,26,1
212333,49,1
212333,3,1
212334,16,1
212335,105,1
212335,15,1
212336,8,3
212336,49,1
212336,44,2
212336,53,1
212337,14,6
212337,63,2
212338,26,5
212339,4,6
212339,38,1
212340,48,2
212340,21,3
212340,93,1
212340,13,2
212341,114,3
212341,83,1
212341,22,1
212342,44,3
212343,75,2
212343,28,1
212343,53,1
212343,118,2
212344,73,1
212344,108,1
212345,89,8
212345,20,2
212346,57,3
212346,21,2
212346,86,1
212347,25,1
212347,50,1
212348,9,2
212348,60,3
212348,55,3
212349,7,8
212350,56,4
212350,42,1
212350,18,1
212350,52,1
212351,73,1
212351,90,2
212351,13,1
212352,26,1
212352,14,1
212353,1,1
212353,52,2
212353,15,2
212354,51,1
212354,83,1
212355,81,1
212355,71,1
212355,31,1
212356,72,2
212356,108,2
212356,20,1
212356,15,1
212357,36,6
212358,1,6
212358,6,1
212359,81,1
212359,52,1
212360,91,1
212360,93,1
212360,15,1
212361,24,2
212361,1,1
212361,58,1
212361,14,1
212362,72,1
212362,43,2
212362,48,2
212362,86,1
212362,91,2
212363,88,5
212364,112,1
212364,27,1
212364,6,1
212365,24,3
212365,41,3
212365,2,1
212366,19,1
212366,20,1
212366,38,1
212366,31,1
212367,2,1
212368,41,3
212368,5,1
212368,14,1
212369,18,2
212369,19,2
212370,25,3
212370,51,4
212371,57,3
212371,14,1
212371,97,1
212372,26,1
212373,3,3
212373,45,3
212373,22,1
212373,95,1
212374,48,1
212374,54,1
212375,8,3
212375,54,1
212375,39,5
212376,100,4
212377,96,2
212377,48,2
212378,43,7
212379,49,1
212379,26,1
212379,35,1
212379,69,1
212380,28,1
212380,5,1
212381,23,7
212382,52,1
212382,38,3
212383,58,1
212383,14,1
212383,87,5
212384,66,1
212384,71,4
212385,46,1
212385,44,2
212385,94,1
212386,31,1
212387,100,8
212388,85,2
212388,55,1
212389,7,4
212390,35,1
212390,79,3
212391,114,1
212391,101,1
212391,69,1
212391,79,1
212392,53,1
212392,45,4
212392,71,1
212393,47,2
212393,87,6
212394,16,1
212394,9,1
212394,19,1
212394,78,1
212395,52,2
212395,68,5
212396,52,1
212397,45,1
212397,13,7
212398,40,1
212398,79,2
212399,69,1
212399,53,1
212399,85,1
212399,56,1
212399,59,1
212400,41,1
212400,50,3
212400,42,1
212401,16,4
212401,70,3
212402,46,5
212403,51,1
212403,7,1
212404,100,3
212404,71,5
212405,56,2
212405,57,1
212405,11,3
212406,12,1
212406,53,1
212407,51,3
212407,111,5
212408,104,1
212408,57,3
212409,56,1
212409,59,1
212410,83,2
212410,22,5
212411,49,2
212412,8,1
212412,35,1
212412,7,3
212413,56,1
212413,19,1
212413,84,4
212414,48,1
212414,21,1
212415,8,1
212415,66,5
212415,53,1
212415,78,3
212416,45,2
212416,22,1
212417,44,3
212417,14,2
212417,119,1
212417,89,1
212417,28,1
212418,27,6
212419,47,6
212419,19,1
212419,26,1
212419,95,1
212419,31,1
212420,8,4
212420,67,3
212420,86,1
212421,107,8
212422,41,1
212422,13,1
212423,10,1
212423,110,1
212424,8,1
212424,44,4
212424,30,3
212425,61,5
212425,13,5
212425,38,1
212426,15,2
212426,31,5
212427,67,3
212427,70,2
212427,41,1
212427,19,2
212427,57,2
212428,82,3
212428,85,5
212429,17,4
212429,19,1
212429,13,1
212429,47,1
212430,64,4
212430,33,1
212430,5,2
212431,75,6
212431,119,1
212432,32,3
212432,58,2
212432,26,5
212433,25,1
212433,26,1
212433,3,1
212433,13,1
212434,99,1
212435,89,11
212436,27,2
212437,77,2
212437,18,2
212437,53,2
212437,89,1
212437,31,1
212438,64,4
212438,83,2
212439,10,1
212439,13,1
212440,104,1
212440,45,1
212441,58,1
212441,67,2
212441,94,1
212442,65,2
212442,99,1
212442,74,1
212442,116,1
212442,54,1
212443,73,2
212443,42,2
212443,54,1
212443,103,1
212444,18,2
212444,15,1
212445,1,2
212445,86,4
212445,78,4
212446,64,8
212446,83,2
212447,44,2
212448,4,2
212449,54,1
212449,74,1
212449,20,1
212449,46,1
212450,112,1
212450,35,1
212451,41,1
212451,47,1
212452,47,5
212452,21,1
212452,79,1
212453,117,9
212453,30,1
212454,35,1
212454,95,1
212454,111,1
212455,98,5
212455,3,1
212455,6,2
212456,105,2
212456,83,1
212457,119,1
212458,33,1
212459,108,1
212459,47,1
212460,49,2
212460,5,2
212460,101,1
212460,1,2
212461,68,3
212461,102,1
212462,67,3
212462,103,1
212462,39,1
212462,105,1
212462,76,1
212463,28,2
212463,84,1
212463,90,1
212463,60,1
212463,62,2
212464,16,2
212464,100,2
212464,4,1
212465,56,1
212465,46,1
212466,96,1
212467,5,1
212468,24,1
212468,60,1
212469,56,5
212470,9,2
212470,76,3
212470,117,2
212471,93,8
212472,40,3
212472,18,1
212472,28,2
212472,90,2
212473,42,3
212473,94,2
212474,61,1
212474,15,1
212475,5,4
212475,38,2
212475,42,1
212475,45,1
212475,58,1
212476,75,1
212476,45,1
212477,55,7
212478,4,1
212478,45,1
212478,51,1
212478,24,1
212478,31,1
212479,89,1
212479,45,1
212480,56,1
212480,47,5
212481,45,4
212481,43,1
212481,53,1
212482,104,1
212482,55,1
212483,49,8
212484,33,4
212484,42,1
212484,7,1
212485,59,4
212485,101,1
212486,3,1
212486,44,5
212486,20,1
212486,14,1
212487,42,5
212487,55,3
212488,113,2
212488,47,4
212489,10,1
212489,68,1
212489,58,1
212489,79,1
212490,29,2
212490,62,2
212491,58,1
212491,11,2
212491,15,4
212491,31,1
212492,4,8
212493,53,4
212493,6,3
212493,47,1
212494,52,4
212494,70,2
212495,91,1
212495,22,2
212495,15,1
212496,10,2
212496,19,5
212497,62,9
212498,96,2
212498,43,1
212498,12,3
212499,38,2
212499,106,2
212499,44,1
212499,110,2
212500,70,2
212500,40,2
212500,14,1
212500,116,2
212500,52,2
212501,42,6
212501,12,2
212502,97,4
212502,12,1
212502,30,1
212502,9,1
212503,68,1
212503,29,2
212504,89,1
212504,51,2
212505,72,3
212505,84,1
212506,2,1
212506,31,1
212507,56,1
212507,2,1
212507,12,1
212508,16,1
212508,58,2
212508,79,1
212509,11,3
212509,46,1
212509,48,2
212509,113,1
212509,59,1
212510,56,4
212510,54,5
212511,32,1
212511,8,1
212511,76,1
212511,15,1
212511,85,1
212512,112,2
212512,35,1
212512,30,1
212513,42,8
212513,36,1
212513,21,1
212514,3,4
212514,66,1
212514,11,1
212515,94,1
212516,17,1
212517,57,3
212517,46,5
212518,15,1
212519,51,3
212519,85,1
212519,94,1
212520,16,7
212520,42,3
212521,10,2
212521,102,1
212521,20,1
212521,46,1
212522,114,7
212523,72,4
212523,2,1
212523,36,2
212523,111,1
212524,29,1
212525,8,1
212525,56,3
212525,99,1
212526,98,5
212526,107,1
212526,7,2
212527,69,3
212527,62,1
212528,49,1
212528,11,1
212528,85,1
212528,53,1
212529,43,2
212530,66,4
212530,47,2
212531,48,1
212532,35,4
212532,72,2
212532,42,1
212532,16,1
212532,57,1
212533,55,3
212534,91,2
212534,62,9
212535,64,1
212535,28,4
212536,60,6
212537,9,3
212537,99,4
212537,47,2
212538,35,1
212538,70,3
212539,52,4
212540,13,1
212541,1,3
212541,58,2
212541,55,1
212542,99,2
212542,52,2
212542,117,1
212542,21,1
212542,56,1
212543,120,3
212543,73,1
212543,118,1
212544,93,9
212545,24,3
212545,9,6
212545,23,1
212546,16,1
212546,21,1
212546,7,1
212547,20,2
212547,93,1
212548,32,2
212549,50,2
212549,22,1
212550,13,3
212551,78,1
212551,54,1
212551,47,1
212552,18,8
212553,50,1
212554,15,4
212555,31,1
212556,27,3
212556,45,1
212556,46,1
212557,51,1
212557,50,1
212557,59,1
212557,46,2
212558,57,2
212558,44,4
212559,50,2
212559,10,3
212559,7,2
212559,87,1
212560,37,1
212561,48,2
212561,107,1
212562,48,1
212562,27,1
212562,7,1
212563,117,7
212564,56,4
212564,105,2
212565,99,2
212565,9,2
212565,91,1
212565,4,6
212566,51,5
212567,1,1
212567,2,1
212568,116,1
212568,12,1
212569,112,1
212569,114,1
212569,35,1
212570,60,2
212571,17,3
212571,106,1
212571,29,1
212572,8,1
212572,78,1
212572,39,2
212573,25,6
212574,57,4
212574,2,1
212574,116,2
212575,2,6
212576,43,7
212576,84,2
212576,77,2
212577,41,3
212578,81,7
212578,62,1
212579,12,1
212580,9,1
212581,16,4
212581,108,3
212582,68,1
212582,118,1
212583,8,6
212584,12,2
212585,47,1
212585,82,1
212585,52,2
212585,55,1
212585,23,2
212586,99,3
212586,12,1
212586,78,1
212586,47,1
212587,109,11
212588,3,2
212588,30,5
212589,60,6
212589,30,2
212589,55,1
212590,113,7
212591,16,2
212591,59,5
212592,82,1
212592,51,1
212593,4,9
212594,56,1
212594,113,1
212594,27,1
212595,109,2
212595,108,1
212595,12,1
212596,79,4
212597,16,3
212597,59,1
212597,52,1
212597,61,1
212598,80,1
212598,77,1
212598,45,1
212598,78,1
212599,58,1
212599,23,1
212600,10,1
212600,46,1
212601,115,5
212601,101,4
212602,13,2
212602,110,1
212603,116,3
212604,30,7
212605,51,2
212605,28,1
212605,15,1
212606,8,3
212606,19,5
212607,41,1
212607,44,5
212607,46,3
212608,9,1
212608,7,3
212609,43,1
212610,50,2
212610,99,3
212611,32,1
212611,73,1
212611,26,1
212611,45,1
212612,8,1
212612,91,1
212612,53,1
212613,27,3
212613,60,1
212613,94,2
212614,11,1
212614,12,1
212615,49,2
212615,69,4
212616,96,5
212616,18,2
212616,3,4
212617,32,1
212618,95,8
212619,85,1
212619,93,3
212620,44,3
212620,21,1
212621,56,1
212621,82,4
212621,12,1
212621,21,1
212622,56,4
212622,51,1
212622,54,5
212623,9,2
212623,85,1
212624,16,2
212624,50,2
212625,88,5
212625,108,1
212625,23,2
212626,57,1
212626,14,1
212627,78,4
212628,11,7
212628,60,2
212628,46,2
212629,99,5
212629,108,1
212629,13,1
212629,111,1
212630,34,1
212630,20,2
212631,49,2
212631,45,1
212632,13,3
212632,46,1
212633,24,1
212634,112,1
212634,1,1
212634,42,1
212635,112,1
212635,85,6
212636,4,1
212637,94,1
212637,47,1
212638,11,1
212638,12,1
212638,45,2
212638,15,1
212638,19,1
212639,11,1
212640,50,1
212640,20,1
212640,30,2
212641,11,7
212641,4,1
212642,64,2
212642,43,1
212642,44,1
212643,13,1
212643,54,3
212644,73,6
212644,75,1
212644,12,1
212644,58,1
212644,93,1
212645,37,6
212646,24,2
212647,42,1
212647,83,1
212647,77,2
212647,62,1
212648,8,2
212648,68,1
212648,37,1
212648,119,2
212649,27,4
212649,6,4
212650,13,4
212651,66,2
212651,83,1
212652,40,3
212653,53,3
212653,93,3
212654,1,3
212654,3,1
212654,52,3
212655,64,3
212655,53,1
212655,95,1
212656,49,1
212656,52,1
212656,76,3
212657,51,7
212657,20,3
212658,36,1
212658,12,1
212659,65,1
212659,5,1
212659,14,1
212659,48,1
212659,30,1
212660,42,6
212660,10,1
212660,58,1
212661,100,5
212661,13,1
212661,54,1
212662,80,6
212662,31,2
212663,8,1
212663,9,2
212663,120,4
212664,30,1
212665,112,1
212665,44,2
212666,56,1
212666,33,2
212666,15,1
212667,45,4
212668,41,1
212668,42,1
212668,5,3
212669,5,1
212670,50,4
212670,79,3
212671,2,2
212671,36,1
212671,8,1
212671,50,1
212671,59,3
212672,60,4
212672,79,2
212672,15,1
212673,30,4
212674,42,6
212674,91,1
212674,34,1
212675,33,4
212675,2,1
212675,39,1
212676,113,3
212676,42,1
212676,26,1
212676,108,1
212677,83,6
212677,45,1
212677,38,1
212678,81,7
212678,118,1
212679,104,2
212679,10,2
212679,11,1
212679,14,1
212680,115,5
212680,28,1
212680,6,3
212681,9,4
212681,58,1
212681,3,1
212681,22,1
212682,48,1
212682,109,1
212683,30,2
212683,119,1
212684,24,7
212684,4,1
212684,53,2
212685,74,3
212685,4,5
212686,3,2
212686,24,1
212686,35,1
212687,26,1
212687,46,1
212688,56,2
212688,30,2
212689,49,1
212689,2,1
212690,2,11
212691,16,3
212691,57,1
212691,20,1
212691,89,2
212692,8,1
212692,50,2
212692,14,2
212693,16,2
212693,51,1
212693,28,1
212693,46,1
212694,34,1
212694,98,1
212695,120,1
212695,11,1
212695,39,1
212696,92,2
212696,101,1
212697,1,6
212697,100,5
212698,83,3
212698,101,1
212699,41,1
212699,2,1
212699,47,2
212700,112,1
212701,41,1
212701,55,7
212702,75,3
212702,108,5
212703,75,3
212703,119,3
212704,8,3
212704,11,4
212704,52,1
212705,51,4
212705,52,2
212706,9,4
212706,116,3
212706,12,2
212707,7,2
212707,22,1
212707,47,1
212708,97,1
212708,34,1
212708,67,1
212708,54,1
212708,86,1
212709,79,3
212709,53,1
212709,57,1
212709,59,1
212709,93,1
212710,11,2
212710,6,2
212711,48,1
212711,37,3
212711,6,5
212712,35,1
212712,3,1
212712,84,1
212712,88,1
212712,30,1
212713,60,1
212713,102,3
212713,95,3
212714,17,1
212714,26,1
212714,94,2
212715,106,10
212716,16,3
212716,91,1
212716,20,1
212717,65,2
212717,18,1
212717,84,1
212717,101,2
212718,56,6
212718,7,1
212719,105,3
212719,100,1
212719,4,1
212719,14,1
212720,8,1
212720,99,1
212721,13,3
212721,23,1
212722,43,1
212722,37,3
212723,52,2
212723,53,6
212724,56,1
212724,10,1
212725,17,10
212726,16,1
212726,73,1
212726,75,1
212727,52,11
212728,19,1
212729,67,1
212729,30,1
212730,73,1
212730,39,3
212731,47,4
212732,116,1
212732,47,6
212733,51,1
212733,101,1
212734,2,3
212734,92,2
212734,62,1
212735,48,2
212735,21,1
212735,103,1
212736,73,1
212736,18,1
212736,22,1
212736,57,1
212737,69,1
212738,9,1
212738,19,1
212738,109,1
212738,14,1
212739,73,1
212739,37,1
212740,58,1
212740,11,1
212740,4,1
212740,110,1
212741,64,2
212741,40,3
212741,68,1
212741,37,1
212742,53,8
212743,2,1
212743,6,1
212744,34,5
212744,51,1
212744,103,2
212745,13,2
212745,55,1
212746,36,5
212746,46,5
212747,87,4
212748,48,1
212748,60,3
212748,39,2
212749,65,3
212749,18,1
212749,9,1
212749,6,1
212750,11,2
212750,14,1
212750,47,3
212750,59,1
212750,61,1
212751,53,3
212751,61,2
212751,47,1
212752,32,4
212752,41,2
212752,37,2
212753,42,6
212753,19,3
212754,42,3
212754,2,3
212755,106,2
212755,30,3
212756,1,2
212756,7,2
212756,103,3
212757,16,1
212757,57,1
212757,10,1
212757,52,1
212758,11,4
212758,55,1
212758,15,4
212759,2,1
212759,70,1
212759,107,1
212759,51,2
212759,115,1
212760,36,1
212760,9,1
212760,77,1
212760,54,1
212760,55,1
212761,79,1
212762,9,1
212762,18,1
212763,9,1
212763,107,4
212763,21,1
212763,120,1
212763,93,1
212764,89,2
212764,55,1
212765,59,1
212765,11,1
212766,56,1
212766,4,1
212767,13,3
212767,85,1
212767,22,4
212768,3,1
212768,102,1
212768,106,2
212768,20,1
212768,60,3
212769,50,7
212770,8,4
212770,33,3
212770,20,1
212771,8,2
212771,52,4
212771,47,3
212772,101,1
212772,14,1
212773,17,1
212773,11,1
212773,14,1
212773,47,1
212774,32,1
212774,105,2
212775,6,3
212775,30,3
212776,55,4
212777,69,2
212778,50,1
212778,12,1
212779,61,2
212779,116,1
212779,37,3
212780,4,1
212780,110,1
212780,7,1
212781,58,2
212781,35,1
212781,30,1
212782,42,6
212783,27,6
212784,28,3
212784,45,3
212784,119,2
212785,64,1
212785,91,1
212785,60,3
212786,21,1
212787,18,6
212787,107,1
212787,22,1
212788,102,1
212788,87,2
212789,112,1
212789,43,1
212789,30,1
212790,1,1
212790,2,1
212790,44,1
212791,2,6
212791,99,2
212791,47,2
212792,9,6
212793,59,4
212793,95,4
212794,15,4
212795,35,1
212795,86,8
212796,57,1
212796,42,1
212796,68,1
212797,96,8
212798,37,6
212798,46,1
212798,47,1
212798,28,1
212798,30,1
212799,45,1
212799,61,2
212800,113,1
212800,42,1
212800,27,1
212800,14,1
212801,46,4
212801,14,1
212802,27,4
212802,23,2
212803,104,6
212803,30,1
212804,1,2
212804,21,1
212804,46,2
212804,49,1
212805,69,1
212806,43,7
212807,17,4
212807,68,1
212808,22,2
212809,72,2
212809,82,3
212810,115,1
212810,47,1
212811,56,4
212811,19,1
212811,62,2
212811,47,1
212812,21,7
212813,16,6
212814,80,5
212814,12,2
212814,102,1
212815,22,1
212815,23,1
212816,75,1
212816,94,1
212816,119,1
212817,58,4
212817,4,4
212818,57,1
212818,52,5
212818,113,2
212819,29,4
212820,42,2
212820,22,6
212821,86,2
212821,43,1
212821,108,3
212821,94,1
212822,52,5
212822,31,1
212822,14,1
212822,119,1
212823,33,5
212823,2,2
212824,11,2
212824,75,1
212824,43,7
212825,102,6
212826,54,1
212826,102,1
212826,6,1
212827,2,1
212827,103,6
212828,40,3
212828,50,2
212828,75,1
212828,95,1
212829,81,1
212829,107,2
212829,103,1
212829,49,1
212830,24,2
212830,46,2
212831,42,6
212831,12,2
212832,100,7
212833,33,4
212833,69,4
212834,57,4
212834,10,1
212834,31,1
212835,8,3
212835,54,4
212836,62,1
212836,14,1
212837,67,4
212837,29,5
212838,106,2
212838,4,1
212839,48,2
212839,41,5
212840,42,1
212840,51,1
212840,110,1
212841,62,4
212841,52,1
212841,22,1
212841,55,1
212842,19,7
212843,48,2
212843,17,4
212843,59,1
212843,55,1
212844,70,5
212845,40,1
212845,19,1
212845,13,6
212846,41,3
212846,75,1
212846,60,1
212847,21,7
212848,75,5
212848,30,1
212848,6,1
212849,80,3
212849,58,1
212849,10,2
212850,10,1
212850,5,1
212850,47,1
212851,5,2
212851,11,1
212851,112,1
212851,16,1
212851,19,1
212852,58,1
212852,60,1
212852,117,3
212853,115,4
212853,101,1
212853,39,5
212854,27,5
212855,49,2
212855,2,1
212855,52,1
212855,15,1
212856,64,3
212856,43,2
212856,12,1
212856,62,2
212857,35,6
212857,12,3
212858,64,1
212858,8,5
212858,62,1
212858,46,2
212859,11,1
212859,44,1
212859,47,1
212859,48,1
212859,59,1
212860,66,2
212860,11,2
212860,28,1
212860,37,1
212861,54,5
212861,111,1
212862,56,1
212862,10,1
212862,29,1
212863,6,3
212864,2,1
212864,108,1
212864,87,1
212865,1,1
212865,3,2
212866,64,1
212866,26,1
212866,59,3
212866,52,1
212867,8,3
212868,54,5
212869,26,1
212869,115,2
212870,57,2
212870,53,2
212870,54,1
212870,86,5
212871,89,1
212871,43,7
212872,83,1
212872,109,1
212873,49,3
212874,70,9
212875,18,1
212876,4,4
212876,11,1
212876,115,1
212876,86,1
212876,30,1
212877,113,1
212877,86,1
212878,98,4
212878,10,1
212878,28,1
212879,113,6
212879,18,1
212880,56,1
212881,51,3
212881,19,3
212881,7,3
212882,114,1
212882,47,1
212883,42,1
212883,44,1
212883,50,1
212884,100,3
212884,4,1
212884,15,1
212885,86,2
212886,9,2
212886,26,1
212886,59,1
212887,66,1
212887,5,7
212887,46,1
212887,14,1
212887,93,1
212888,14,1
212888,46,2
212888,87,3
212889,57,1
212890,67,1
212890,52,1
212890,29,2
212891,18,3
212891,2,1
212892,16,1
212892,87,7
212893,81,1
212893,47,5
212893,33,2
212894,116,8
212895,70,9
212896,37,1
212896,71,1
212896,103,1
212897,16,4
212897,18,1
212897,37,1
212897,5,1
212898,19,1
212899,4,1
212900,40,1
212900,41,4
212900,48,1
212900,6,1
212901,10,1
212901,31,2
212902,2,2
212902,42,2
212902,85,1
212903,1,1
212903,37,2
212903,79,6
212904,15,1
212905,11,8
212906,19,6
212907,57,1
212907,44,4
212907,38,1
212907,52,1
212908,20,8
212909,9,1
212909,42,1
212909,57,1
212910,45,7
212911,41,1
212911,119,1
212912,40,3
212912,50,4
212912,13,1
212913,8,1
212913,47,2
212914,11,6
212914,70,1
212915,100,2
212915,53,1
212915,118,1
212916,56,3
212917,81,1
212917,97,3
212918,24,1
212918,63,1
212919,73,1
212919,83,1
212919,7,1
212920,95,3
212921,33,2
212921,50,2
212922,3,4
212922,99,1
212922,6,1
212922,13,1
212922,16,1
212923,12,4
212923,53,5
212924,34,5
212924,15,1
212924,46,1
212924,71,1
212925,41,3
212926,111,3
212927,57,5
212927,116,2
212927,46,3
212928,68,1
212928,118,5
212929,14,9
212930,18,2
212930,19,1
212930,117,1
212930,55,1
212930,58,1
212931,32,2
212931,101,1
212931,77,2
212931,6,1
212932,72,1
212932,35,1
212933,67,3
212934,24,1
212934,50,4
212934,91,2
212935,57,6
212935,66,1
212936,19,9
212936,54,1
212937,50,5
212937,7,3
212938,105,1
212938,114,1
212938,20,1
212939,9,1
212939,55,3
212940,98,1
212940,10,1
212940,14,1
212940,22,2
212940,29,1
212941,17,1
212941,47,5
212942,49,2
212942,20,3
212943,24,7
212943,53,1
212944,97,5
212944,54,2
212945,41,1
212945,37,1
212946,17,1
212946,11,4
212947,16,1
212947,59,1
212947,6,2
212947,79,1
212948,17,1
212948,86,1
212949,17,5
212950,24,1
212950,93,1
212950,110,1
212951,17,3
212951,27,1
212951,45,3
212951,55,1
212952,26,8
212952,67,1
212952,55,1
212953,110,1
212953,28,1
212953,78,1
212954,43,7
212955,49,1
212955,45,2
212956,40,3
212956,19,1
212956,15,1
212957,42,1
212957,70,1
212958,118,9
212959,42,7
212959,76,1
212960,8,2
212961,64,1
212961,3,1
212962,26,3
212962,11,5
212963,64,3
212963,79,3
212964,9,2
212964,54,1
212965,2,1
212965,5,4
212966,49,3
212966,42,1
212966,117,1
212967,98,6
212967,106,1
212967,95,1
212968,57,1
212968,27,3
212968,94,1
212968,22,1
212969,65,2
212969,61,6
212970,58,1
212970,19,1
212971,93,2
212971,101,2
212972,10,3
212972,108,2
212972,53,1
212972,28,2
212972,62,1
212973,2,2
212973,99,3
212973,22,6
212974,39,1
212974,9,2
212974,74,1
212974,46,2
212974,21,2
212975,56,1
212975,45,5
212975,46,1
212975,39,3
212976,44,8
212977,106,7
212978,32,2
212978,57,6
212979,2,1
212979,3,1
212979,42,1
212979,23,1
212979,95,1
212980,19,8
212981,12,9
212982,13,1
212982,54,1
212982,31,2
212983,50,4
212983,20,2
212983,36,2
212984,34,1
212984,60,4
212984,45,1
212985,98,1
212986,44,4
212986,7,2
212987,10,5
212987,60,1
212987,69,1
212988,51,8
212989,9,1
212989,92,1
212989,13,1
212989,39,2
212990,5,2
212990,62,1
212991,3,1
212991,91,1
212991,117,1
212992,11,3
212993,14,3
212994,41,4
212994,53,6
212995,73,2
212995,35,2
212996,83,8
212997,16,8
212997,17,2
212998,1,1
212998,90,3
212998,25,1
212999,5,2
212999,26,1
212999,29,1
213000,15,1
213000,47,1
213000,78,1
213000,39,2
213001,56,1
213002,16,2
213002,54,1
213003,88,6
213003,51,1
213003,103,1
213004,41,1
213004,57,2
213005,24,1
213005,101,7
213006,91,6
213007,34,2
213007,52,1
213008,28,1
213008,14,1
213008,111,1
213009,44,5
213009,38,3
213010,1,7
213010,43,1
213011,49,2
213011,5,1
213012,35,4
213012,31,2
213013,106,5
213014,93,2
213015,85,1
213015,110,1
213015,39,1
213016,83,3
213016,4,5
213017,18,1
213017,44,1
213018,21,4
213019,80,4
213019,8,1
213019,100,3
213020,11,1
213021,48,5
213021,9,1
213021,120,3
213022,83,4
213022,63,2
213022,55,2
213023,54,4
213024,82,4
213025,56,2
213025,97,1
213025,39,1
213025,7,1
213026,37,2
213027,21,9
213028,42,1
213028,51,1
213028,93,7
213028,114,2
213029,46,1
213029,62,2
213029,31,2
213030,1,2
213030,95,2
213031,91,3
213031,13,2
213032,10,6
213032,44,1
213033,90,3
213034,12,3
213034,53,1
213034,68,4
213035,69,7
213035,45,1
213036,97,2
213036,2,5
213037,51,1
213037,11,3
213038,56,1
213039,25,4
213040,5,2
213040,19,1
213040,37,3
213041,59,1
213041,6,6
213042,34,3
213042,38,1
213042,81,2
213042,51,1
213042,24,1
213043,35,1
213043,102,1
213043,8,1
213043,78,1
213043,88,1
213044,12,1
213044,85,2
213044,111,1
213045,49,2
213046,16,2
213047,102,1
213048,56,1
213048,10,2
213048,67,2
213048,30,1
213049,4,2
213049,13,5
213050,41,3
213050,61,2
213051,120,1
213051,106,3
213051,46,1
213052,48,1
213052,44,3
213053,120,1
213053,27,1
213054,99,1
213054,21,1
213055,3,1
213055,85,3
213055,45,2
213056,102,9
213056,55,4
213057,91,6
213058,47,4
213059,11,1
213060,106,1
213061,48,1
213061,59,1
213061,77,2
213061,15,1
213062,90,3
213062,3,1
213063,96,4
213063,81,2
213063,36,2
213063,69,3
213064,17,8
213064,50,2
213064,92,1
213065,45,8
213066,2,1
213066,27,2
213066,53,1
213067,45,5
213068,70,3
213068,12,2
213068,61,1
213068,94,2
213069,112,1
213069,41,2
213070,105,3
213070,74,1
213070,14,2
213070,79,1
213071,59,3
213071,119,1
213071,118,1
213071,95,1
213072,61,1
213073,99,4
213073,59,1
213073,53,2
213074,44,7
213075,43,2
213076,26,4
213076,11,1
213077,49,1
213077,44,2
213077,70,1
213077,94,1
213078,56,2
213078,97,1
213078,50,1
213079,48,4
213080,57,7
213081,56,6
213081,113,1
213081,75,1
213081,11,1
213082,40,2
213082,2,1
213082,96,1
213082,103,3
213083,59,5
213084,8,5
213085,102,11
213086,41,5
213086,35,2
213086,49,1
213087,71,2
213087,14,1
213087,15,1
213087,79,1
213087,82,1
213088,111,5
213089,59,9
213090,9,4
213090,52,3
213091,51,2
213091,4,2
213091,117,2
213092,16,6
213093,64,1
213093,40,4
213094,105,1
213095,18,5
213096,106,2
213096,13,2
213097,17,7
213098,40,6
213098,12,2
213098,111,2
213099,66,1
213100,57,1
213100,50,1
213100,17,1
213101,97,2
213101,100,4
213101,21,1
213102,89,6
213102,18,2
213102,118,2
213103,53,1
213103,46,2
213104,48,4
213105,72,2
213105,90,1
213105,43,2
213106,32,9
213107,105,2
213107,52,1
213107,5,1
213108,86,1
213108,3,1
213108,12,3
213108,54,1
213109,13,8
213110,97,5
213111,100,4
213111,58,2
213111,28,1
213111,14,1
213112,1,4
213112,23,3
213112,111,1
213113,41,6
213113,52,1
213113,119,1
213114,35,1
213114,58,2
213114,19,5
213115,31,7
213116,106,1
213116,77,1
213117,62,4
213118,105,4
213118,76,2
213118,46,1
213118,23,1
213119,65,4
213119,100,1
213120,108,2
213120,4,5
213121,57,1
213122,100,5
213122,5,4
213123,35,1
213123,14,1
213124,27,1
213124,45,1
213124,118,1
213124,39,4
213125,8,4
213125,22,2
213126,97,2
213126,10,1
213126,4,3
213127,105,1
213127,83,1
213128,34,1
213128,39,5
213129,70,8
213130,1,1
213130,6,2
213131,9,1
213132,22,1
213133,10,1
213133,43,2
213133,118,1
213134,80,2
213134,7,7
213135,72,1
213135,83,1
213135,5,3
213136,33,5
213137,19,1
213137,20,1
213137,94,5
213138,118,3
213138,47,3
213139,1,3
213139,4,2
213139,13,2
213139,39,1
213140,58,6
213141,8,1
213141,5,2
213141,75,2
213141,85,3
213142,9,5
213143,32,1
213144,26,5
213144,100,2
213144,77,1
213145,48,6
213145,11,1
213145,45,2
213146,104,1
213146,56,1
213146,43,1
213147,83,3
213147,94,1
213147,7,1
213148,40,2
213148,89,1
213148,21,2
213149,65,6
213149,68,1
213150,53,1
213150,54,1
213151,112,1
213151,51,5
213151,36,1
213152,16,4
213152,58,1
213152,11,1
213152,15,1
213153,60,2
213153,62,5
213154,100,2
213154,71,1
213154,8,1
213154,107,1
213154,26,1
213155,15,7
213156,14,1
213156,17,1
213156,19,1
213156,57,1
213156,28,1
213157,59,1
213158,79,1
213159,1,3
213160,49,4
213160,53,3
213160,5,1
213161,41,7
213161,19,1
213162,50,2
213162,99,1
213162,31,1
213163,106,3
213163,12,2
213163,85,4
213164,32,3
213164,20,1
213164,61,1
213165,77,6
213166,10,4
213166,44,3
213166,36,1
213167,106,2
213167,53,2
213167,62,2
213167,7,2
213168,1,2
213168,26,1
213168,9,2
213168,49,2
213169,24,3
213169,12,2
213170,27,1
213170,14,1
213171,112,2
213171,59,1
213171,51,2
213172,18,1
213173,3,3
213173,114,1
213173,18,1
213173,100,1
213174,37,1
213174,7,6
213175,34,1
213175,7,1
213175,12,2
213175,47,1
213175,54,1
213176,98,1
213176,67,1
213176,58,2
213177,5,1
213177,55,1
213178,113,1
213178,12,1
213179,46,1
213180,68,1
213180,5,1
213180,14,1
213181,72,2
213181,22,1
213182,90,1
213182,4,2
213182,13,1
213182,54,1
213183,26,5
213183,60,1
213184,34,1
213184,77,2
213185,90,2
213185,58,2
213185,109,1
213186,68,1
213186,20,1
213186,46,1
213186,7,1
213187,11,8
213188,9,1
213188,79,2
213189,80,5
213190,56,3
213190,73,5
213191,28,1
213191,109,1
213192,18,3
213192,19,1
213192,47,1
213193,56,3
213193,58,5
213194,8,2
213194,114,4
213194,4,1
213194,29,1
213195,96,1
213195,8,1
213195,21,1
213196,94,1
213196,19,1
213196,14,1
213197,89,1
213197,25,1
213197,2,1
213198,72,1
213198,10,4
213198,3,2
213198,101,1
213199,13,1
213199,87,5
213200,80,1
213200,11,1
213201,16,6
213202,11,1
213202,28,1
213202,13,1
213203,13,3
213203,62,8
213204,25,2
213204,61,2
213204,14,3
213205,88,1
213205,25,1
213205,117,2
213205,38,1
213206,8,1
213207,20,1
213208,5,3
213208,70,1
213208,7,1
213209,83,1
213209,101,1
213210,31,2
213211,27,1
213211,38,1
213211,55,1
213212,1,4
213212,66,1
213212,4,1
213212,119,1
213213,33,6
213214,40,2
213214,101,3
213214,46,2
213215,76,4
213215,45,2
213216,62,3
213216,118,1
213217,80,4
213217,57,2
213218,32,1
213218,45,1
213218,47,1
213219,41,8
213220,30,6
213221,40,1
213221,66,4
213222,33,1
213222,1,2
213222,99,2
213222,91,1
213222,94,2
213223,16,1
213223,81,1
213223,43,1
213223,111,1
213224,82,5
213224,27,1
213224,29,2
213225,116,4
213225,92,5
213226,96,3
213226,44,1
213226,63,1
213227,53,1
213228,97,1
213228,57,1
213228,31,1
213229,114,2
213229,92,1
213230,112,2
213230,35,3
213231,86,4
213232,41,2
213232,10,1
213232,6,1
213233,1,3
213233,106,1
213233,48,1
213233,120,1
213233,31,1
213234,120,5
213235,49,3
213236,64,1
213236,3,2
213237,48,1
213237,36,1
213237,30,5
213238,51,1
213239,104,1
213239,72,2
213239,21,2
213240,9,1
213240,19,3
213240,44,1
213241,98,2
213241,36,1
213241,119,1
213242,43,3
213242,119,1
213243,17,2
213243,19,1
213243,52,1
213244,13,1
213244,14,1
213245,40,8
213246,1,4
213246,42,2
213246,101,1
213246,6,2
213247,40,1
213247,43,8
213247,19,1
213248,37,1
213249,70,1
213249,18,1
213249,6,1
213250,58,1
213250,37,1
213250,31,1
213251,32,6
213251,6,1
213252,102,2
213252,55,1
213253,16,1
213254,25,6
213254,107,1
213254,119,1
213254,55,3
213255,27,1
213256,8,1
213256,17,3
213256,120,1
213256,41,1
213257,66,6
213257,42,3
213257,62,1
213258,10,2
213258,78,1
213258,47,4
213259,12,1
213259,54,1
213260,107,1
213260,75,1
213261,15,2
213262,59,4
213263,10,2
213263,52,1
213263,98,1
213264,9,2
213264,63,1
213264,21,1
213264,119,1
213265,90,1
213265,52,1
213266,16,1
213267,104,1
213268,24,7
213268,103,1
213269,1,2
213269,2,1
213269,33,1
213269,16,1
213269,17,1
213270,51,1
213271,52,1
213271,6,4
213272,105,2
213272,10,1
213273,43,4
213273,85,2
213273,70,1
213273,47,1
213274,41,1
213274,54,7
213275,65,1
213275,116,1
213276,26,1
213276,59,6
213277,78,1
213278,11,4
213279,26,1
213279,114,1
213279,19,2
213280,115,2
213280,19,1
213280,12,1
213281,96,2
213281,14,2
213282,3,5
213282,85,2
213283,102,4
213284,96,5
213284,91,1
213284,62,2
213284,47,1
213285,48,1
213285,59,3
213285,19,1
213285,63,3
213286,56,1
213286,41,1
213286,50,1
213286,86,1
213287,17,1
213287,113,1
213287,15,2
213288,72,3
213288,91,3
213288,78,1
213289,14,6
213290,8,6
213290,65,1
213290,11,1
213290,38,2
213291,97,1
213291,91,3
213291,63,2
213292,21,4
213292,87,1
213293,40,1
213293,41,2
213293,51,1
213293,54,1
213294,25,3
213294,53,3
213294,103,1
213295,24,3
213295,97,2
213296,114,5
213297,25,1
213297,51,1
213297,101,1
213297,54,1
213298,42,1
213298,100,1
213298,6,1
213299,78,5
213299,6,2
213299,15,1
213300,18,4
213301,45,1
213301,99,1
213301,85,1
213301,79,1
213302,5,1
213302,6,4
213303,38,1
213303,87,1
213304,9,3
213304,44,5
213305,40,2
213305,6,5
213306,90,5
213306,54,4
213307,52,4
213308,33,2
213308,85,1
213308,61,1
213309,32,9
213310,28,1
213311,2,2
213311,46,7
213312,54,3
213313,3,1
213313,91,1
213313,92,3
213313,47,1
213314,106,1
213314,13,1
213315,94,1
213315,71,1
213316,56,1
213317,15,1
213317,20,1
213317,13,1
213317,92,2
213318,1,4
213319,113,1
213319,77,1
213319,30,1
213319,79,1
213320,112,1
213320,105,1
213320,85,1
213321,5,1
213322,11,1
213322,37,3
213322,55,2
213323,37,11
213324,75,2
213324,84,3
213324,7,5
213325,18,1
213325,13,1
213325,87,1
213326,79,3
213326,39,4
213327,69,7
213328,101,1
213329,18,1
213329,52,3
213329,60,1
213329,87,1
213330,67,2
213330,47,6
213330,51,1
213330,26,1
213330,30,1
213331,56,4
213331,10,2
213331,60,1
213332,51,8
213333,112,2
213333,9,1
213333,67,4
213333,69,1
213334,113,1
213334,82,1
213334,99,2
213334,22,2
213335,91,8
213336,16,2
213336,105,1
213336,114,1
213336,11,1
213337,56,1
213337,57,2
213337,20,1
213337,47,1
213338,19,2
213338,42,2
213338,11,1
213339,67,1
213339,104,1
213339,41,1
213339,18,1
213339,54,2
213340,5,3
213340,100,3
213340,12,1
213340,95,1
213341,116,3
213342,24,11
213343,73,6
213343,6,1
213344,56,1
213344,17,1
213344,64,1
213344,113,1
213345,27,7
213345,116,2
213345,29,1
213346,59,5
213346,53,1
213346,38,1
213347,104,2
213347,19,6
213348,18,1
213348,110,1
213349,66,3
213349,30,2
213350,97,1
213350,4,1
213350,54,3
213350,24,1
213350,26,1
213351,10,3
213351,111,3
213352,3,1
213352,59,1
213352,69,1
213352,54,4
213353,103,4
213353,48,1
213353,19,1
213353,20,1
213353,57,1
213354,35,2
213354,71,1
213354,47,2
213354,50,1
213354,19,1
213355,108,1
213356,83,8
213357,106,2
213357,59,6
213358,9,1
213358,14,1
213358,78,1
213358,39,1
213359,29,6
213360,12,2
213361,1,1
213361,34,2
213362,50,1
213363,49,5
213364,32,3
213364,18,1
213364,69,1
213365,2,5
213365,47,1
213366,80,2
213366,25,3
213366,14,1
213367,7,2
213368,16,2
213368,89,2
213368,44,1
213368,39,3
213369,33,1
213369,83,4
213369,23,4
213370,6,1
213370,103,3
213371,104,6
213372,8,2
213372,105,1
213372,78,1
213372,86,1
213372,57,1
213373,32,8
213374,43,7
213374,47,1
213375,34,1
213375,94,2
213376,11,2
213376,35,1
213376,119,1
213377,11,1
213378,27,3
213378,70,1
213378,87,1
213379,16,1
213379,33,1
213379,47,4
213380,32,7
213380,118,2
213381,3,8
213382,52,1
213383,58,1
213383,52,1
213383,69,1
213383,111,1
213384,41,1
213384,30,8
213385,42,1
213385,90,1
213385,45,1
213385,14,1
213386,107,1
213386,23,5
213387,26,2
213387,71,2
213388,113,3
213388,20,1
213388,119,3
213389,28,7
213390,51,4
213390,4,3
213390,38,1
213391,87,1
213392,24,7
213393,66,7
213394,43,2
213394,29,9
213395,48,3
213395,56,3
213395,36,1
213395,6,1
213396,81,1
213396,58,1
213396,11,1
213396,47,1
213397,57,1
213397,14,4
213398,64,3
213398,8,2
213398,23,1
213398,119,1
213399,97,5
213400,1,1
213400,84,3
213401,98,1
213401,27,1
213401,118,1
213402,49,7
213403,17,2
213403,11,6
213403,5,1
213403,71,1
213404,27,5
213404,115,4
213404,60,1
213405,81,2
213405,42,3
213406,75,1
213406,30,3
213407,43,4
213407,39,3
213408,48,10
213408,30,1
213409,13,7
213410,26,2
213410,116,6
213411,10,3
213411,5,1
213412,48,1
213412,16,2
213412,54,3
213412,7,2
213413,110,1
213413,15,2
213414,65,2
213414,10,7
213414,91,1
213415,41,6
213416,40,1
213416,58,1
213416,11,1
213416,12,1
213417,16,1
213417,21,2
213417,5,1
213418,41,1
213418,108,1
213419,44,5
213420,25,2
213420,4,1
213420,53,1
213421,101,2
213421,45,1
213421,93,1
213421,55,2
213422,56,1
213422,36,1
213423,43,1
213423,85,1
213423,7,1
213424,38,1
213424,21,1
213424,57,1
213424,60,1
213424,63,1
213425,109,4
213425,17,1
213425,23,1
213425,26,1
213425,93,1
213426,113,1
213426,3,2
213427,2,7
213428,20,1
213429,59,4
213430,5,6
213430,94,2
213431,6,6
213431,23,2
213432,109,9
213433,116,3
213434,34,4
213434,92,1
213435,31,4
213436,16,1
213436,58,1
213436,54,1
213437,11,2
213437,77,4
213438,38,4
213438,119,4
213439,1,1
213439,73,1
213439,110,1
213439,59,1
213439,62,1
213440,5,5
213440,113,1
213440,51,1
213440,58,1
213440,31,1
213441,78,2
213442,98,5
213442,76,1
213442,103,2
213443,112,1
213443,2,1
213443,3,1
213443,31,1
213444,45,1
213444,54,2
213444,22,1
213445,32,4
213446,16,6
213446,42,1
213446,14,1
213447,106,1
213447,47,1
213448,3,4
213449,1,2
213449,2,1
213449,15,1
213450,18,2
213450,87,7
213451,102,2
213451,3,1
213451,6,2
213452,42,5
213452,20,1
213452,70,2
213453,56,1
213453,82,1
213453,58,1
213454,8,1
213454,60,2
213454,6,4
213455,104,1
213455,3,1
213455,92,1
213455,70,1
213456,18,1
213456,39,4
213456,47,1
213457,3,1
213457,8,2
213457,112,1
213457,81,1
213457,28,1
213458,45,2
213458,110,1
213458,57,1
213458,90,1
213458,29,1
213459,6,4
213460,49,3
213460,35,3
213460,108,3
213460,52,1
213461,56,1
213461,1,1
213461,21,1
213462,88,3
213462,8,1
213462,100,1
213462,13,2
213463,57,1
213463,102,1
213463,119,1
213464,89,6
213464,10,1
213465,11,1
213465,47,1
213466,53,1
213466,62,1
213467,102,1
213468,112,1
213468,25,1
213468,48,1
213469,57,1
213469,29,1
213469,110,1
213470,88,5
213470,12,1
213471,56,2
213472,34,5
213472,10,1
213472,55,3
213473,120,1
213473,26,1
213473,52,1
213474,26,1
213474,22,6
213475,8,1
213476,91,2
213476,5,1
213477,69,2
213478,59,1
213478,62,2
213479,21,1
213479,111,1
213480,19,3
213480,7,6
213481,8,6
213481,54,2
213481,61,2
213481,94,1
213482,108,2
213482,118,1
213483,44,1
213484,89,1
213484,116,5
213484,103,1
213484,84,1
213485,68,4
213486,6,2
213486,114,1
213486,20,2
213486,23,1
213486,57,1
213487,44,3
213487,55,2
213488,107,2
213488,43,3
213488,104,1
213488,71,1
213489,107,5
213489,5,1
213490,57,1
213490,11,1
213491,56,6
213492,17,3
213492,54,1
213492,15,1
213493,84,1
213494,19,5
213494,7,4
213495,14,1
213496,120,3
213496,2,2
213496,34,1
213497,16,1
213497,54,1
213497,39,1
213498,18,1
213498,68,2
213498,117,1
213499,83,3
213499,115,3
213500,2,2
213501,6,1
213501,47,1
213502,42,4
213502,2,5
213503,91,1
213503,76,1
213504,33,1
213504,21,1
213505,45,4
213505,85,4
213506,116,2
213506,43,1
213506,60,1
213507,25,1
213507,11,1
213507,93,1
213507,31,1
213508,101,6
213509,42,1
213509,29,2
213509,71,1
213510,108,3
213511,16,1
213511,54,1
213511,78,5
213512,88,1
213512,8,2
213512,42,1
213512,32,1
213513,1,1
213513,86,2
213513,54,1
213513,57,1
213513,60,1
213514,73,3
213514,39,1
213515,18,4
213515,42,2
213516,27,1
213516,51,1
213516,53,1
213516,87,1
213517,28,1
213518,33,2
213518,22,4
213519,17,5
213519,13,1
213519,101,2
213519,71,1
213520,96,1
213521,44,6
213521,103,3
213522,17,6
213522,76,1
213523,16,2
213523,2,1
213524,41,7
213525,92,2
213525,6,2
213526,12,2
213526,54,1
213527,26,7
213528,50,3
213528,31,4
213529,50,5
213529,12,1
213529,4,1
213530,32,2
213530,25,2
213530,18,1
213531,80,1
213531,43,2
213531,59,1
213532,80,2
213532,17,5
213532,6,1
213533,108,2
213533,28,4
213534,39,2
213534,8,3
213534,79,1
213534,111,1
213534,55,1
213535,50,2
213535,38,2
213536,89,5
213536,54,1
213536,71,1
213537,16,5
213537,9,2
213537,51,1
213538,64,2
213538,53,2
213539,82,1
213539,93,3
213540,84,9
213541,97,1
213541,21,1
213541,79,2
213542,61,1
213542,84,5
213542,5,1
213542,46,1
213543,16,1
213543,25,1
213543,9,2
213543,49,1
213544,26,4
213544,82,1
213544,47,1
213545,47,5
213546,45,8
213547,56,10
213548,37,6
213549,20,1
213549,116,1
213549,13,1
213549,86,1
213550,8,2
213550,108,1
213550,39,1
213551,56,6
213552,8,1
213552,105,1
213552,3,1
213552,20,1
213553,59,4
213553,44,1
213553,6,3
213554,32,1
213554,10,1
213554,101,1
213554,66,1
213555,101,5
213555,22,1
213556,97,1
213556,2,1
213556,30,1
213557,48,1
213557,81,2
213557,19,1
213557,109,1
213558,24,1
213558,57,3
213558,13,2
213559,60,8
213559,7,3
213560,1,1
213561,29,4
213562,104,1
213562,9,1
213562,38,1
213563,19,4
213564,18,1
213564,34,1
213564,109,1
213565,41,1
213565,17,2
213565,116,1
213565,117,1
213565,94,1
213566,80,1
213567,56,2
213567,7,1
213568,4,1
213568,60,1
213569,80,1
213569,41,1
213569,33,1
213570,36,8
213571,97,1
213571,36,1
213571,45,1
213572,41,5
213572,4,1
213573,79,10
213574,32,1
213574,33,1
213575,8,1
213575,42,3
213575,45,1
213575,47,2
213576,110,1
213576,47,4
213576,49,1
213576,57,1
213576,91,1
213577,57,1
213577,12,5
213578,84,5
213579,13,1
213580,91,3
213580,19,1
213581,50,1
213582,27,1
213582,53,1
213582,38,1
213583,105,4
213583,42,1
213583,106,2
213584,16,4
213584,98,3
213585,61,6
213585,78,1
213586,89,10
213587,56,5
213587,55,4
213588,56,1
213588,3,4
213588,77,2
213589,25,2
213589,52,3
213589,86,3
213590,48,3
213591,7,4
213592,17,2
213592,27,2
213593,2,3
213593,43,2
213593,84,1
213593,63,1
213594,48,1
213594,65,1
213594,31,5
213595,25,5
213595,34,1
213595,51,1
213596,113,2
213596,44,2
213596,79,3
213597,4,1
213597,77,1
213597,62,1
213598,38,1
213598,39,4
213598,40,1
213598,75,1
213598,21,1
213599,9,7
213599,5,2
213600,59,2
213600,99,1
213600,54,1
213600,22,2
213601,20,1
213602,10,3
213602,20,1
213602,78,1
213602,111,1
213603,42,6
213603,92,2
213603,54,1
213604,17,6
213605,38,10
213605,108,1
213605,94,1
213606,74,4
213606,26,1
213606,106,1
213606,15,2
213607,50,2
213607,3,6
213608,59,4
213608,95,6
213609,120,1
213609,87,1
213610,95,5
213610,7,2
213611,55,9
213612,24,1
213612,1,1
213612,11,1
213613,44,1
213613,30,7
213614,43,1
213614,78,7
213615,106,8
213615,20,1
213616,80,1
213616,19,2
213617,56,2
213617,25,1
213617,3,4
213617,21,1
213618,60,6
213619,11,1
213619,29,1
213620,60,1
213620,13,9
213620,46,1
213621,9,1
213621,58,1
213621,92,2
213622,49,1
213622,82,3
213622,71,3
213623,34,5
213623,87,3
213624,49,1
213625,48,1
213625,46,1
213626,97,3
213626,28,6
213627,32,5
213627,80,2
213627,71,2
213627,79,1
213628,74,1
213629,21,8
213630,89,3
213630,33,1
213630,52,2
213630,13,1
213631,18,3
213631,20,5
213632,54,2
213632,51,1
213632,69,1
213632,46,3
213633,52,3
213634,29,9
213635,43,12
213636,17,1
213636,42,1
213637,12,3
213637,53,1
213637,118,1
213637,95,3
213638,113,1
213638,17,1
213639,42,2
213640,13,1
213641,57,1
213641,35,4
213641,7,1
213641,31,1
213642,16,7
213642,41,3
213643,68,2
213643,45,1
213644,32,1
213644,37,1
213644,10,1
213644,48,1
213644,18,1
213645,18,1
213645,62,3
213646,16,1
213646,58,1
213646,7,1
213647,44,1
213647,79,1
213648,33,2
213648,29,6
213648,38,1
213649,20,1
213649,6,1
213650,57,2
213650,11,1
213650,41,1
213650,49,3
213651,18,4
213651,27,3
213651,36,2
213651,55,1
213652,65,4
213652,21,1
213652,22,1
213652,23,1
213653,97,4
213654,76,5
213655,27,5
213655,59,1
213655,6,2
213656,105,1
213656,108,1
213656,45,1
213657,52,1
213657,6,1
213658,35,1
213658,41,1
213658,13,1
213658,48,1
213658,56,1
213659,40,3
213659,56,2
213659,53,1
213659,22,2
213660,5,1
213661,8,2
213661,45,2
213661,6,2
213662,31,1
213662,84,1
213662,55,1
213663,19,7
213664,27,5
213665,88,1
213665,59,1
213665,15,6
213666,20,1
213667,109,3
213668,32,2
213668,50,5
213668,21,1
213669,88,4
213669,53,4
213670,49,1
213670,6,1
213671,75,1
213672,34,3
213672,47,5
213673,60,2
213674,120,1
213674,107,1
213674,6,1
213675,2,1
213675,76,1
213675,60,1
213676,29,6
213677,57,2
213677,106,1
213677,42,1
213678,44,5
213679,48,4
213679,74,4
213680,3,4
213681,48,2
213681,50,1
213682,20,1
213683,58,2
213683,21,2
213684,8,5
213684,74,1
213685,15,1
213685,5,1
213685,31,4
213686,81,1
213686,57,1
213686,46,1
213686,15,1
213687,11,1
213687,59,1
213687,53,1
213688,1,6
213688,93,1
213689,18,1
213689,50,1
213689,78,1
213689,47,1
213690,90,6
213691,2,1
213691,11,1
213691,84,1
213692,33,2
213692,42,1
213692,85,1
213692,95,1
213693,69,1
213694,16,4
213694,18,1
213695,9,3
213696,100,2
213696,42,2
213696,80,1
213696,18,1
213696,53,1
213697,80,2
213697,2,1
213698,71,7
213699,57,2
213699,106,1
213699,11,1
213700,74,1
213700,36,1
213701,19,1
213701,20,1
213702,53,3
213703,86,2
213704,79,7
213705,16,1
213705,59,3
213706,24,2
213706,42,2
213706,75,2
213707,89,1
213707,27,1
213707,14,1
213707,1,1
213708,23,6
213709,96,1
213709,66,1
213709,13,1
213709,16,1
213709,48,1
213710,29,1
213710,21,1
213710,46,1
213711,60,7
213712,105,4
213712,22,3
213712,39,1
213713,2,1
213713,42,2
213713,106,2
213713,50,1
213713,53,3
213714,81,7
213715,105,2
213715,53,1
213715,33,1
213716,45,1
213716,71,1
213717,33,1
213717,37,2
213718,51,1
213718,85,3
213719,80,8
213720,3,6
213720,60,1
213720,109,2
213721,50,1
213721,7,3
213722,90,1
213722,34,1
213722,55,1
213723,72,1
213724,53,5
213725,20,1
213726,1,1
213726,11,2
213726,17,1
213726,7,1
213727,20,9
213728,41,2
213729,18,1
213729,59,3
213730,21,1
213730,53,1
213731,6,4
213732,3,2
213732,52,1
213733,6,1
213734,3,5
213734,4,2
213734,46,2
213734,6,1
213735,96,1
213735,43,3
213735,38,1
213736,28,4
213737,14,4
213737,95,4
213738,84,5
213738,15,1
213739,43,4
213739,18,1
213739,2,2
213739,52,1
213740,88,1
213740,60,1
213740,55,1
213741,100,2
213741,39,1
213741,9,2
213741,42,1
213741,44,2
213742,45,1
213742,87,1
213743,10,2
213743,60,1
213743,78,1
213744,89,3
213744,43,4
213745,11,2
213745,35,1
213745,50,2
213745,3,1
213746,41,5
213747,40,1
213747,94,1
213748,2,1
213748,68,1
213748,6,1
213749,80,2
213749,62,3
213750,119,1
213750,53,1
213750,38,1
213750,71,2
213751,80,1
213751,14,7
213752,83,3
213752,37,5
213752,46,1
213753,46,1
213753,55,1
213754,58,4
213754,15,2
213755,48,1
213755,58,1
213755,83,1
213756,37,2
213756,11,1
213756,53,1
213756,59,2
213756,92,2
213757,43,5
213757,38,2
213758,106,8
213758,14,1
213759,24,4
213759,50,1
213760,112,1
213760,8,1
213760,45,1
213761,32,3
213761,57,2
213761,70,1
213762,8,2
213762,107,3
213763,43,7
213764,112,1
213765,59,2
213765,12,4
213766,40,6
213766,1,1
213766,46,1
213767,17,6
213768,91,2
213768,100,3
213768,45,1
213769,53,2
213769,71,4
213769,47,2
213770,16,4
213770,47,3
213771,50,9
213771,5,2
213771,68,1
213771,109,1
213772,26,1
213773,96,1
213773,44,1
213773,70,2
213774,12,8
213775,39,1
213776,26,3
213776,67,3
213777,30,1
213777,55,1
213778,19,1
213779,89,4
213779,67,1
213779,111,2
213780,88,2
213780,2,1
213781,25,1
213781,83,3
213781,27,2
213782,9,1
213782,21,1
213783,48,1
213783,77,1
213783,5,1
213783,23,1
213784,48,1
213784,49,1
213784,12,3
213785,8,1
213785,45,4
213786,40,3
213786,8,2
213786,44,1
213786,18,1
213786,84,1
213787,107,5
213787,118,3
213788,32,2
213788,68,1
213788,87,1
213789,48,1
213789,17,2
213789,84,1
213789,7,1
213790,57,1
213790,90,1
213790,3,1
213791,51,2
213791,87,2
213792,35,2
213792,69,1
213792,49,1
213792,82,1
213792,57,1
213793,90,4
213793,118,2
213793,45,1
213793,46,1
213794,1,5
213794,47,3
213795,107,3
213795,2,1
213795,26,1
213795,55,1
213796,9,2
213796,7,4
213797,119,7
213798,88,2
213798,18,1
213798,60,4
213798,31,1
213799,8,2
213799,41,2
213799,106,2
213799,74,1
213800,82,2
213800,44,1
213800,110,1
213801,48,2
213801,1,1
213801,120,2
213802,2,4
213802,13,2
213803,42,1
213803,10,2
213804,78,11
213805,3,1
213805,19,1
213805,15,1
213805,103,1
213806,35,1
213806,36,1
213806,44,1
213806,45,1
213806,30,2
213807,97,2
213807,52,1
213807,5,1
213807,22,1
213808,11,2
213808,99,1
213808,118,7
213809,56,1
213809,81,1
213809,60,1
213809,22,1
213810,15,2
213810,37,1
213810,14,4
213810,55,1
213811,92,5
213812,43,4
213812,44,1
213812,76,1
213812,16,1
213812,21,2
213813,11,1
213813,119,7
213814,48,3
213814,17,1
213814,28,1
213814,38,1
213815,102,3
213815,38,3
213816,117,7
213817,30,5
213817,87,1
213818,39,1
213818,109,3
213818,46,2
213818,87,1
213819,41,1
213819,11,1
213819,45,1
213820,81,1
213820,59,1
213821,5,1
213821,68,1
213821,45,1
213821,7,1
213822,113,3
213823,98,1
213823,100,1
213824,48,1
213824,66,1
213824,117,1
213824,47,1
213825,42,1
213825,36,1
213826,39,1
213826,115,1
213826,83,1
213826,51,1
213826,20,1
213827,104,2
213827,11,2
213827,78,3
213828,15,3
213829,28,7
213829,4,1
213829,45,2
213830,17,2
213831,113,4
213832,65,1
213833,36,1
213833,39,5
213833,108,1
213833,110,1
213833,53,2
213834,104,1
213834,68,2
213835,54,7
213836,64,6
213836,88,1
213836,39,1
213837,40,5
213837,62,1
213837,47,2
213838,8,1
213838,75,1
213838,95,1
213839,56,1
213839,59,1
213839,79,1
213840,46,1
213841,56,3
213841,113,3
213841,116,1
213842,2,1
213842,67,2
213842,4,1
213843,113,3
213843,20,2
213843,9,4
213844,47,1
213845,2,1
213845,18,2
213846,98,8
213847,48,1
213847,107,2
213847,21,1
213847,103,1
213848,78,1
213848,53,1
213848,117,1
213848,46,1
213849,48,5
213849,102,1
213850,8,1
213850,61,1
213850,14,3
213851,78,4
213852,111,3
213852,13,1
213852,7,1
213853,32,3
213853,52,1
213854,1,1
213854,91,1
213854,39,1
213855,42,1
213855,101,1
213856,117,3
213856,54,2
213857,50,2
213858,32,2
213858,1,1
213858,119,2
213859,91,3
213859,45,1
213860,59,1
213860,84,1
213860,31,1
213861,16,5
213861,73,1
213861,52,2
213861,63,2
213862,119,2
213863,17,1
213863,6,1
213864,27,4
213865,17,5
213865,11,1
213865,37,1
213866,53,10
213866,86,1
213867,60,1
213867,30,7
213868,58,5
213869,112,1
213869,76,7
213870,75,3
213870,58,1
213870,19,1
213871,65,1
213871,68,2
213871,41,1
213871,114,1
213871,52,1
213872,106,3
213872,84,1
213873,58,3
213873,107,1
213873,84,1
213873,15,1
213874,26,3
213874,47,3
213875,48,1
213875,19,1
213875,14,5
213876,33,3
213877,55,1
213878,25,1
213878,106,4
213878,101,1
213878,14,1
213879,104,2
213879,18,5
213879,68,3
213880,47,4
213881,96,1
213881,41,2
213881,18,1
213881,84,1
213881,26,1
213882,34,3
213882,15,3
213883,56,4
213883,49,1
213883,32,2
213883,67,1
213884,64,1
213884,36,1
213884,77,1
213885,58,1
213886,97,4
213886,69,1
213886,50,1
213886,56,1
213886,30,1
213887,98,1
213888,96,7
213889,34,3
213889,78,3
213889,47,1
213890,1,2
213890,43,6
213891,1,5
213892,16,2
213892,81,1
213892,7,1
213892,87,2
213893,58,5
213893,60,2
213893,62,1
213894,48,3
213895,41,2
213895,90,1
213895,35,1
213895,13,1
213896,83,4
213896,58,1
213896,10,1
213896,23,1
213897,17,2
213897,74,2
213898,8,1
213898,24,1
213899,65,2
213899,46,2
213899,15,2
213900,96,2
213900,86,6
213901,89,4
213901,58,7
213902,65,5
213902,20,1
213903,17,1
213903,2,4
213903,21,2
213903,94,1
213904,28,1
213904,13,1
213905,78,1
213905,112,1
213905,52,1
213905,86,1
213905,31,1
213906,101,1
213907,26,1
213907,36,2
213907,84,5
213908,2,1
213908,74,1
213908,18,1
213908,83,1
213908,54,1
213909,4,7
213909,117,1
213910,58,3
213910,59,3
213911,24,4
213911,90,5
213912,34,2
213912,51,1
213912,79,1
213913,48,1
213913,65,1
213913,4,1
213914,117,1
213915,88,9
213915,54,1
213916,3,3
213916,19,1
213916,54,1
213916,6,1
213917,91,1
213917,43,1
213918,116,2
213918,20,1
213918,12,1
213919,60,3
213919,45,1
213920,23,3
213920,31,10
213921,26,1
213921,14,1
213922,20,3
213922,70,3
213922,23,1
213923,105,1
213923,50,1
213924,33,3
213924,3,2
213924,49,1
213924,118,2
213924,57,2
213925,28,3
213926,49,1
213926,53,1
213926,86,1
213926,63,1
213927,8,2
213927,49,1
213927,43,3
213928,52,4
213928,13,1
213929,57,1
213929,105,1
213930,112,2
213930,36,4
213930,110,2
213931,96,2
213931,114,2
213931,2,1
213931,4,1
213932,50,1
213932,7,1
213933,50,3
213933,27,1
213933,31,1
213933,103,1
213934,56,1
213934,49,1
213934,66,1
213935,9,1
213935,21,2
213935,78,1
213936,38,2
213936,45,1
213936,55,1
213936,56,1
213936,25,1
213937,35,2
213938,51,1
213938,110,1
213938,55,1
213939,88,1
213939,42,1
213939,50,4
213940,32,1
213940,15,1
213940,52,1
213940,30,1
213940,31,2
213941,11,4
213942,74,1
213942,119,9
213943,17,3
213943,43,1
213943,61,1
213944,19,4
213944,46,4
213945,41,2
213945,118,2
213946,54,1
213947,67,7
213948,10,1
213948,39,1
213949,32,2
213949,1,2
213949,35,1
213950,67,1
213950,100,6
213951,47,8
213952,80,4
213952,41,1
213952,115,1
213952,78,1
213953,41,1
213953,95,6
213954,115,5
213954,100,2
213955,50,7
213955,75,1
213956,50,1
213956,119,1
213957,53,1
213958,18,1
213958,2,1
213958,61,1
213958,46,1
213959,24,1
213959,20,1
213959,118,1
213960,56,5
213961,9,1
213961,51,6
213962,17,1
213962,58,4
213962,78,1
213962,23,2
213963,120,3
213963,75,1
213963,21,1
213964,32,6
213965,59,2
213965,62,2
213966,67,1
213966,93,1
213967,37,1
213968,42,1
213968,60,1
213968,47,6
213969,1,2
213969,60,1
213970,47,3
213970,45,2
213970,110,1
213970,15,1
213971,3,1
213971,53,2
213972,58,2
213972,28,1
213972,14,1
213973,51,3
213973,12,5
213974,24,1
213974,61,2
213975,100,2
213975,46,3
213975,20,1
213975,23,3
213975,60,1
213976,42,2
213976,13,1
213976,21,1
213977,88,1
213977,72,1
213977,14,1
213977,23,1
213978,25,2
213978,35,1
213978,60,1
213979,84,2
213979,119,5
213980,41,2
213980,99,2
213981,19,4
213981,13,4
213982,11,1
213982,20,1
213982,39,1
213983,58,1
213984,29,5
213985,64,1
213985,45,1
213985,111,2
213985,48,1
213985,20,1
213986,34,4
213986,58,4
213987,41,8
213987,44,2
213987,47,1
213988,48,3
213988,4,1
213988,70,1
213989,24,4
213989,52,1
213989,61,2
213990,14,2
213990,95,3
213991,80,3
213991,65,3
213991,61,1
213991,49,2
213992,52,5
213992,102,3
213993,81,1
213993,43,1
213994,49,4
213994,90,2
213994,22,2
213995,32,4
213995,34,1
213995,93,2
213995,23,1
213996,55,3
213996,37,2
213996,119,1
213997,49,2
213997,26,1
213997,107,1
213997,21,1
213998,112,1
213998,53,3
213999,16,4
213999,2,1
213999,76,1
213999,6,1
214000,67,1
214000,103,1
214001,114,7
214001,34,1
214002,16,1
214002,75,2
214002,28,1
214002,54,1
214003,80,1
214003,25,1
214003,103,1
214004,98,3
214004,3,1
214005,106,1
214005,12,6
214006,56,1
214006,50,2
214006,20,2
214006,31,1
214007,109,4
214007,62,2
214008,57,2
214008,111,1
214009,4,10
214010,31,1
214011,54,11
214012,113,2
214012,53,1
214012,30,1
214013,27,4
214014,96,2
214014,47,1
214015,9,1
214015,98,1
214015,3,1
214015,45,1
214016,16,4
214016,11,2
214017,96,6
214017,42,1
214018,12,7
214019,42,1
214020,17,1
214020,20,2
214020,5,3
214021,17,5
214021,34,1
214021,2,2
214022,101,3
214022,13,2
214022,87,2
214023,57,1
214023,10,1
214024,113,1
214024,18,1
214025,62,5
214026,48,1
214026,59,1
214026,92,1
214027,14,1
214028,49,1
214028,109,1
214029,34,5
214030,106,4
214030,29,4
214031,9,4
214031,39,1
214032,8,1
214032,52,1
214033,106,2
214033,93,2
214034,17,4
214034,119,2
214035,45,1
214036,117,1
214036,38,1
214037,116,1
214037,57,4
214037,12,2
214038,48,1
214038,1,1
214038,15,1
214039,47,1
214040,16,1
214041,16,1
214041,6,1
214042,73,1
214043,99,4
214043,10,2
214043,107,1
214044,104,1
214044,7,1
214045,50,1
214045,18,1
214046,17,1
214047,66,8
214048,17,4
214048,11,6
214049,8,8
214049,17,1
214049,55,1
214050,59,1
214050,44,1
214050,109,1
214050,39,1
214051,16,1
214051,76,1
214052,27,1
214052,45,1
214052,103,1
214053,20,1
214053,102,1
214053,55,1
214054,102,5
214054,30,2
214055,50,1
214055,84,1
214055,38,1
214056,41,7
214056,15,1
214057,4,2
214057,29,1
214058,17,3
214058,93,3
214058,23,1
214059,54,1
214059,14,1
214059,22,1
214060,2,6
214060,116,1
214060,68,2
214061,33,1
214061,59,1
214061,7,1
214062,16,1
214062,48,1
214062,70,5
214063,83,2
214063,76,1
214063,78,1
214064,61,7
214065,70,1
214066,11,1
214067,26,1
214067,19,1
214067,94,1
214067,6,1
214068,63,12
214069,33,1
214069,42,1
214070,32,2
214070,7,2
214071,69,5
214072,47,1
214073,8,2
214073,9,3
214074,66,1
214074,19,5
214074,58,1
214074,118,1
214075,89,1
214075,9,3
214075,114,1
214075,1,1
214076,1,5
214076,58,1
214076,95,1
214077,53,4
214077,101,3
214077,119,1
214078,8,1
214078,49,2
214078,11,1
214079,32,3
214079,1,5
214080,120,3
214081,10,2
214081,37,1
214082,5,5
214082,31,5
214083,58,1
214083,26,2
214084,18,4
214084,3,1
214084,70,1
214084,98,1
214085,50,3
214085,54,2
214085,103,2
214086,8,5
214086,86,2
214087,31,2
214088,114,1
214088,5,1
214088,79,1
214089,25,5
214089,42,1
214089,27,1
214090,115,1
214090,30,2
214090,87,1
214091,3,2
214091,53,3
214091,62,1
214092,40,1
214092,20,1
214092,6,1
214092,7,1
214093,107,1
214093,27,1
214094,102,2
214095,18,2
214095,4,1
214095,13,1
214095,55,2
214096,48,1
214096,117,2
214097,25,1
214097,54,1
214098,64,1
214098,10,1
214098,45,1
214099,104,1
214099,51,2
214099,54,1
214099,25,1
214099,58,1
214100,104,3
214100,107,3
214100,45,1
214100,15,1
214101,16,3
214101,1,2
214102,6,1
214102,119,1
214103,17,3
214104,10,8
214105,12,3
214105,29,6
214106,34,1
214106,52,1
214107,113,3
214107,60,6
214107,54,1
214108,11,1
214108,20,1
214109,10,7
214110,99,1
214110,68,1
214110,118,2
214111,56,1
214111,50,4
214111,60,2
214111,71,1
214112,2,4
214112,60,1
214112,84,1
214113,1,1
214113,114,1
214114,49,7
214114,42,1
214114,52,1
214114,6,1
214115,4,1
214115,44,1
214116,17,3
214116,5,1
214116,9,3
214117,14,4
214118,19,7
214119,8,7
214119,89,1
214119,31,2
214120,62,1
214121,106,2
214121,102,7
214122,45,1
214123,61,1
214124,115,2
214124,3,3
214124,95,1
214125,120,1
214125,65,1
214125,85,1
214125,55,1
214126,41,2
214126,45,2
214126,31,2
214127,64,1
214127,115,1
214127,39,1
214127,23,1
214128,111,11
214129,71,7
214129,79,2
214130,2,4
214131,34,6
214132,9,1
214132,7,1
214133,2,8
214134,17,6
214135,120,2
214135,57,4
214135,118,1
214136,48,6
214137,30,8
214138,1,3
214138,17,2
214138,115,2
214138,84,1
214138,57,1
214139,4,2
214139,50,2
214139,118,1
214139,88,1
214139,24,1
214140,50,1
214141,12,1
214142,5,4
214142,76,1
214142,20,1
214142,71,1
214143,2,1
214143,10,3
214143,43,2
214143,14,1
214143,112,2
214144,32,2
214144,60,2
214144,53,3
214145,9,4
214146,56,3
214146,34,1
214146,72,2
214146,15,2
214147,1,2
214147,13,1
214147,80,1
214147,90,1
214147,27,1
214148,42,1
214148,7,1
214149,3,1
214149,59,2
214149,77,1
214150,16,1
214150,52,1
214150,54,1
214151,66,1
214151,82,1
214152,11,1
214152,87,1
214153,17,1
214153,10,1
214153,59,1
214154,109,2
214154,15,8
214155,34,1
214155,100,1
214156,24,4
214156,71,5
214157,120,2
214157,49,1
214157,62,1
214158,100,2
214158,5,1
214158,47,1
214158,51,1
214158,21,1
214159,11,8
214160,11,1
214160,43,1
214161,46,2
214161,110,5
214162,58,1
214162,52,1
214162,45,1
214162,47,1
214163,92,3
214163,71,2
214164,67,1
214164,3,1
214164,40,1
214164,9,2
214164,10,2
214165,59,1
214165,6,4
214166,60,6
214166,39,2
214167,48,5
214167,3,1
214167,46,1
214168,104,1
214168,106,1
214168,59,1
214169,52,1
214169,20,1
214169,78,1
214170,33,3
214170,91,1
214170,93,1
214170,15,1
214171,10,6
214171,19,1
214171,108,4
214172,99,7
214172,23,2
214173,48,1
214173,2,1
214173,98,1
214173,107,1
214174,75,2
214175,106,2
214175,59,2
214175,70,1
214176,19,8
214177,102,2
214177,41,1
214177,10,1
214177,50,1
214177,52,1
214178,37,5
214178,14,2
214179,24,5
214179,117,2
214180,9,5
214181,116,3
214181,119,6
214182,8,3
214182,3,2
214182,12,1
214182,38,1
214183,2,1
214184,1,4
214184,42,1
214184,46,1
214184,7,1
214185,15,1
214185,103,2
214186,43,1
214187,49,6
214187,28,1
214188,58,2
214188,29,1
214188,47,3
214189,51,5
214189,19,1
214189,108,1
214189,118,1
214190,12,1
214190,38,6
214191,96,4
214191,3,3
214192,44,4
214193,4,5
214194,20,2
214194,84,1
214194,44,2
214194,79,2
214195,24,1
214196,89,3
214197,10,1
214197,14,1
214198,16,1
214198,111,1
214198,47,1
214199,18,1
214199,100,3
214199,7,2
214200,59,3
214200,21,3
214201,48,6
214201,90,1
214201,32,1
214201,54,1
214202,10,1
214202,20,3
214203,77,4
214204,97,1
214204,50,2
214204,14,1
214205,75,1
214205,62,1
214206,42,1
214206,46,8
214207,67,3
214207,12,1
214207,92,2
214208,33,4
214208,36,1
214208,54,1
214208,58,1
214208,62,1
214209,75,1
214210,5,3
214210,54,2
214211,40,1
214211,108,2
214211,119,3
214212,9,9
214212,47,1
214213,55,1
214214,1,7
214214,11,3
214215,59,1
214216,24,1
214217,9,1
214217,44,5
214218,28,3
214218,54,1
214219,27,2
214219,4,1
214219,93,4
214220,47,2
214220,13,1
214220,53,1
214220,7,1
214221,7,1
214221,10,1
214221,15,2
214221,17,1
214221,54,1
214222,48,2
214222,98,2
214222,52,1
214222,58,1
214223,40,1
214223,17,2
214223,5,1
214224,16,1
214224,50,2
214224,20,3
214224,120,1
214224,30,2
214225,4,1
214225,117,1
214226,26,1
214226,100,2
214227,108,3
214227,20,2
214227,46,2
214227,63,1
214228,23,1
214229,3,4
214229,38,1
214229,45,1
214229,50,1
214229,52,1
214230,80,3
214230,57,3
214230,34,1
214230,68,1
214231,76,5
214231,47,2
214231,71,1
214232,49,2
214233,83,1
214233,77,1
214233,79,1
214234,58,4
214234,43,1
214234,30,1
214235,92,1
214235,93,1
214235,14,1
214236,68,1
214236,63,1
214237,115,1
214237,36,1
214237,53,1
214237,23,1
214238,91,5
214239,65,2
214239,79,2
214240,106,1
214241,68,4
214241,55,2
214242,38,1
214242,54,1
214243,48,1
214243,1,1
214243,55,1
214244,109,3
214244,29,1
214245,1,1
214246,112,2
214246,1,4
214247,33,3
214247,10,2
214247,36,1
214247,31,1
214248,60,3
214248,110,1
214248,76,3
214249,21,2
214249,47,5
214250,34,1
214250,59,1
214250,117,1
214251,36,1
214252,64,5
214252,1,1
214252,4,1
214253,37,1
214254,18,1
214254,15,3
214255,98,1
214255,55,6
214256,34,3
214256,3,1
214256,106,1
214257,113,1
214258,55,3
214259,6,1
214259,111,1
214259,112,1
214259,91,1
214259,31,1
214260,9,1
214260,106,7
214260,6,2
214261,31,3
214262,52,4
214263,58,2
214263,43,1
214263,6,1
214264,17,5
214265,11,6
214265,20,2
214265,13,1
214266,42,1
214267,6,1
214268,9,4
214268,53,1
214268,46,1
214269,45,1
214269,6,1
214270,40,6
214270,73,1
214270,25,1
214270,15,2
214271,77,5
214272,88,1
214272,89,7
214273,68,6
214273,21,4
214274,72,1
214274,11,1
214275,56,6
214275,4,1
214276,96,5
214276,109,3
214277,10,5
214278,10,1
214279,64,1
214279,118,2
214279,82,1
214279,46,1
214280,72,7
214280,2,2
214280,3,1
214280,85,1
214281,16,2
214281,115,3
214282,77,1
214282,118,1
214283,43,4
214283,30,2
214284,27,1
214284,51,1
214284,47,1
214285,45,1
214285,53,1
214285,15,1
214286,9,4
214287,120,3
214287,81,1
214287,58,1
214288,114,1
214288,20,2
214288,95,1
214289,101,2
214289,73,3
214289,55,1
214289,24,1
214289,30,1
214290,49,9
214290,34,2
214291,120,1
214291,2,3
214292,56,3
214293,44,1
214294,16,1
214294,17,1
214294,34,1
214295,8,1
214295,2,1
214295,99,1
214296,4,2
214296,39,1
214296,83,3
214296,55,1
214296,91,1
214297,18,2
214297,66,5
214297,5,1
214297,14,3
214298,80,1
214298,35,1
214298,12,1
214298,14,1
214299,24,4
214299,47,2
214300,64,3
214300,18,1
214300,117,1
214300,94,1
214301,48,6
214302,16,1
214302,90,3
214303,65,3
214303,42,3
214303,99,1
214303,45,1
214304,56,1
214304,92,1
214304,14,1
214305,82,1
214305,42,4
214306,70,2
214306,116,1
214306,46,2
214307,43,2
214307,52,2
214307,29,1
214308,98,1
214308,13,1
214308,17,1
214308,89,2
214308,95,2
214309,50,7
214310,112,1
214310,58,1
214310,70,1
214311,9,3
214311,84,1
214311,13,1
214312,41,3
214313,8,2
214313,54,1
214313,30,1
214313,6,1
214314,86,1
214314,22,4
214315,50,1
214315,59,1
214316,76,2
214316,50,1
214316,53,1
214316,117,1
214316,57,1
214317,53,2
214318,24,7
214319,24,1
214319,82,1
214319,116,6
214320,22,7
214321,1,1
214321,41,1
214322,112,5
214322,64,1
214322,104,1
214323,106,3
214323,39,8
214324,26,5
214324,117,3
214325,25,1
214326,3,2
214326,41,1
214326,88,1
214326,57,2
214326,24,1
214327,29,5
214328,35,2
214328,75,1
214329,106,9
214330,19,1
214331,3,1
214332,4,8
214333,13,4
214333,6,3
214334,105,3
214334,50,1
214334,102,1
214335,89,2
214335,5,1
214335,57,4
214336,15,1
214337,18,1
214338,23,1
214339,80,1
214339,56,3
214339,45,1
214339,55,1
214340,13,1
214341,88,5
214341,117,1
214341,55,1
214342,13,1
214342,22,6
214343,58,1
214344,48,1
214344,103,1
214344,30,1
214344,111,1
214345,100,7
214346,18,2
214346,117,5
214347,52,1
214347,13,1
214348,24,3
214348,115,1
214348,117,1
214348,79,4
214349,9,5
214349,50,1
214349,42,1
214350,59,1
214350,20,1
214350,61,1
214351,81,3
214351,100,1
214352,49,2
214352,58,2
214352,60,4
214353,104,1
214354,18,1
214354,36,1
214354,61,5
214355,42,6
214356,2,3
214356,59,1
214356,53,1
214356,86,2
214357,48,3
214357,115,1
214357,42,1
214357,10,1
214358,10,2
214358,16,1
214358,114,2
214358,57,1
214358,28,1
214359,4,8
214360,97,5
214361,1,3
214361,66,1
214361,99,4
214361,27,1
214361,92,1
214362,5,1
214362,112,1
214362,82,4
214362,61,1
214362,94,1
214363,2,3
214363,90,4
214364,11,3
214364,12,1
214364,53,1
214364,55,1
214365,19,1
214365,41,1
214365,99,1
214366,97,1
214366,101,1
214366,110,1
214367,73,1
214367,37,1
214367,22,1
214368,24,3
214368,88,1
214368,93,1
214368,110,1
214369,80,2
214369,25,5
214370,120,3
214370,43,4
214371,41,4
214371,22,1
214372,88,4
214373,102,10
214373,6,1
214374,60,4
214375,2,7
214376,40,6
214376,18,1
214377,56,1
214377,15,5
214378,80,1
214378,111,2
214379,82,1
214379,70,7
214380,56,2
214380,114,1
214380,52,1
214381,56,1
214381,50,4
214381,19,5
214382,16,2
214382,37,1
214382,78,1
214383,65,1
214383,14,1
214383,23,3
214384,96,5
214384,46,3
214384,87,1
214385,16,5
214385,11,1
214385,15,2
214385,111,1
214386,24,1
214386,50,2
214386,51,2
214387,88,1
214387,90,6
214388,70,6
214389,57,5
214389,4,2
214390,10,4
214391,2,1
214391,70,1
214391,15,1
214392,42,1
214392,46,1
214393,25,1
214393,45,6
214394,48,1
214394,19,1
214394,46,1
214394,31,2
214395,57,1
214395,42,1
214395,18,1
214396,37,1
214396,70,5
214397,44,3
214397,29,1
214398,1,6
214398,36,1
214398,54,1
214398,55,1
214399,112,1
214399,28,8
214399,63,2
214400,51,3
214400,92,5
214401,9,1
214401,17,1
214402,73,3
214402,115,2
214403,104,7
214403,45,1
214404,42,1
214404,78,1
214404,47,1
214405,57,1
214405,61,1
214406,8,2
214406,18,1
214407,104,2
214407,49,2
214407,41,2
214408,89,4
214408,33,1
214408,59,1
214408,45,1
214409,58,3
214409,15,5
214410,113,3
214410,41,2
214410,23,2
214411,3,1
214411,78,3
214411,39,2
214412,41,1
214412,36,1
214412,7,1
214413,76,5
214413,94,3
214414,35,1
214414,51,2
214414,93,1
214415,47,7
214416,1,1
214416,47,1
214416,110,1
214416,71,1
214417,29,1
214417,46,4
214417,7,3
214418,89,1
214418,10,1
214418,35,1
214418,74,1
214419,43,1
214419,54,3
214420,51,7
214421,41,10
214422,32,2
214422,42,1
214422,99,2
214423,16,7
214423,1,1
214424,6,3
214424,10,1
214424,82,2
214424,25,1
214424,61,1
214425,64,1
214425,56,2
214425,47,3
214426,98,5
214427,70,1
214427,118,5
214428,5,1
214429,14,4
214430,9,1
214430,5,1
214430,47,4
214431,64,1
214431,5,2
214431,102,1
214431,111,1
214432,105,5
214432,39,2
214433,10,3
214433,103,2
214434,112,2
214434,97,1
214434,8,1
214435,64,1
214435,43,1
214436,106,1
214436,44,1
214437,19,1
214437,10,1
214437,107,2
214438,35,1
214438,100,1
214438,11,1
214438,56,1
214438,61,1
214439,11,1
214439,99,1
214440,11,3
214440,19,2
214441,42,4
214441,68,1
214441,69,5
214442,24,1
214442,49,2
214442,17,2
214442,41,1
214443,16,1
214443,66,1
214443,117,1
214444,106,2
214444,112,3
214444,17,1
214444,84,1
214444,91,1
214445,57,9
214446,10,8
214446,13,1
214446,87,1
214447,69,5
214447,41,1
214447,74,2
214447,75,1
214447,118,1
214448,45,5
214448,54,2
214448,47,2
214449,33,1
214449,62,4
214450,81,1
214451,97,1
214451,99,1
214452,120,4
214452,58,1
214452,34,3
214453,20,2
214454,65,3
214455,9,3
214456,67,7
214456,12,1
214457,42,1
214458,91,2
214458,3,1
214458,90,2
214458,10,2
214459,101,1
214459,14,2
214460,58,1
214461,59,11
214462,54,7
214462,15,3
214463,72,2
214463,42,1
214463,78,2
214463,53,1
214463,89,1
214464,13,1
214464,110,3
214465,13,6
214465,111,2
214466,2,1
214466,11,1
214466,42,1
214467,10,2
214467,69,1
214467,62,2
214467,119,1
214468,65,2
214468,45,2
214469,48,2
214469,92,3
214470,57,5
214470,42,1
214470,44,1
214470,7,1
214471,37,1
214472,2,4
214472,52,1
214473,120,1
214473,47,1
214474,114,1
214474,53,1
214475,36,2
214475,101,1
214476,102,1
214477,3,5
214477,24,3
214477,67,2
214478,32,4
214478,1,4
214479,1,5
214479,28,2
214480,33,1
214480,29,2
214480,77,4
214480,6,1
214481,19,1
214481,107,2
214482,52,5
214483,64,6
214484,10,1
214484,43,1
214484,39,1
214485,9,4
214485,46,3
214485,78,1
214486,107,5
214486,71,1
214487,85,3
214487,31,2
214488,104,1
214488,42,3
214488,80,3
214489,18,5
214490,3,8
214491,33,1
214491,25,1
214492,60,1
214492,55,1
214493,46,1
214493,98,1
214493,14,1
214494,119,1
214495,113,1
214495,58,1
214495,102,1
214495,79,1
214496,58,10
214497,18,7
214497,70,1
214497,7,1
214498,35,3
214498,11,1
214498,9,1
214499,19,3
214499,26,1
214499,51,1
214499,34,3
214500,60,6
214500,109,2
214501,57,3
214501,43,1
214501,23,1
214502,27,4
214502,47,4
214503,20,1
214503,54,5
214504,17,7
214504,14,1
214505,56,2
214506,43,1
214507,16,1
214507,99,1
214507,21,1
214508,113,2
214508,3,1
214508,12,1
214509,3,2
214509,4,5
214509,38,1
214509,40,1
214509,51,1
214510,5,1
214510,75,1
214510,85,1
214510,86,1
214511,104,2
214511,8,1
214511,103,5
214512,13,11
214513,46,1
214513,5,1
214513,14,1
214513,55,1
214514,104,4
214514,41,2
214514,6,1
214514,55,1
214515,35,1
214515,50,1
214515,83,5
214515,60,1
214516,79,9
214517,57,4
214517,74,2
214517,3,1
214517,1,1
214518,98,5
214518,110,4
214519,109,1
214520,32,2
214521,32,4
214521,93,2
214521,47,1
214522,42,2
214522,35,5
214523,118,1
214524,97,2
214524,83,1
214524,87,1
214525,30,1
214526,42,2
214526,2,1
214526,47,1
214527,61,4
214527,79,2
214528,80,1
214529,106,6
214529,22,3
214530,118,6
214531,72,1
214531,44,1
214531,53,1
214532,57,1
214532,107,1
214533,20,3
214533,71,1
214534,1,2
214534,28,1
214535,17,5
214535,57,1
214536,17,4
214536,67,1
214537,20,2
214537,84,8
214538,22,7
214539,16,1
214539,38,2
214540,16,2
214541,30,1
214542,5,1
214542,54,4
214543,13,2
214544,113,7
214545,114,1
214545,2,3
214546,92,1
214546,68,4
214546,47,1
214547,16,2
214547,94,2
214548,69,5
214549,53,1
214549,1,1
214549,59,1
214549,77,1
214550,24,1
214551,10,1
214551,58,1
214551,45,1
214552,49,3
214552,38,4
214553,1,3
214553,3,2
214553,5,4
214554,113,7
214555,72,6
214555,106,2
214555,110,1
214556,56,1
214556,33,1
214557,35,2
214557,95,5
214558,15,6
214559,2,2
214559,79,2
214560,112,4
214560,97,1
214560,58,1
214560,34,1
214561,32,1
214561,44,6
214562,4,1
214562,37,1
214563,56,2
214563,26,3
214563,19,1
214564,1,4
214565,64,1
214566,11,4
214567,107,4
214567,34,2
214567,26,2
214568,88,3
214568,51,1
214568,76,3
214569,13,1
214570,67,1
214571,19,1
214572,21,5
214572,15,5
214573,17,1
214573,35,1
214574,2,4
214574,3,3
214574,15,1
214575,68,1
214576,13,8
214577,89,3
214577,34,1
214577,15,1
214577,47,1
214578,27,4
214578,75,4
214579,8,1
214580,49,4
214580,12,2
214580,103,4
214581,32,2
214581,29,3
214582,90,2
214582,54,4
214583,33,1
214583,42,1
214583,53,1
214584,24,2
214585,34,1
214585,59,1
214586,105,2
214586,30,1
214587,1,7
214588,114,4
214589,49,2
214589,11,1
214589,101,1
214589,6,1
214590,112,6
214590,49,2
214590,19,1
214591,2,3
214591,30,1
214592,101,6
214593,77,1
214594,63,8
214595,112,1
214595,43,4
214595,11,1
214595,14,1
214596,90,2
214596,92,1
214596,78,2
214597,107,9
214598,97,1
214598,42,3
214598,86,1
214598,103,3
214599,57,1
214599,35,2
214599,21,4
214600,41,1
214600,107,1
214600,68,1
214600,5,1
214601,54,1
214602,83,4
214602,116,1
214602,54,2
214602,71,1
214603,47,1
214604,43,2
214604,93,1
214604,61,1
214605,56,1
214605,10,5
214606,1,7
214606,49,3
214607,10,1
214607,67,4
214608,44,2
214608,45,1
214608,47,2
214609,100,1
214609,55,1
214610,43,8
214611,65,4
214611,60,3
214612,1,1
214612,66,2
214612,7,1
214612,72,1
214612,108,1
214613,17,1
214613,43,3
214614,97,6
214614,14,1
214615,114,2
214615,74,1
214615,38,1
214615,71,3
214616,80,6
214616,115,1
214616,26,1
214616,19,1
214617,50,3
214617,37,4
214617,15,1
214618,48,5
214618,19,2
214618,77,2
214619,17,1
214619,52,4
214620,48,2
214620,34,2
214620,103,1
214621,97,1
214621,46,1
214621,15,1
214622,3,4
214622,78,4
214623,40,5
214624,98,1
214625,16,2
214625,49,2
214625,68,3
214626,16,1
214626,74,3
214626,120,3
214627,90,1
214627,10,3
214627,79,5
214628,10,3
214628,67,1
214629,49,1
214629,58,1
214629,43,1
214629,31,1
214630,76,1
214630,20,2
214631,5,4
214632,19,6
214632,61,1
214633,2,3
214633,13,3
214634,56,2
214634,13,1
214634,21,2
214634,45,2
214635,106,4
214635,45,3
214636,83,1
214636,54,1
214637,48,4
214637,60,1
214637,55,1
214638,20,1
214638,60,1
214639,61,6
214640,17,1
214640,53,1
214640,46,1
214641,80,1
214641,45,4
214641,21,2
214642,48,2
214642,81,4
214642,53,1
214643,16,3
214643,120,1
214643,118,1
214643,52,1
214644,41,11
214645,16,1
214645,25,3
214646,50,1
214646,100,7
214646,30,1
214647,61,8
214648,34,1
214648,42,1
214648,119,1
214648,95,1
214649,49,1
214649,52,3
214650,3,7
214651,48,1
214651,8,1
214652,114,1
214652,119,3
214653,42,2
214653,23,5
214654,16,2
214654,97,1
214654,7,1
214655,75,1
214655,46,1
214656,51,4
214656,6,1
214657,42,5
214657,4,2
214658,56,4
214658,84,2
214659,80,3
214660,40,2
214660,56,1
214660,44,2
214660,98,3
214661,54,5
214662,38,1
214662,117,1
214662,53,2
214662,54,2
214663,60,7
214663,53,1
214664,1,1
214664,10,1
214664,105,4
214665,42,1
214665,5,3
214665,46,1
214666,24,2
214666,42,2
214667,26,2
214667,28,1
214667,70,1
214668,8,4
214668,32,2
214669,8,1
214669,3,3
214670,75,5
214670,46,2
214671,48,5
214671,18,1
214671,59,1
214671,29,1
214672,41,8
214672,70,1
214673,48,1
214674,4,1
214674,77,1
214674,86,4
214675,27,2
214675,116,1
214675,55,1
214676,105,2
214676,4,1
214676,31,1
214677,40,11
214678,36,1
214678,37,2
214678,42,2
214678,47,1
214678,17,1
214679,56,4
214679,17,1
214679,92,2
214680,35,2
214680,100,3
214680,16,1
214680,24,1
214680,90,1
214681,41,7
214682,67,1
214682,1,1
214682,18,3
214682,3,3
214683,72,4
214683,55,1
214683,13,1
214683,119,1
214684,62,1
214684,7,6
214685,35,1
214685,73,1
214685,47,1
214685,85,1
214685,30,1
214686,26,1
214686,42,1
214687,96,3
214687,8,1
214687,20,1
214688,42,2
214688,82,3
214689,28,1
214690,72,8
214690,49,1
214690,95,1
214691,34,4
214692,20,2
214692,69,1
214693,24,5
214693,1,1
214693,61,1
214693,15,1
214694,53,5
214694,103,1
214695,79,1
214696,89,1
214696,26,2
214696,60,1
214696,34,1
214697,75,2
214697,102,5
214698,19,1
214698,45,1
214699,45,1
214700,104,1
214700,90,1
214701,50,2
214701,13,3
214701,38,2
214702,9,2
214702,82,1
214702,95,1
214702,31,1
214703,97,4
214703,46,1
214704,112,5
214704,10,1
214704,70,1
214704,22,1
214705,34,6
214705,103,4
214706,1,2
214706,117,1
214706,14,1
214707,48,6
214708,20,3
214708,36,3
214709,32,2
214709,75,1
214709,48,1
214709,17,1
214709,95,1
214710,33,1
214710,35,1
214710,110,1
214710,14,1
214711,3,5
214712,50,4
214713,48,1
214713,65,3
214713,52,1
214714,3,1
214714,94,4
214715,72,3
214715,66,1
214715,106,1
214716,9,5
214716,22,2
214717,40,1
214718,58,7
214719,90,2
214719,52,1
214719,109,3
214720,9,3
214720,53,5
214721,120,2
214721,55,2
214722,38,7
214723,52,3
214724,56,1
214724,50,1
214724,5,2
214724,111,1
214725,11,1
214725,21,2
214726,40,3
214726,109,1
214726,49,1
214726,59,1
214726,93,2
214727,56,1
214727,97,1
214728,8,3
214728,73,1
214728,26,6
214729,26,1
214729,13,4
214730,56,2
214730,81,4
214730,43,1
214731,57,2
214731,19,2
214731,17,1
214731,9,1
214732,81,1
214732,118,1
214733,67,2
214733,42,2
214733,45,1
214733,120,1
214733,29,1
214734,12,4
214734,55,7
214735,16,6
214735,78,4
214736,4,9
214736,29,1
214736,22,1
214737,35,1
214737,93,2
214738,57,3
214738,59,1
214738,61,1
214738,38,1
214739,53,1
214739,97,1
214739,3,1
214739,77,1
214740,6,1
214741,48,1
214741,9,1
214741,90,1
214741,14,1
214742,24,4
214742,82,3
214742,87,3
214743,1,6
214744,49,2
214744,114,2
214745,41,1
214745,85,2
214746,105,2
214746,79,5
214747,113,6
214747,35,1
214747,46,1
214748,81,4
214748,27,1
214748,21,2
214749,96,1
214749,3,1
214749,60,1
214749,53,1
214750,2,1
214751,2,2
214751,60,3
214751,118,5
214752,98,1
214752,5,1
214753,12,1
214754,17,1
214754,62,3
214754,87,3
214755,2,1
214755,7,1
214755,54,1
214755,71,1
214756,58,4
214756,102,5
214757,3,1
214757,20,2
214758,10,2
214758,59,1
214758,52,1
214759,62,1
214759,81,1
214759,78,1
214760,19,1
214760,6,1
214761,48,9
214762,90,8
214762,35,1
214763,60,2
214763,23,1
214764,9,1
214764,46,4
214765,45,1
214765,7,1
214766,48,1
214767,112,1
214767,90,1
214767,78,1
214768,64,1
214768,8,1
214768,32,1
214768,97,1
214769,70,1
214770,17,1
214770,106,1
214770,68,1
214770,117,1
214771,3,1
214771,5,1
214771,47,1
214772,48,2
214772,49,1
214772,18,1
214772,27,1
214773,41,7
214774,18,1
214774,62,1
214775,88,1
214775,49,1
214775,59,1
214775,21,1
214776,49,1
214776,78,1
214776,9,1
214777,70,4
214777,42,1
214777,98,1
214778,107,4
214778,14,1
214778,6,3
214779,48,1
214780,67,3
214780,12,1
214780,79,3
214781,9,4
214781,7,3
214781,87,1
214782,1,3
214783,6,1
214783,72,1
214783,21,1
214783,85,1
214783,24,1
214784,22,3
214785,43,2
214785,75,2
214786,90,4
214786,100,1
214787,89,6
214787,55,2
214788,81,1
214789,80,1
214790,110,1
214791,90,1
214792,80,1
214792,25,3
214793,42,5
214793,22,2
214794,98,5
214794,35,2
214795,51,3
214795,3,1
214795,13,1
214795,6,2
214796,58,1
214796,50,2
214797,94,1
214798,118,1
214798,21,1
214798,94,1
214799,32,2
214799,37,2
214800,25,4
214801,64,5
214802,25,4
214802,14,6
214803,42,3
214803,108,2
214803,119,3
214804,91,2
214804,20,1
214804,93,2
214804,15,2
214805,38,1
214805,43,1
214805,14,1
214805,52,1
214805,30,1
214806,112,2
214806,113,1
214807,75,1
214807,63,6
214808,64,7
214808,49,2
214808,26,2
214809,18,1
214809,21,1
214810,37,4
214811,1,1
214811,57,2
214812,9,5
214812,2,2
214813,49,1
214813,11,1
214814,18,1
214815,56,1
214816,48,3
214816,81,1
214816,67,2
214816,51,1
214817,27,3
214818,52,1
214818,30,1
214818,87,1
214819,90,2
214819,3,3
214819,92,1
214819,54,2
214820,4,2
214820,15,1
214821,37,1
214822,107,4
214823,65,2
214823,89,1
214823,35,1
214823,116,1
214824,35,3
214824,70,4
214825,64,3
214825,1,1
214825,12,1
214826,58,3
214826,43,2
214826,79,1
214827,69,7
214827,7,1
214828,13,3
214828,14,3
214829,57,1
214829,69,1
214829,38,2
214830,92,1
214830,29,1
214830,23,1
214831,52,2
214831,5,2
214831,46,1
214832,8,1
214832,36,1
214833,73,1
214833,82,1
214833,90,1
214834,101,6
214835,46,7
214836,20,1
214836,13,1
214836,22,1
214837,27,2
214837,14,1
214838,38,1
214838,45,1
214838,27,1
214838,29,1
214838,30,1
214839,3,3
214839,36,3
214839,93,1
214840,12,1
214840,38,1
214841,11,2
214842,80,3
214842,29,1
214842,31,1
214843,46,2
214844,11,1
214844,31,6
214845,75,1
214845,53,1
214845,46,1
214846,103,1
214847,3,1
214847,19,1
214847,77,1
214847,15,1
214848,110,2
214848,103,2
214849,48,1
214850,48,2
214850,26,1
214850,4,1
214851,2,1
214851,46,1
214851,20,1
214851,59,1
214851,60,3
214852,45,3
214853,26,2
214853,110,3
214854,41,2
214854,90,2
214854,71,4
214855,20,1
214855,47,1
214856,3,2
214856,60,1
214856,86,4
214857,78,2
214858,48,4
214858,44,1
214858,38,1
214859,67,1
214859,31,9
214860,53,1
214860,43,1
214860,44,1
214860,5,2
214861,40,2
214861,61,2
214862,80,5
214863,28,3
214864,118,4
214865,44,2
214865,52,3
214866,38,6
214866,3,1
214866,110,3
214866,39,1
214867,64,2
214867,90,4
214868,70,8
214869,13,1
214869,109,1
214869,98,1
214870,108,1
214871,9,2
214871,4,1
214872,40,2
214872,67,1
214872,116,3
214872,76,3
214873,42,4
214873,43,1
214873,46,1
214874,67,1
214874,14,1
214874,63,1
214875,107,2
214875,11,4
214876,41,1
214876,114,1
214876,45,1
214876,9,1
214877,115,1
214878,56,4
214878,5,1
214879,116,3
214879,105,1
214879,15,2
214879,95,1
214880,33,4
214880,58,1
214881,57,1
214882,20,1
214883,88,1
214883,20,1
214884,2,1
214884,41,1
214884,114,1
214884,55,1
214884,87,1
214885,10,1
214885,19,1
214885,103,1
214886,3,1
214886,42,3
214886,67,1
214886,53,2
214887,14,5
214888,2,6
214888,3,1
214888,34,1
214889,53,3
214890,113,1
214890,2,3
214890,47,4
214891,120,4
214891,82,3
214891,45,1
214892,34,1
214892,3,1
214892,103,2
214893,96,1
214893,41,1
214893,1,1
214894,80,1
214894,9,1
214894,35,1
214894,112,1
214895,54,2
214895,27,1
214895,13,1
214895,14,1
214896,8,6
214897,91,2
214897,101,1
214897,31,2
214898,105,1
214898,38,1
214899,9,1
214899,90,1
214899,70,3
214900,30,6
214901,1,2
214901,4,4
214902,29,2
214902,53,3
214903,67,7
214904,90,1
214905,68,2
214905,15,3
214905,79,1
214905,19,1
214905,60,1
214906,24,1
214906,77,1
214907,66,1
214907,107,4
214907,4,1
214908,38,1
214909,48,2
214909,116,1
214909,86,1
214910,89,2
214910,42,1
214910,59,2
214910,47,1
214911,76,1
214912,66,1
214912,35,5
214912,60,1
214912,15,1
214913,86,1
214914,73,2
214914,25,1
214914,31,4
214915,64,1
214915,51,1
214915,112,1
214916,45,3
214916,103,4
214917,1,7
214917,101,1
214918,73,2
214918,19,6
214919,120,2
214919,23,7
214920,4,2
214920,110,1
214920,54,2
214920,25,1
214920,27,1
214921,68,3
214922,39,1
214923,57,1
214923,50,1
214923,11,1
214923,76,1
214924,65,2
214924,41,4
214925,48,4
214925,29,1
214926,55,4
214927,66,2
214927,41,1
214927,9,1
214927,11,1
214927,31,1
214928,40,4
214928,78,3
214929,82,2
214929,14,8
214930,119,5
214931,112,2
214932,8,3
214932,31,2
214933,80,1
214933,82,1
214933,54,1
214934,42,10
214935,107,3
214935,51,4
214935,52,1
214936,41,4
214936,69,1
214936,71,1
214937,24,1
214937,8,1
214937,110,1
214938,59,1
214939,88,1
214939,49,1
214939,59,1
214940,106,1
214940,119,3
214940,47,2
214941,11,1
214941,12,2
214941,47,2
214941,16,1
214941,51,2
214942,10,3
214942,100,3
214943,58,7
214944,17,5
214945,53,3
214945,47,1
214946,2,8
214947,12,2
214947,37,2
214947,23,3
214948,89,3
214948,65,2
214948,49,1
214949,3,1
214949,12,1
214949,110,2
214950,33,2
214950,41,1
214950,115,2
214950,90,1
214950,60,1
214951,2,4
214951,75,1
214952,50,6
214953,114,1
214954,42,5
214954,43,2
214954,78,1
214955,3,3
214955,16,1
214955,43,1
214955,103,1
214956,10,1
214956,58,3
214956,45,3
214956,94,1
214957,27,5
214957,9,1
214957,43,2
214958,120,1
214958,72,8
214959,91,1
214959,83,1
214959,69,1
214959,87,1
214960,14,2
214960,61,1
214960,25,1
214960,91,1
214960,93,1
214961,24,1
214961,13,1
214961,46,1
214962,17,1
214962,14,1
214963,72,1
214963,17,1
214963,42,1
214963,64,1
214964,117,1
214964,101,1
214965,48,1
214965,18,1
214965,34,1
214966,29,8
214966,6,2
214967,58,1
214968,27,1
214968,23,1
214969,64,4
214969,50,3
214970,48,1
214970,101,9
214971,16,8
214972,89,7
214973,4,3
214973,110,1
214974,50,1
214974,35,2
214974,106,2
214975,11,1
214975,52,1
214975,6,1
214976,11,7
214976,5,1
214977,31,4
214977,44,1
214977,39,1
214977,7,1
214978,58,1
214978,35,2
214978,92,5
214978,68,1
214979,61,1
214979,62,1
214980,99,1
214980,18,3
214980,11,4
214981,72,6
214981,66,2
214982,105,3
214982,111,1
214982,18,1
214982,53,1
214982,27,1
214983,41,9
214984,1,1
214984,51,4
214984,31,1
214984,23,1
214985,5,5
214986,32,1
214986,16,6
214987,56,2
214987,105,1
214987,44,2
214987,113,2
214988,90,1
214988,60,8
214989,48,2
214989,1,1
214989,19,4
214990,61,5
214991,17,2
214991,30,3
214992,26,1
214992,4,1
214992,13,1
214992,39,1
214993,41,2
214993,107,2
214993,1,3
214994,50,2
214994,91,4
214994,92,2
214994,117,1
214995,26,2
214995,110,1
214996,59,6
214996,60,2
214997,118,1
214998,19,1
214999,1,5
214999,10,1
214999,15,1
215000,65,3
215000,101,1
215000,29,1
215001,2,1
215002,63,2
215002,15,5
215003,56,4
215003,48,1
215004,32,5
215004,29,2
215004,55,2
215005,4,4
215005,111,4
215006,34,2
215006,68,1
215006,21,1
215006,53,1
215006,58,1
215007,26,1
215007,54,2
215007,23,4
215008,25,1
215008,42,1
215009,56,5
215009,34,2
215010,5,8
215011,4,3
215011,37,1
215011,87,1
215012,65,3
215013,49,1
215013,26,1
215013,37,1
215014,120,2
215014,42,2
215014,55,1
215015,4,1
215015,60,1
215016,112,2
215016,54,5
215017,16,6
215018,16,4
215019,57,4
215019,118,3
215019,51,1
215019,43,1
215020,4,1
215021,104,2
215021,60,6
215022,113,4
215023,96,8
215024,62,1
215024,51,1
215024,38,1
215025,46,4
215025,58,1
215025,59,1
215025,63,1
215025,31,1
215026,9,2
215026,2,1
215026,11,1
215027,9,1
215028,32,1
215028,116,1
215028,11,1
215028,60,1
215029,40,3
215029,10,1
215029,72,2
215029,20,1
215030,59,1
215030,69,1
215030,38,1
215031,16,1
215031,26,1
215031,67,1
215032,73,1
215032,18,1
215032,108,1
215033,60,1
215034,17,2
215035,11,3
215035,13,1
215036,43,6
215037,103,1
215037,105,1
215037,82,1
215037,53,1
215037,26,1
215038,58,3
215038,11,3
215039,5,5
215039,95,1
215040,18,2
215040,69,3
215040,5,2
215041,42,5
215042,115,2
215042,69,2
215042,111,1
215043,91,1
215043,21,4
215044,51,1
215044,37,1
215045,55,2
215046,53,1
215046,54,1
215047,102,2
215047,86,1
215048,41,4
215049,28,1
215049,55,1
215050,65,1
215050,113,2
215050,79,3
215051,47,4
215052,112,1
215052,18,1
215052,119,1
215053,110,2
215053,119,8
215054,43,1
215054,23,3
215055,88,2
215055,82,1
215055,2,1
215055,4,1
215056,41,3
215056,76,1
215056,87,2
215056,15,3
215057,56,1
215057,90,1
215057,54,1
215058,33,1
215058,8,1
215058,81,2
215058,113,1
215058,120,1
215059,24,1
215059,45,2
215060,110,9
215060,83,1
215060,14,1
215060,15,1
215061,33,2
215061,4,2
215061,70,1
215062,101,1
215062,106,2
215062,80,2
215062,86,1
215062,60,1
215063,50,6
215064,11,1
215064,21,1
215065,2,4
215065,52,2
215066,1,1
215066,43,1
215067,98,1
215067,18,1
215067,84,1
215068,7,2
215068,15,5
215069,49,2
215069,20,2
215070,42,1
215070,101,2
215071,9,4
215071,57,1
215072,75,4
215073,32,1
215073,33,1
215073,51,1
215073,119,1
215074,113,2
215074,35,2
215074,100,1
215074,39,1
215075,48,3
215075,17,1
215076,75,2
215076,12,3
215076,7,4
215077,16,4
215077,53,1
215077,47,2
215078,17,2
215078,51,3
215078,28,3
215079,48,1
215080,5,1
215081,57,1
215081,114,1
215081,15,1
215081,119,1
215082,8,1
215082,20,2
215082,38,1
215082,15,1
215083,54,1
215084,57,1
215084,67,3
215084,75,1
215084,28,1
215085,17,1
215085,50,1
215085,85,1
215086,10,5
215087,56,1
215087,45,2
215088,56,1
215088,12,2
215089,31,1
215090,58,1
215090,10,3
215090,47,1
215091,17,6
215092,98,2
215092,5,6
215093,44,1
215093,69,2
215093,95,1
215094,96,1
215094,16,2
215095,56,1
215095,25,1
215095,46,1
215096,37,3
215096,46,3
215097,39,1
215097,4,1
215097,5,1
215097,47,3
215098,17,1
215098,2,2
215098,18,3
215098,1,2
215099,82,2
215099,83,3
215099,86,2
215100,2,1
215100,70,1
215101,83,1
215101,12,1
215101,77,1
215101,6,1
215102,1,7
215102,58,2
215102,115,1
215102,85,1
215103,50,2
215103,59,1
215103,14,1
215103,55,1
215104,3,2
215104,68,1
215104,6,1
215104,79,1
215104,49,1
215105,107,4
215105,14,1
215105,7,1
215106,34,5
215106,14,1
215106,79,1
215107,16,5
215107,99,2
215107,46,1
215108,50,2
215108,13,1
215108,55,1
215109,64,1
215109,58,1
215110,118,2
215111,32,3
215111,97,5
215112,49,2
215113,57,1
215114,44,1
215115,36,3
215115,37,1
215115,60,1
215116,59,7
215117,65,4
215117,5,1
215117,6,1
215117,108,1
215117,60,1
215118,19,2
215119,99,5
215119,23,1
215120,3,3
215120,19,4
215120,77,1
215120,14,2
215121,40,1
215121,113,2
215121,18,1
215121,20,1
215122,72,1
215122,12,1
215122,92,1
215122,118,1
215122,60,1
215123,82,11
215124,77,9
215125,99,3
215125,13,1
215125,3,2
215125,101,1
215126,56,3
215126,23,6
215127,90,3
215127,44,1
215128,32,6
215129,42,3
215130,107,1
215130,53,1
215130,103,1
215131,16,2
215131,3,6
215132,18,1
215132,99,1
215132,86,1
215132,7,1
215133,44,3
215134,81,1
215134,65,1
215134,7,1
215135,17,1
215135,38,1
215135,70,1
215136,56,2
215136,36,2
215137,10,2
215137,107,2
215138,4,1
215138,85,2
215139,4,5
215139,15,2
215140,36,5
215141,106,6
215142,33,9
215143,89,5
215143,18,1
215143,14,1
215144,98,2
215144,92,3
215145,10,1
215145,55,1
215146,24,2
215146,113,6
215147,50,1
215147,28,1
215147,110,1
215148,11,5
215148,79,1
215149,57,1
215149,4,2
215149,53,5
215150,12,4
215150,54,1
215150,55,4
215151,89,5
215151,81,1
215151,2,1
215152,43,5
215152,13,4
215153,1,3
215153,60,1
215153,61,1
215154,19,3
215154,71,1
215155,90,1
215156,18,2
215156,46,3
215157,84,6
215157,45,3
215158,32,1
215158,67,1
215158,39,1
215158,13,1
215158,16,1
215159,60,1
215159,47,1
215160,59,1
215160,58,1
215160,27,1
215160,45,1
215161,60,3
215161,31,5
215161,54,1
215161,23,1
215162,18,1
215162,12,4
215162,5,1
215163,1,5
215164,59,1
215164,71,6
215165,58,1
215165,37,1
215166,1,8
215166,2,1
215167,40,1
215168,99,2
215168,12,3
215168,5,1
215168,15,2
215169,28,8
215170,43,4
215171,107,1
215171,43,1
215171,4,1
215172,1,1
215172,66,6
215173,74,1
215173,45,2
215173,68,1
215173,13,1
215174,5,2
215174,103,2
215174,111,2
215174,80,1
215174,22,1
215175,3,1
215175,4,1
215175,30,1
215176,8,1
215176,16,1
215176,82,1
215176,44,3
215177,10,4
215177,18,1
215177,59,1
215177,84,1
215178,109,7
215179,114,2
215179,19,1
215179,84,1
215180,1,1
215181,80,2
215181,12,1
215181,53,2
215182,21,3
215183,51,4
215184,14,3
215185,112,1
215186,9,4
215186,60,1
215187,52,2
215188,88,1
215189,98,2
215189,117,1
215190,66,1
215190,41,1
215190,16,1
215190,23,1
215190,90,1
215191,8,2
215191,41,1
215191,43,1
215191,14,1
215192,3,1
215192,1,1
215192,51,2
215192,14,1
215193,34,3
215193,12,2
215194,64,1
215194,36,3
215194,45,3
215195,112,5
215195,66,1
215195,87,1
215196,24,1
215196,76,9
215197,73,5
215197,52,1
215197,15,2
215198,114,4
215198,14,2
215199,56,1
215200,48,4
215200,36,1
215200,111,2
215201,21,2
215201,3,1
215201,45,1
215202,11,2
215202,70,4
215203,27,2
215203,79,8
215204,6,11
215205,56,2
215205,2,4
215205,69,1
215206,45,7
215207,118,1
215208,51,5
215208,60,1
215208,14,1
215209,64,4
215210,8,7
215211,6,2
215211,95,2
215212,77,5
215213,48,2
215213,16,1
215213,19,1
215214,43,1
215214,13,1
215215,48,3
215215,29,2
215215,47,1
215216,36,10
215217,113,2
215217,94,4
215218,108,5
215218,44,3
215218,55,1
215219,104,3
215219,41,1
215219,43,1
215220,44,3
215220,52,1
215220,87,3
215221,16,1
215221,51,4
215222,2,7
215222,45,1
215222,46,1
215223,58,1
215223,54,7
215224,19,4
215224,38,2
215225,57,1
215225,3,2
215225,47,1
215226,29,1
215226,99,1
215226,85,1
215226,23,1
215227,3,3
215227,4,5
215228,54,4
215228,13,2
215228,110,1
215229,45,2
215230,57,1
215230,35,2
215230,43,1
215231,64,4
215231,20,1
215232,11,1
215233,89,8
215233,54,3
215234,110,4
215235,5,1
215235,75,1
215235,114,1
215235,21,1
215235,26,1
215236,115,1
215237,48,1
215237,61,1
215237,54,1
215238,104,4
215238,69,1
215239,49,2
215239,20,2
215240,116,3
215240,12,2
215240,4,1
215241,9,3
215241,55,1
215242,44,2
215242,54,4
215242,31,2
215243,115,1
215243,91,1
215243,54,1
215244,55,9
215245,84,6
215245,95,5
215246,28,1
215247,56,4
215247,20,1
215248,79,5
215249,18,1
215249,34,1
215249,2,1
215250,42,5
215250,43,1
215250,12,2
215250,48,1
215250,87,2
215251,72,5
215251,42,1
215251,52,2
215252,94,2
215253,1,2
215253,98,2
215253,13,1
215254,16,4
215254,82,4
215255,63,1
215255,15,1
215256,10,5
215257,49,5
215257,52,2
215258,2,4
215258,60,3
215259,57,10
215260,16,5
215260,65,2
215260,1,1
215261,70,1
215261,98,3
215261,12,1
215261,30,1
215262,70,2
215262,20,3
215262,5,2
215262,46,1
215263,67,1
215264,32,2
215264,42,1
215264,18,1
215264,55,1
215264,24,1
215265,81,4
215265,66,1
215265,33,2
215265,55,2
215266,32,1
215266,26,1
215266,78,1
215266,31,1
215267,26,1
215267,20,1
215268,80,1
215268,89,1
215268,35,4
215269,27,2
215269,30,6
215270,72,1
215270,16,3
215270,4,2
215270,110,1
215271,63,1
215271,45,5
215271,87,1
215272,3,3
215272,108,4
215273,17,2
215273,116,5
215273,31,1
215274,13,2
215275,96,6
215276,98,3
215276,13,2
215276,37,1
215277,10,7
215277,18,1
215277,109,1
215278,52,1
215278,46,2
215279,112,9
215280,60,2
215281,19,3
215281,98,2
215281,43,3
215282,10,3
215283,89,1
215283,86,1
215283,113,1
215284,89,1
215284,45,3
215284,49,2
215285,1,1
215286,70,5
215287,105,10
215288,19,1
215288,23,1
215289,111,5
215290,26,7
215291,5,3
215291,38,1
215291,55,2
215292,49,2
215292,45,4
215292,79,2
215293,45,4
215294,3,3
215294,46,2
215294,50,1
215294,119,1
215294,31,1
215295,29,3
215295,15,4
215296,38,5
215296,119,1
215297,57,5
215297,82,1
215297,13,1
215298,49,5
215298,60,1
215298,46,1
215298,68,1
215299,100,1
215299,29,1
215299,84,1
215300,111,6
215301,114,1
215301,107,1
215301,86,4
215302,18,2
215302,45,1
215302,15,2
215303,57,3
215303,53,5
215304,37,4
215304,30,3
215304,31,1
215305,47,7
215306,29,7
215307,65,2
215307,19,4
215307,113,1
215308,67,11
215309,69,1
215309,5,1
215309,86,1
215309,36,2
215310,40,7
215311,49,5
215312,120,1
215313,32,1
215313,48,2
215313,53,1
215313,93,1
215314,9,4
215314,46,1
215314,55,1
215315,115,2
215315,116,1
215316,18,1
215316,77,1
215316,55,5
215317,2,4
215317,99,6
215318,9,1
215318,86,1
215319,72,1
215319,117,1
215320,8,4
215320,14,1
215320,47,1
215320,17,1
215320,54,1
215321,120,2
215321,72,1
215321,21,1
215322,76,2
215322,54,2
215322,31,1
215323,48,2
215323,17,1
215323,52,1
215324,40,4
215324,52,4
215325,82,2
215325,106,1
215326,51,1
215327,48,1
215327,56,1
215327,12,2
215328,99,4
215328,5,6
215329,29,1
215330,65,1
215330,47,1
215330,49,1
215331,64,1
215331,106,1
215331,100,4
215332,98,1
215332,51,1
215332,53,5
215333,43,7
215334,55,2
215335,48,1
215335,86,3
215336,56,3
215336,43,2
215337,57,5
215337,28,5
215338,52,1
215339,52,4
215340,65,1
215340,113,1
215341,61,3
215342,8,2
215342,94,1
215342,44,1
215342,22,1
215343,25,1
215344,48,2
215344,77,1
215344,46,4
215345,38,6
215346,16,3
215347,62,2
215347,14,1
215348,11,3
215348,54,1
215348,23,2
215349,108,8
215349,110,1
215350,15,1
215351,35,1
215351,103,1
215352,49,1
215352,92,1
215353,54,2
215353,7,6
215354,56,2
215354,18,1
215354,115,2
215355,65,1
215355,34,1
215355,95,1
215356,2,5
215356,87,3
215357,42,1
215357,68,1
215357,114,2
215358,33,1
215359,54,7
215359,15,1
215360,20,6
215361,79,6
215362,56,1
215362,48,1
215363,52,1
215363,86,1
215363,55,1
215364,25,3
215364,58,1
215364,11,2
215364,85,1
215365,43,1
215365,59,1
215365,12,2
215366,26,9
215367,16,1
215367,5,1
215368,16,1
215368,114,1
215368,27,2
215368,28,1
215369,7,1
215370,15,1
215371,9,2
215371,52,1
215371,15,1
215372,49,4
215372,99,1
215372,13,1
215373,17,5
215374,32,1
215374,2,1
215374,98,1
215374,4,1
215374,15,3
215375,16,2
215375,10,2
215375,61,1
215376,25,1
215376,82,1
215376,70,2
215376,9,2
215377,55,7
215378,18,2
215378,60,1
215379,72,4
215379,46,2
215380,94,3
215380,59,1
215380,20,2
215380,54,1
215381,56,2
215381,115,4
215382,57,8
215383,1,1
215383,19,6
215384,83,1
215384,115,1
215384,20,2
215385,73,3
215385,21,2
215385,86,1
215385,17,2
215386,42,1
215386,59,1
215387,27,4
215387,59,1
215387,45,2
215388,37,1
215388,63,1
215389,16,1
215389,43,2
215389,19,1
215390,86,1
215390,39,7
215391,54,1
215392,81,1
215392,2,1
215392,3,1
215392,113,2
215393,20,6
215394,83,1
215394,13,1
215394,119,1
215395,50,1
215395,79,1
215396,115,2
215396,52,1
215397,49,2
215397,9,3
215398,33,5
215398,28,1
215398,12,1
215398,14,2
215399,38,2
215399,108,1
215399,45,1
215399,109,1
215399,15,1
215400,50,6
215401,51,1
215401,53,1
215401,118,1
215402,56,1
215403,109,2
215403,13,1
215403,14,2
215404,48,1
215404,8,1
215404,106,1
215404,51,1
215405,56,2
215405,94,2
215406,67,5
215406,101,3
215407,64,3
215408,50,2
215408,34,1
215409,114,4
215409,108,1
215410,5,7
215411,15,3
215411,79,1
215411,52,1
215411,23,2
215411,120,1
215412,101,1
215412,74,1
215412,76,1
215412,19,1
215412,93,1
215413,90,2
215413,50,2
215413,119,1
215414,66,1
215414,84,4
215415,9,6
215415,11,1
215415,78,1
215416,38,8
215417,8,8
215418,116,4
215418,4,3
215419,48,1
215419,92,1
215420,75,4
215420,86,2
215420,95,2
215421,68,1
215421,5,1
215421,15,1
215422,48,4
215422,55,1
215422,71,1
215423,5,2
215424,11,1
215424,84,1
215424,46,1
215425,40,1
215426,4,6
215427,46,1
215428,10,1
215429,57,1
215429,35,1
215429,25,1
215429,17,2
215430,88,1
215431,41,5
215431,50,3
215431,78,1
215431,15,1
215432,96,4
215433,19,1
215433,7,1
215433,15,1
215434,45,6
215434,13,1
215435,38,1
215435,55,3
215436,41,3
215436,19,2
215436,61,2
215437,40,1
215437,60,3
215437,6,1
215438,41,7
215438,109,1
215439,46,4
215440,18,1
215440,51,3
215440,4,1
215440,103,2
215441,29,1
215442,8,3
215442,1,1
215442,20,1
215443,46,1
215443,6,1
215444,89,1
215444,21,1
215444,1,1
215445,12,8
215445,93,1
215445,47,1
215446,39,8
215447,12,3
215448,46,1
215448,98,1
215448,19,1
215448,30,1
215449,10,2
215449,15,4
215449,48,2
215449,17,1
215449,19,1
215450,17,2
215450,42,1
215450,15,4
215451,56,9
215452,60,1
215452,38,7
215453,43,8
215454,21,3
215455,30,10
215456,9,5
215456,13,1
215456,87,2
215457,8,2
215457,42,1
215457,5,1
215457,29,1
215458,12,4
215458,44,1
215458,111,1
215459,34,1
215459,20,1
215459,50,1
215460,32,1
215460,34,2
215460,54,1
215461,49,2
215461,52,1
215461,117,2
215461,23,1
215462,40,6
215463,84,1
215463,54,1
215464,96,6
215464,60,1
215464,112,1
215465,76,3
215465,117,1
215466,73,2
215466,5,1
215466,21,4
215467,94,1
215467,52,4
215467,118,4
215468,32,1
215468,8,3
215469,1,1
215469,13,1
215469,30,1
215470,5,4
215471,59,8
215472,57,1
215472,19,1
215473,56,2
215473,105,4
215474,64,5
215474,100,1
215474,15,2
215475,69,2
215476,47,8
215477,41,1
215478,18,5
215478,51,1
215479,112,1
215479,66,1
215480,107,7
215481,28,1
215482,73,7
215482,114,1
215483,24,5
215483,2,2
215483,82,1
215484,40,1
215484,11,2
215484,47,1
215484,20,2
215484,60,1
215485,18,3
215485,11,3
215486,58,1
215486,27,1
215486,12,1
215487,24,1
215487,66,2
215488,10,5
215488,36,1
215488,92,2
215489,51,2
215489,114,1
215489,83,1
215489,117,1
215490,18,5
215490,12,4
215491,9,1
215491,50,1
215491,62,1
215492,27,1
215493,18,1
215493,42,2
215493,47,1
215494,54,4
215494,33,2
215494,3,1
215494,46,4
215495,105,2
215495,11,2
215495,101,3
215495,15,1
215496,43,2
215496,6,4
215497,70,4
215497,47,2
215497,6,1
215497,55,1
215498,18,1
215498,75,2
215499,116,2
215499,45,5
215499,62,2
215500,41,3
215500,43,2
215500,38,3
215501,59,1
215501,12,1
215501,6,1
215501,31,1
215502,8,2
215502,12,2
215502,37,1
215503,43,3
215503,115,1
215503,36,1
215503,62,1
215504,120,1
215504,56,1
215504,30,2
215505,89,1
215505,49,1
215505,27,1
215506,41,1
215506,82,5
215506,54,1
215507,67,1
215507,118,1
215508,36,3
215508,70,2
215508,52,2
215509,68,1
215509,15,1
215510,80,3
215510,54,2
215511,43,4
215512,101,8
215513,107,3
215514,106,1
215514,35,2
215514,92,1
215515,4,4
215515,85,1
215515,94,1
215516,112,1
215516,2,1
215516,3,1
215516,5,1
215517,40,3
215517,90,2
215517,22,1
215518,72,1
215518,10,1
215518,35,7
215518,5,2
215519,56,2
215520,90,2
215520,20,2
215520,94,1
215521,84,3
215521,55,4
215522,100,2
215522,60,6
215523,56,5
215523,13,1
215523,38,2
215524,26,1
215524,30,4
215525,6,3
215525,118,1
215525,55,1
215525,56,1
215525,26,1
215526,24,2
215526,42,1
215527,19,2
215527,36,9
215527,21,1
215527,86,2
215528,55,1
215529,49,1
215529,69,1
215530,112,2
215530,57,2
215530,71,2
215531,11,6
215531,45,3
215532,99,2
215532,14,2
215533,89,1
215533,90,5
215533,100,1
215534,112,5
215535,46,1
215536,81,1
215536,43,1
215536,101,1
215537,64,5
215537,77,3
215538,3,1
215538,91,1
215538,100,1
215539,105,1
215539,38,1
215539,119,1
215540,9,3
215540,57,2
215540,54,1
215540,119,3
215541,3,4
215541,19,3
215542,79,3
215542,53,2
215542,38,2
215542,55,2
215543,34,2
215543,59,1
215544,25,6
215544,2,1
215545,17,5
215545,70,3
215546,104,4
215546,56,4
215547,40,2
215547,59,3
215547,20,3
215548,3,1
215548,6,5
215549,11,5
215549,70,3
215550,112,3
215550,106,3
215551,97,1
215551,82,4
215551,37,3
215551,103,1
215552,88,1
215553,46,3
215554,2,1
215554,36,1
215555,49,3
215555,77,1
215556,33,6
215556,3,1
215556,42,1
215556,84,1
215556,60,1
215557,65,1
215557,20,2
215557,69,2
215557,44,1
215558,52,5
215558,101,3
215559,34,6
215560,24,10
215561,113,2
215561,54,2
215561,25,1
215562,16,1
215562,58,1
215562,14,1
215562,23,1
215563,99,1
215563,13,2
215563,15,2
215564,73,4
215564,105,1
215565,112,1
215565,75,1
215566,115,6
215566,3,1
215566,60,1
215567,43,1
215568,18,2
215568,94,1
215569,44,3
215569,14,3
215570,111,9
215571,26,5
215571,31,3
215572,40,1
215572,4,1
215572,52,3
215573,41,7
215573,2,2
215573,51,2
215574,16,4
215574,19,1
215574,53,1
215574,93,2
215575,34,6
215575,59,2
215576,40,1
215576,44,6
215577,60,6
215577,94,1
215578,60,6
215579,1,1
215579,53,1
215579,55,1
215580,65,3
215580,111,1
215581,112,1
215581,17,1
215581,68,3
215582,106,1
215583,16,5
215583,100,1
215583,54,1
215583,68,1
215584,33,1
215584,43,1
215584,70,1
215585,14,5
215586,2,2
215586,18,1
215586,14,2
215586,55,1
215587,13,4
215588,19,1
215588,76,1
215588,46,3
215588,63,1
215589,16,4
215589,73,3
215590,88,2
215590,116,1
215591,64,1
215591,96,1
215591,43,2
215591,15,1
215591,18,1
215592,45,5
215592,78,2
215593,24,2
215593,52,1
215593,21,2
215594,65,1
215594,27,4
215594,12,1
215594,78,2
215595,75,5
215595,60,1
215595,54,1
215596,57,1
215596,12,1
215596,44,1
215597,16,1
215598,56,2
215598,46,7
215599,19,1
215599,43,1
215599,117,1
215600,80,1
215601,20,1
215601,117,1
215601,38,1
215602,49,1
215602,29,2
215602,102,2
215603,17,1
215604,112,1
215604,9,1
215605,89,2
215605,43,5
215606,46,8
215607,56,2
215607,77,2
215608,24,6
215608,89,2
215609,91,1
215609,5,1
215609,38,1
215610,17,4
215610,55,2
215611,28,6
215612,53,3
215613,96,1
215613,104,1
215613,55,1
215614,24,1
215614,59,6
215615,58,2
215616,120,2
215616,20,6
215617,43,7
215617,20,2
215618,94,1
215619,41,1
215619,43,2
215619,15,2
215620,27,5
215620,78,3
215621,49,4
215621,42,2
215622,64,3
215622,41,1
215622,11,2
215622,13,1
215622,14,1
215623,11,1
215623,60,1
215624,57,1
215624,58,2
215624,29,2
215625,24,2
215625,65,4
215625,116,1
215625,22,1
215626,8,1
215626,50,1
215626,15,1
215627,17,1
215628,58,1
215628,19,4
215628,14,1
215629,4,1
215629,109,1
215629,116,1
215629,20,1
215629,84,2
215630,120,2
215630,21,2
215631,44,3
215631,87,2
215632,17,1
215632,26,2
215632,35,1
215633,96,1
215633,81,1
215633,2,1
215633,8,1
215634,11,8
215635,4,4
215635,55,1
215636,43,4
215636,60,3
215636,79,1
215637,75,3
215637,91,1
215637,108,1
215637,117,1
215638,7,4
215638,10,1
215638,11,1
215638,21,1
215638,53,1
215639,112,1
215639,45,1
215639,29,1
215640,59,1
215641,68,1
215642,2,4
215642,42,2
215642,11,1
215642,6,1
215643,35,1
215644,112,1
215644,1,2
215644,50,2
215644,99,4
215645,92,3
215646,53,1
215646,5,1
215647,37,2
215647,110,3
215648,16,1
215648,50,1
215648,99,1
215649,49,3
215649,23,2
215649,63,2
215650,104,1
215650,55,6
215651,75,6
215652,33,6
215653,10,1
215653,27,1
215653,12,1
215654,34,3
215654,83,4
215654,5,1
215655,9,2
215655,20,4
215655,13,1
215656,65,3
215656,19,2
215656,51,3
215657,15,1
215657,94,1
215657,79,2
215658,70,5
215658,15,1
215658,18,1
215658,85,1
215658,94,1
215659,41,3
215659,15,1
215660,53,8
215661,17,5
215661,4,1
215662,3,4
215663,105,3
215663,43,1
215663,54,1
215664,93,5
215664,7,3
215665,20,1
215666,17,1
215666,101,2
215666,119,1
215667,80,2
215667,110,1
215667,14,1
215668,57,2
215668,29,1
215668,70,1
215669,68,1
215669,71,3
215670,19,1
215671,3,1
215671,11,2
215671,101,1
215671,71,1
215672,64,1
215672,70,1
215673,46,1
215674,65,1
215674,117,1
215674,63,1
215675,110,2
215675,55,2
215676,88,4
215676,25,2
215676,50,2
215677,17,3
215677,82,2
215678,17,1
215678,42,1
215678,19,1
215678,9,2
215679,16,2
215679,5,5
215680,82,5
215680,52,3
215681,105,5
215681,42,3
215682,1,1
215682,2,1
215682,51,2
215682,14,1
215683,50,3
215683,45,1
215683,110,1
215684,66,3
215684,2,5
215685,48,2
215685,73,1
215685,52,1
215686,2,4
215686,28,2
215687,73,2
215687,42,2
215687,101,2
215688,78,7
215689,16,6
215689,75,1
215690,57,6
215690,9,1
215691,61,1
215692,10,1
215692,67,1
215693,96,1
215693,66,1
215693,21,1
215694,36,1
215695,48,1
215695,51,1
215695,60,4
215695,20,1
215696,112,4
215696,52,5
215697,29,2
215697,86,1
215697,71,2
215698,37,2
215699,24,1
215699,89,1
215699,116,1
215699,4,1
215700,2,1
215701,105,1
215701,53,1
215701,62,2
215701,7,2
215702,56,10
215702,41,1
215703,74,5
215703,60,3
215703,22,1
215704,49,5
215704,74,2
215704,91,1
215704,41,2
215705,99,4
215705,37,1
215705,55,2
215706,69,7
215707,36,2
215707,41,1
215707,26,1
215707,59,1
215707,92,1
215708,3,2
215708,7,1
215708,10,2
215708,42,1
215708,14,1
215709,89,1
215709,119,3
215710,42,1
215711,113,2
215711,18,1
215711,1,1
215711,23,1
215712,28,2
215712,20,3
215712,13,1
215713,101,2
215713,42,1
215713,79,3
215713,49,1
215713,28,1
215714,32,4
215714,39,2
215715,22,5
215716,11,1
215717,50,1
215717,51,1
215717,109,1
215717,94,1
215718,5,1
215718,55,4
215719,72,3
215719,70,1
215720,59,1
215720,28,2
215721,120,5
215721,17,1
215721,58,1
215721,54,1
215722,88,3
215723,78,1
215724,22,9
215725,1,4
215725,115,1
215725,76,3
215726,33,1
215726,44,1
215726,102,2
215727,49,4
215728,8,6
215728,91,2
215729,41,1
215730,78,4
215731,66,1
215731,14,1
215731,47,1
215732,82,1
215732,53,1
215733,17,1
215733,18,1
215733,21,1
215733,25,1
215734,18,3
215734,58,3
215734,34,1
215735,73,2
215735,83,1
215736,32,1
215736,13,1
215736,52,1
215736,57,1
215736,91,1
215737,12,1
215737,13,2
215737,36,1
215738,2,6
215738,117,1
215739,35,3
215740,10,2
215740,109,2
215740,22,1
215740,60,1
215740,61,1
215741,23,5
215742,36,1
215742,15,2
215743,41,3
215743,114,1
215743,53,2
215744,5,2
215744,37,1
215744,85,4
215745,8,1
215745,55,1
215745,14,1
215745,22,1
215746,7,1
215746,8,3
215746,10,1
215746,17,1
215746,26,1
215747,42,1
215748,2,5
215748,23,2
215749,40,2
215749,9,1
215749,20,3
215749,55,2
215750,9,2
215750,43,5
215751,57,1
215751,10,2
215751,99,1
215752,50,1
215753,35,2
215753,28,1
215753,68,1
215754,111,1
215755,36,3
215755,29,1
215755,47,5
215756,32,1
215756,42,3
215757,41,8
215758,60,1
215759,64,5
215759,95,1
215760,64,8
215760,75,1
215760,45,1
215761,59,1
215761,29,1
215762,9,1
215762,11,2
215763,96,2
215763,11,1
215763,44,6
215764,9,5
215764,51,2
215764,45,1
215765,9,3
215766,82,1
215766,13,1
215766,7,1
215767,59,4
215767,116,3
215768,115,1
215768,107,2
215768,52,3
215769,57,2
215769,43,2
215770,81,2
215770,110,3
215771,42,5
215771,46,3
215772,48,2
215772,37,1
215772,60,1
215772,69,1
215773,18,1
215774,120,2
215774,74,2
215774,42,4
215775,1,1
215775,59,3
215776,3,5
215776,109,3
215777,8,2
215777,57,1
215777,27,1
215777,15,2
215778,1,1
215779,108,2
215779,36,1
215779,52,4
215780,43,4
215781,81,1
215781,98,5
215781,109,1
215781,49,1
215782,48,8
215782,81,1
215782,5,1
215783,30,3
215783,71,1
215784,49,9
215785,70,1
215786,60,5
215787,114,1
215787,116,2
215787,6,3
215788,90,1
215788,84,1
215788,52,1
215788,7,1
215789,27,7
215789,14,1
215790,117,1
215790,87,1
215791,100,1
215791,117,2
215791,30,1
215792,89,7
215792,99,1
215792,100,1
215792,93,2
215793,40,2
215793,97,1
215793,5,1
215794,100,4
215795,86,1
215795,47,3
215796,98,1
215796,45,1
215796,13,1
215796,15,1
215797,40,1
215798,10,5
215798,95,2
215799,115,2
215800,98,2
215800,116,7
215801,55,2
215802,16,3
215802,43,2
215802,85,1
215803,45,1
215803,37,1
215804,75,3
215804,37,1
215805,59,3
215805,52,1
215805,23,1
215806,9,4
215806,18,4
215807,81,1
215808,42,2
215808,2,3
215808,45,1
215808,14,2
215809,36,2
215809,5,5
215809,44,1
215810,49,1
215810,3,1
215811,43,5
215811,93,2
215812,48,2
215812,101,4
215812,27,1
215812,85,1
215813,41,4
215814,72,2
215814,18,3
215814,85,1
215814,98,1
215815,34,3
215815,42,1
215815,63,2
215816,49,1
215816,19,1
215817,10,7
215818,96,1
215818,98,1
215818,18,1
215818,36,1
215819,37,8
215820,11,1
215820,17,2
215820,27,1
215821,1,4
215821,66,2
215821,22,3
215822,88,9
215822,58,1
215823,113,5
215823,78,1
215823,94,2
215824,12,2
215824,13,2
215825,42,6
215825,99,2
215825,15,3
215826,60,2
215826,45,6
215827,98,1
215827,62,3
215827,47,3
215828,56,2
215828,60,1
215828,14,1
215829,77,1
215830,18,4
215830,35,1
215830,54,1
215831,66,1
215831,44,2
215831,5,3
215831,79,3
215832,37,1
215833,44,1
215834,12,3
215834,84,5
215835,17,3
215835,78,4
215836,72,6
215837,81,2
215837,105,2
215837,3,2
215837,19,1
215838,64,4
215838,44,3
215839,105,1
215839,54,2
215840,5,7
215841,20,1
215841,45,1
215841,30,1
215842,52,1
215842,53,1
215842,70,5
215843,90,2
215843,94,1
215844,80,5
215844,37,1
215844,14,1
215845,61,3
215845,62,4
215846,65,1
215846,28,1
215847,65,3
215848,82,1
215848,102,1
215848,7,1
215849,109,2
215849,47,4
215850,24,1
215850,97,1
215850,90,1
215851,12,6
215851,86,1
215852,12,1
215852,23,3
215853,17,2
215853,69,2
215853,77,2
215854,75,3
215854,94,3
215855,2,5
215856,32,1
215856,52,1
215857,26,1
215857,10,3
215858,65,6
215859,25,7
215860,41,1
215860,114,3
215860,46,2
215861,5,1
215862,48,4
215862,9,4
215863,111,7
215864,70,1
215864,14,6
215865,9,3
215865,107,1
215865,13,1
215865,92,1
215865,29,1
215866,77,1
215866,30,4
215867,43,6
215867,19,2
215867,117,1
215867,7,1
215868,4,2
215868,6,5
215869,84,6
215869,101,2
215870,88,2
215870,115,4
215870,50,3
215870,10,1
215871,96,6
215872,8,8
215873,8,5
215873,59,2
215873,43,1
215873,45,1
215874,9,2
215874,86,5
215875,73,4
215875,110,1
215875,38,1
215875,17,1
215876,105,3
215876,100,2
215876,47,2
215877,43,7
215878,33,2
215878,100,1
215878,38,1
215878,39,1
215878,62,1
215879,1,3
215879,58,1
215879,102,1
215880,35,7
215880,102,1
215881,48,3
215881,1,1
215881,54,1
215882,118,1
215883,34,1
215883,53,1
215884,52,1
215885,112,3
215885,26,2
215885,11,1
215886,48,3
215887,66,1
215887,53,1
215887,118,1
215888,54,2
215889,49,4
215890,16,1
215890,73,5
215890,27,3
215891,107,4
215891,20,5
215892,51,2
215892,30,2
215893,3,2
215893,51,1
215893,18,1
215893,43,1
215894,59,1
215895,48,1
215895,26,1
215895,59,3
215895,52,2
215896,1,1
215896,43,1
215896,20,1
215896,23,1
215897,17,6
215897,61,1
215897,23,1
215898,4,3
215899,33,3
215899,2,1
215900,56,4
215900,16,2
215900,6,1
215901,19,1
215901,69,1
215901,118,1
215901,31,1
215902,82,8
215903,17,1
215903,71,1
215904,43,4
215904,58,1
215904,11,1
215905,108,2
215906,55,2
215907,16,5
215907,11,8
215908,8,1
215909,85,5
215910,58,1
215910,42,6
215911,13,6
215911,59,1
215911,53,1
215912,100,3
215912,6,2
215913,11,1
215913,50,1
215913,18,7
215914,43,2
215914,45,1
215914,14,1
215914,79,1
215914,20,2
215915,4,3
215915,23,8
215916,18,1
215916,29,1
215916,14,3
215917,25,1
215918,32,2
215918,27,1
215918,78,4
215919,92,8
215920,102,6
215921,112,6
215922,57,2
215922,38,1
215922,111,1
215923,80,3
215924,113,9
215925,4,2
215925,29,4
215925,47,2
215926,32,8
215927,40,8
215928,90,1
215928,107,1
215929,17,3
215930,19,3
215930,38,2
215931,19,5
215931,85,2
215932,118,4
215932,55,1
215933,47,1
215934,99,3
215935,105,1
215935,37,3
215936,58,2
215936,84,1
215936,23,2
215937,44,2
215937,46,3
215938,48,2
215938,98,1
215938,36,1
215939,105,1
215940,88,1
215940,1,2
215940,50,1
215940,30,1
215941,112,1
215941,16,1
215941,13,1
215942,13,1
215943,8,3
215943,116,1
215943,7,4
215944,92,1
215944,31,2
215945,9,4
215945,20,1
215945,70,1
215945,44,1
215946,16,2
215946,73,2
215946,47,1
215947,52,3
215947,46,3
215948,41,2
215948,100,7
215949,88,5
215949,54,1
215949,46,2
215949,39,1
215950,86,1
215950,45,1
215950,85,1
215950,110,1
215951,27,6
215951,35,1
215951,43,1
215952,93,3
215953,52,7
215953,14,1
215954,57,1
215954,45,3
215954,30,1
215954,55,2
215955,113,2
215956,107,7
215957,42,5
215958,51,2
215958,83,5
215959,22,7
215960,57,3
215960,27,1
215960,4,1
215960,52,1
215961,64,4
215961,1,2
215961,66,1
215961,5,1
215962,50,2
215962,59,1
215962,21,3
215963,2,9
215964,80,2
215964,98,1
215965,7,1
215965,42,3
215965,18,1
215965,114,1
215965,31,1
215966,13,1
215966,38,2
215967,40,1
215967,33,3
215967,28,5
215968,72,1
215968,57,1
215968,108,1
215968,69,1
215969,36,5
215970,24,2
215970,39,2
215971,13,2
215971,61,1
215972,113,1
215973,48,4
215973,53,2
215974,48,1
215974,9,1
215974,43,1
215974,47,1
215975,11,2
215975,47,3
215976,57,1
215976,50,2
215976,20,1
215976,70,1
215977,74,4
215977,58,3
215977,44,5
215978,56,3
215978,5,5
215979,25,1
215979,3,1
215980,57,2
215980,60,1
215981,57,2
215981,61,3
215982,73,8
215983,97,7
215983,14,3
215984,77,1
215985,91,1
215985,46,1
215986,98,1
215986,75,1
215987,55,8
215988,16,1
215988,59,1
215988,7,1
215989,76,4
215989,15,2
215990,21,8
215991,10,3
215991,118,2
215991,35,2
215991,102,1
215992,54,8
215993,106,1
215993,52,2
215994,8,2
215994,57,1
215994,93,1
215994,54,1
215995,56,2
215995,20,2
215995,47,3
215996,38,1
215997,18,1
215997,2,2
215997,54,2
215998,16,1
215998,56,3
215998,21,4
215998,47,2
215999,18,1
215999,70,1
216000,85,4
216001,57,4
216001,58,2
216002,12,4
216002,54,3
216002,63,1
216003,8,1
216003,67,1
216003,63,1
216004,120,1
216004,11,1
216004,93,1
216004,45,1
216005,113,7
216005,60,1
216006,120,5
216006,33,2
216006,10,1
216007,102,11
216008,8,2
216008,1,3
216008,107,2
216009,51,1
216009,46,1
216009,47,1
216010,32,1
216010,49,3
216010,54,2
216011,48,7
216012,76,1
216013,48,4
216013,105,2
216013,81,1
216013,22,2
216014,65,1
216014,57,6
216015,14,10
216016,20,5
216016,14,3
216017,71,5
216017,16,2
216017,113,1
216017,49,1
216017,31,1
216018,56,3
216018,100,2
216019,38,1
216019,54,3
216020,26,2
216020,115,1
216020,47,2
216021,57,1
216021,68,4
216022,88,2
216022,41,1
216022,13,1
216023,4,1
216023,6,2
216023,16,2
216023,17,2
216023,54,1
216024,84,5
216024,55,1
216024,14,1
216024,47,1
216025,8,2
216025,17,1
216025,25,2
216026,105,2
216026,68,1
216026,54,1
216026,36,1
216027,10,1
216027,60,2
216028,51,6
216029,32,3
216029,65,1
216029,39,2
216029,9,1
216029,62,1
216030,78,5
216030,55,3
216031,49,1
216031,109,1
216031,62,1
216032,115,8
216033,24,3
216033,27,1
216033,53,1
216033,86,1
216034,33,1
216034,103,1
216034,12,1
216034,110,1
216034,93,1
216035,88,1
216035,43,1
216035,55,1
216036,48,1
216036,20,1
216037,12,3
216037,6,1
216038,82,1
216038,34,2
216038,47,2
216039,32,4
216039,59,4
216040,28,1
216040,13,1
216040,94,1
216040,31,1
216041,18,11
216042,45,4
216042,94,1
216043,18,1
216043,12,3
216043,87,2
216044,21,8
216045,67,2
216045,20,1
216045,37,1
216046,116,1
216047,104,4
216047,11,2
216047,13,2
216047,18,1
216047,90,1
216048,34,9
216048,39,2
216049,33,2
216049,22,2
216050,50,2
216050,110,8
216051,38,1
216051,95,7
216052,44,7
216053,47,1
216054,50,1
216054,51,1
216055,37,1
216055,63,3
216056,11,8
216057,48,1
216057,17,1
216057,95,1
216057,7,1
216058,6,1
216059,82,2
216059,35,1
216059,45,1
216060,1,4
216060,70,1
216061,1,1
216061,98,4
216062,49,4
216062,45,2
216063,53,1
216064,24,4
216064,9,2
216064,93,2
216064,6,1
216065,26,2
216065,4,4
216066,43,1
216066,62,1
216067,119,8
216068,112,5
216068,32,3
216069,81,1
216069,1,1
216070,50,6
216070,18,1
216070,111,1
216071,15,6
216072,19,1
216072,31,7
216073,20,3
216073,4,5
216074,48,3
216074,50,1
216074,69,1
216075,97,9
216075,34,2
216076,8,2
216077,48,7
216078,56,1
216078,38,1
216078,71,1
216078,103,2
216079,42,3
216079,19,1
216080,106,1
216080,116,1
216080,22,2
216081,114,2
216081,43,2
216082,66,10
216083,59,1
216083,11,1
216083,102,1
216084,60,2
216085,28,8
216085,23,1
216086,20,8
216087,65,1
216087,7,2
216087,72,1
216087,13,1
216087,114,1
216088,46,1
216089,57,4
216090,85,3
216091,32,4
216091,46,2
216092,2,5
216092,67,1
216092,109,2
216093,19,2
216093,89,1
216093,43,1
216094,43,3
216094,45,5
216094,7,1
216095,1,3
216096,9,4
216096,42,3
216097,118,1
216097,54,1
216098,46,3
216098,94,1
216099,120,2
216099,58,1
216099,54,1
216100,37,4
216100,110,5
216101,60,1
216101,30,1
216101,6,2
216102,2,1
216102,52,3
216103,110,1
216103,92,1
216103,117,1
216103,22,1
216104,115,2
216104,99,2
216104,12,1
216105,27,4
216105,4,1
216105,54,3
216106,35,1
216106,47,5
216106,39,2
216107,44,2
216107,29,2
216107,23,2
216108,9,1
216108,68,1
216109,8,1
216109,25,2
216110,7,2
216111,58,5
216112,21,11
216113,106,2
216113,49,1
216113,52,1
216113,86,1
216113,22,1
216114,64,1
216114,97,1
216114,14,1
216114,117,1
216114,91,1
216115,41,5
216115,55,4
216116,52,1
216116,54,3
216117,59,3
216118,17,1
216118,99,1
216118,116,2
216118,15,1
216119,108,5
216119,77,2
216120,73,2
216120,62,1
216121,34,2
216121,44,1
216122,11,1
216122,5,1
216122,110,1
216123,18,1
216123,3,1
216123,95,3
216124,70,1
216124,105,1
216124,13,1
216124,57,1
216124,30,1
216125,114,2
216125,68,1
216125,85,1
216126,13,2
216126,6,2
216127,62,1
216127,14,1
216128,34,4
216129,104,2
216129,8,1
216129,11,1
216129,18,1
216129,26,1
216130,69,2
216130,77,3
216130,46,1
216130,47,1
216130,16,1
216131,68,4
216131,21,3
216131,52,3
216132,59,4
216132,76,1
216132,110,1
216132,55,1
216133,9,2
216133,13,2
216134,59,7
216135,106,1
216135,76,1
216136,16,2
216136,106,4
216137,22,5
216138,104,1
216139,34,2
216139,12,1
216139,113,1
216139,49,1
216139,120,1
216140,1,3
216140,82,1
216140,61,1
216141,26,2
216141,59,5
216141,77,4
216142,57,4
216143,96,3
216143,50,4
216143,5,1
216143,37,2
216144,105,3
216144,92,1
216144,15,1
216145,17,1
216146,43,8
216146,45,3
216146,6,2
216147,113,8
216148,17,7
216148,21,1
216149,100,2
216150,8,6
216151,9,2
216151,52,3
216151,113,1
216152,64,4
216152,101,1
216153,2,3
216154,40,1
216154,84,3
216154,13,2
216154,6,2
216155,57,2
216155,77,2
216155,113,1
216155,15,1
216156,49,1
216157,42,1
216158,64,5
216159,53,4
216160,24,7
216161,64,2
216161,38,3
216161,11,1
216161,89,1
216161,90,1
216162,114,2
216162,11,3
216162,36,6
216163,46,3
216163,55,2
216164,82,4
216164,6,2
216164,39,2
216165,59,4
216165,13,4
216166,56,3
216166,25,1
216166,44,1
216167,31,2
216168,33,4
216168,53,1
216168,109,2
216169,23,8
216170,57,1
216171,8,3
216171,107,2
216172,35,5
216172,50,1
216172,59,2
216173,48,2
216173,42,3
216173,90,1
216174,19,5
216175,115,10
216176,81,6
216176,18,1
216177,82,1
216177,19,1
216178,108,6
216178,2,2
216178,4,1
216179,15,10
216180,59,8
216180,101,2
216181,48,2
216181,41,3
216181,58,1
216181,6,1
216182,56,2
216182,5,2
216183,52,2
216183,15,3
216184,59,5
216184,44,1
216185,13,1
216185,108,1
216185,45,2
216185,63,2
216186,53,2
216187,18,2
216187,67,1
216187,6,1
216188,47,5
216189,49,2
216189,58,2
216189,29,2
216189,46,1
216190,11,6
216190,41,1
216190,82,1
216190,10,1
216191,34,6
216191,22,3
216192,83,1
216192,47,1
216193,65,3
216193,46,4
216194,79,8
216195,64,4
216195,9,1
216195,5,1
216195,21,1
216196,43,3
216196,4,5
216197,5,6
216198,32,3
216198,49,1
216198,61,1
216198,54,1
216199,90,7
216200,118,3
216200,111,2
216201,100,4
216201,116,1
216201,85,1
216201,111,2
216202,18,4
216202,101,2
216202,93,1
216202,86,1
216203,13,1
216204,102,1
216205,10,1
216205,37,2
216206,107,1
216206,51,2
216206,100,1
216207,41,8
216208,48,5
216208,90,1
216208,2,2
216209,51,4
216209,21,1
216210,2,1
216210,60,1
216210,13,3
216211,42,1
216211,118,1
216211,22,1
216212,105,1
216213,32,5
216213,46,3
216214,65,1
216214,75,2
216215,11,2
216216,48,1
216216,16,1
216216,83,1
216216,53,1
216217,116,1
216217,53,2
216217,31,2
216218,20,1
216218,76,1
216218,63,1
216218,7,1
216219,43,2
216220,73,5
216220,10,2
216221,36,6
216222,115,1
216222,52,5
216222,4,2
216223,10,1
216223,3,1
216224,60,1
216225,38,2
216226,88,1
216227,15,4
216228,16,1
216228,90,2
216228,54,1
216229,112,4
216229,96,3
216229,85,1
216230,19,7
216230,17,2
216230,83,2
216231,56,1
216231,19,1
216231,12,1
216231,53,1
216232,91,5
216233,19,3
216233,15,1
216234,35,6
216235,62,1
216235,10,2
216235,102,4
216236,41,1
216236,74,1
216236,7,1
216237,28,4
216237,23,2
216238,112,3
216238,114,2
216239,90,2
216239,2,1
216239,68,1
216240,46,4
216240,59,1
216240,12,1
216240,86,1
216241,19,7
216242,77,5
216242,46,3
216243,24,4
216243,35,3
216243,51,1
216244,11,4
216245,9,4
216245,15,1
216246,42,3
216246,50,1
216246,114,1
216246,52,1
216246,54,1
216247,104,1
216247,45,4
216247,62,1
216248,42,4
216248,19,1
216249,80,4
216249,77,3
216250,56,6
216250,81,1
216251,81,4
216252,24,1
216252,11,1
216253,117,3
216253,6,1
216254,55,4
216255,1,3
216255,4,1
216256,64,5
216256,10,1
216256,53,1
216256,5,1
216257,56,9
216258,11,11
216259,74,8
216260,32,1
216260,60,2
216261,41,2
216261,42,1
216261,28,3
216262,107,4
216262,79,5
216263,81,3
216263,17,1
216263,28,1
216264,8,3
216264,51,4
216265,117,10
216266,25,5
216266,92,1
216266,95,1
216267,113,7
216267,52,1
216268,24,9
216268,98,1
216268,80,1
216269,36,2
216269,55,2
216270,36,6
216271,32,5
216271,35,1
216272,67,2
216272,108,1
216272,52,1
216273,88,7
216273,101,3
216274,31,2
216274,53,1
216274,47,1
216275,51,1
216275,30,5
216275,39,2
216276,113,2
216276,74,2
216277,8,1
216277,1,1
216277,48,1
216277,11,1
216278,2,1
216278,43,1
216279,64,4
216279,17,3
216279,96,1
216280,45,5
216280,46,4
216281,41,2
216281,80,1
216281,55,1
216281,120,1
216281,58,1
216282,10,1
216282,19,1
216283,8,1
216283,57,1
216283,51,1
216283,101,1
216284,105,1
216284,60,5
216285,30,1
216286,24,7
216286,76,3
216287,102,3
216287,104,1
216287,11,2
216287,54,1
216287,58,1
216288,82,3
216288,60,5
216289,48,1
216290,75,1
216290,5,1
216291,41,1
216291,27,2
216291,116,1
216292,112,3
216292,26,3
216292,92,1
216292,103,2
216293,26,1
216293,20,1
216293,14,2
216294,26,1
216294,43,1
216294,5,1
216295,66,2
216295,42,1
216296,10,2
216296,3,5
216297,12,8
216298,44,1
216298,53,2
216298,110,2
216299,10,1
216299,3,1
216299,12,1
216300,64,1
216300,7,1
216300,31,3
216301,13,10
216302,120,5
216302,73,2
216302,7,3
216303,77,4
216303,14,3
216304,104,1
216304,83,1
216304,71,1
216305,120,3
216305,58,2
216306,20,3
216307,45,1
216307,46,6
216308,16,1
216308,12,6
216309,32,4
216309,58,1
216309,7,1
216310,73,2
216310,89,1
216310,70,1
216311,40,3
216311,9,2
216311,98,1
216311,43,1
216312,18,2
216312,28,1
216312,55,2
216313,42,2
216314,108,1
216314,68,1
216315,9,1
216315,79,6
216316,41,1
216316,23,1
216317,98,4
216317,51,3
216318,10,1
216319,35,4
216320,50,1
216320,43,1
216320,45,1
216321,47,11
216322,43,5
216322,7,3
216323,51,5
216324,19,5
216324,46,3
216325,31,2
216326,16,3
216326,1,3
216326,118,1
216326,62,1
216327,67,5
216327,43,1
216327,71,1
216328,25,1
216328,50,1
216328,42,1
216328,17,1
216329,46,6
216330,72,7
216331,9,1
216331,19,1
216331,116,1
216331,20,1
216331,23,1
216332,25,2
216332,4,3
216332,41,1
216333,57,4
216333,115,2
216334,56,5
216334,26,1
216334,52,1
216335,29,6
216336,42,1
216336,19,1
216337,100,1
216338,92,1
216339,14,7
216339,63,1
216340,48,3
216340,57,1
216340,77,1
216340,95,1
216341,41,4
216341,10,1
216341,101,2
216342,102,2
216342,60,1
216342,12,1
216342,54,1
216343,5,1
216343,101,3
216344,35,1
216344,5,1
216344,9,1
216344,43,1
216344,19,2
216345,54,1
216345,98,1
216345,14,3
216346,34,1
216346,13,4
216346,117,2
216346,89,1
216346,25,1
216347,91,2
216347,19,2
216347,60,4
216348,100,5
216349,88,1
216349,35,1
216349,94,1
216350,118,8
216351,24,4
216351,49,1
216352,48,3
216352,1,1
216352,31,1
216353,43,4
216353,77,1
216354,57,2
216354,12,1
216355,43,3
216355,15,4
216356,67,4
216357,108,4
216358,109,1
216359,36,4
216359,46,2
216359,95,2
216360,24,3
216360,47,1
216361,41,1
216361,44,1
216361,31,3
216362,105,3
216362,86,8
216363,11,5
216364,19,8
216365,87,1
216365,15,1
216366,42,5
216367,63,8
216368,105,4
216369,72,3
216369,41,1
216369,61,1
216369,6,1
216370,57,2
216370,12,6
216370,70,1
216371,24,2
216371,18,1
216371,117,1
216372,97,1
216372,4,2
216372,100,1
216372,12,1
216373,42,4
216373,12,1
216373,29,2
216374,14,1
216375,73,2
216375,98,2
216375,4,1
216375,102,1
216376,104,1
216376,1,1
216376,90,1
216376,27,1
216377,44,10
216378,25,1
216378,76,1
216378,93,1
216379,120,4
216379,81,4
216380,49,6
216381,15,7
216382,32,1
216382,49,1
216382,43,4
216382,6,2
216383,24,1
216384,6,1
216384,47,6
216385,90,1
216385,82,1
216385,94,1
216386,116,1
216387,4,2
216387,7,2
216388,35,7
216389,44,8
216390,91,3
216391,39,1
216391,46,3
216391,16,1
216391,26,1
216391,94,1
216392,81,3
216392,39,5
216393,4,1
216393,14,1
216394,106,1
216394,34,2
216395,11,4
216395,12,1
216396,59,1
216396,116,3
216397,25,5
216397,101,1
216397,47,1
216398,56,6
216398,53,2
216399,74,3
216399,61,5
216399,46,3
216399,87,1
216400,16,5
216401,83,3
216401,45,1
216401,55,2
216402,18,1
216402,111,4
216403,11,7
216403,69,1
216403,45,1
216404,60,1
216404,37,1
216405,6,2
216406,42,1
216406,5,1
216406,55,1
216407,45,6
216407,12,1
216407,109,1
216408,90,1
216409,87,7
216410,24,3
216411,109,3
216411,7,3
216412,112,3
216412,45,1
216413,9,9
216414,115,1
216414,75,2
216415,57,1
216415,110,3
216416,116,1
216417,98,2
216417,36,4
216417,69,1
216417,6,1
216418,6,1
216418,79,1
216419,12,2
216419,13,1
216419,16,2
216419,17,1
216419,90,1
216420,24,5
216420,13,1
216421,6,2
216421,49,1
216421,50,1
216421,52,1
216421,95,1
216422,67,4
216422,22,4
216423,17,3
216423,19,2
216423,5,1
216424,3,5
216424,4,1
216424,86,1
216424,103,2
216425,69,1
216425,30,6
216426,56,2
216426,9,6
216427,49,1
216427,100,2
216427,63,1
216428,58,1
216428,26,1
216429,44,2
216429,54,1
216430,108,2
216430,46,1
216431,80,3
216431,8,10
216432,20,4
216432,46,4
216433,1,1
216433,85,1
216433,46,1
216433,103,1
216434,1,1
216434,66,3
216434,12,2
216434,79,1
216434,54,1
216435,57,2
216435,114,3
216436,72,2
216437,71,9
216438,12,8
216439,2,3
216439,29,2
216440,35,1
216440,43,2
216440,45,1
216440,57,1
216440,95,1
216441,84,3
216441,39,4
216442,35,1
216442,60,1
216442,5,1
216443,49,1
216443,36,2
216444,48,7
216445,33,1
216445,38,1
216445,13,1
216445,82,1
216445,24,1
216446,8,1
216446,41,2
216447,28,6
216448,48,7
216448,41,1
216448,101,1
216449,25,3
216449,18,1
216449,51,1
216449,86,2
216450,11,1
216450,4,1
216450,92,1
216451,11,2
216451,69,2
216451,14,4
216452,65,3
216453,74,2
216453,11,2
216453,50,2
216453,54,1
216454,99,3
216454,53,1
216454,22,1
216454,55,1
216455,60,1
216455,23,5
216456,11,5
216456,32,1
216456,115,2
216456,31,1
216457,18,3
216457,59,1
216457,86,1
216458,5,4
216458,118,1
216459,60,4
216459,53,1
216460,53,4
216461,36,2
216461,5,1
216461,6,1
216461,7,1
216461,12,1
216462,18,1
216463,94,10
216464,42,2
216464,75,1
216464,54,1
216464,58,1
216464,29,1
216465,26,7
216465,18,1
216465,52,1
216465,46,1
216466,55,1
216466,102,1
216466,79,1
216467,42,1
216467,35,1
216468,56,1
216468,52,1
216468,94,1
216468,55,1
216469,9,1
216469,44,3
216469,37,2
216469,54,1
216470,32,1
216470,9,3
216470,42,1
216470,49,1
216470,21,1
216471,25,1
216471,67,1
216471,43,1
216471,5,1
216472,42,2
216473,11,2
216473,71,2
216474,96,1
216474,113,1
216475,61,1
216476,104,2
216476,105,1
216476,42,1
216476,43,1
216477,1,2
216477,26,5
216477,19,1
216477,38,1
216478,58,1
216478,29,1
216479,49,5
216479,18,4
216479,61,1
216480,16,1
216480,114,2
216480,74,1
216480,15,4
216481,18,3
216482,41,2
216482,77,4
216483,92,6
216483,70,2
216484,56,1
216484,27,1
216484,20,1
216485,74,1
216486,43,2
216486,6,2
216486,7,1
216487,16,1
216487,24,5
216487,92,1
216487,69,1
216488,25,1
216488,74,1
216488,62,1
216489,101,4
216490,48,5
216490,50,1
216491,113,1
216491,90,4
216491,6,1
216491,22,3
216492,12,4
216493,16,1
216493,65,1
216493,48,1
216493,52,1
216494,120,1
216494,114,1
216494,80,1
216494,69,1
216495,81,2
216495,4,1
216496,53,1
216497,104,1
216497,50,1
216497,45,1
216498,89,1
216498,34,1
216498,12,1
216498,38,1
216499,112,3
216500,8,8
216500,25,2
216500,42,1
216501,2,1
216501,34,1
216501,13,1
216502,42,1
216502,108,1
216503,57,2
216503,44,2
216503,55,4
216504,32,1
216504,49,1
216504,90,1
216504,109,2
216505,115,1
216505,84,1
216505,6,3
216506,50,2
216506,4,4
216507,45,4
216508,51,2
216508,69,6
216509,73,3
216509,17,2
216509,15,2
216510,48,2
216510,18,2
216510,100,3
216510,76,1
216511,4,7
216512,64,4
216512,22,4
216513,106,4
216513,3,1
216513,55,2
216514,33,1
216514,98,1
216514,19,1
216514,57,1
216515,12,1
216515,37,7
216516,68,1
216516,6,1
216517,3,3
216517,71,8
216518,31,6
216519,97,2
216519,43,1
216519,29,1
216519,62,1
216520,43,10
216521,41,10
216522,8,1
216522,35,3
216522,54,3
216523,50,5
216524,49,1
216524,13,1
216524,62,1
216525,8,2
216525,28,1
216526,85,1
216526,70,1
216527,75,7
216528,25,1
216528,19,1
216528,57,1
216529,20,7
216530,25,2
216530,44,1
216530,31,8
216531,17,1
216531,28,1
216531,93,1
216532,43,3
216532,11,1
216532,86,1
216533,106,1
216534,89,3
216534,86,1
216535,27,3
216535,29,2
216535,30,1
216536,11,3
216536,55,1
216537,88,3
216537,47,4
216538,114,1
216539,26,2
216539,44,4
216539,111,1
216540,41,1
216540,34,1
216541,49,1
216541,90,1
216541,46,1
216542,49,3
216542,5,1
216543,1,3
216543,74,1
216544,33,8
216545,92,1
216545,22,1
216545,79,1
216546,78,4
216547,2,1
216547,51,2
216547,78,1
216548,40,1
216548,104,2
216548,13,8
216549,85,8
216550,70,1
216550,102,1
216551,4,3
216551,20,2
216552,114,1
216553,50,3
216553,21,2
216553,23,1
216554,100,1
216554,41,2
216554,15,1
216554,18,1
216554,92,1
216555,44,2
216555,6,1
216555,103,1
216556,49,7
216557,82,1
216557,34,1
216557,86,1
216558,36,1
216558,6,3
216559,2,1
216559,15,1
216560,12,2
216560,102,5
216561,52,2
216561,94,2
216561,6,1
216562,3,1
216562,113,2
216562,11,1
216562,92,1
216563,80,2
216563,109,2
216563,6,2
216564,44,1
216564,47,1
216565,33,5
216565,55,1
216566,105,2
216566,20,1
216566,45,2
216567,79,7
216568,99,1
216568,3,1
216568,6,1
216568,83,1
216568,62,1
216569,93,1
216569,62,1
216570,17,2
216570,108,2
216570,46,2
216571,42,6
216571,30,1
216571,6,1
216572,3,1
216572,13,1
216572,6,1
216573,56,1
216573,84,1
216573,69,1
216573,79,1
216574,106,1
216575,65,1
216575,18,3
216575,38,3
216576,58,5
216576,107,1
216576,42,3
216577,60,9
216578,14,6
216579,7,1
216580,104,4
216580,26,1
216580,36,1
216580,111,1
216581,56,5
216581,74,1
216581,15,1
216581,55,1
216582,25,3
216582,3,2
216582,7,4
216583,75,4
216583,114,2
216583,83,3
216584,19,5
216584,53,2
216584,7,1
216585,19,2
216585,57,1
216585,27,1
216586,99,1
216586,117,1
216587,32,3
216587,2,1
216587,37,1
216587,112,1
216587,23,1
216588,17,4
216588,100,2
216588,79,1
216589,65,3
216589,36,1
216589,102,1
216590,61,4
216590,49,1
216590,19,1
216590,13,1
216591,8,2
216591,43,2
216591,39,2
216592,112,4
216592,17,1
216592,44,1
216592,94,2
216593,61,2
216593,44,1
216593,53,1
216594,6,4
216595,64,3
216595,9,2
216595,93,1
216596,24,2
216596,9,1
216596,19,1
216596,52,2
216597,89,2
216597,108,4
216597,45,2
216598,68,1
216599,45,7
216600,9,2
216600,59,6
216601,21,8
216602,56,2
216602,57,1
216602,99,3
216603,5,2
216603,45,1
216603,53,1
216604,43,1
216604,35,1
216604,53,1
216605,43,5
216605,18,1
216605,59,1
216606,37,2
216606,46,1
216606,55,5
216607,83,3
216607,5,3
216607,31,1
216608,19,1
216608,2,1
216608,43,1
216608,7,1
216609,51,5
216609,108,1
216609,69,3
216610,82,1
216610,87,1
216611,48,3
216611,113,1
216611,8,3
216612,15,1
216612,83,2
216612,56,1
216612,60,2
216612,63,1
216613,38,7
216614,113,8
216615,40,1
216615,42,1
216615,111,1
216616,29,3
216616,67,2
216616,61,1
216617,27,1
216617,29,1
216617,95,1
216618,56,4
216618,12,1
216618,87,1
216619,21,6
216620,53,2
216621,8,2
216621,59,2
216622,89,1
216622,42,1
216622,30,1
216622,6,1
216623,21,2
216623,5,5
216623,47,3
216624,56,1
216624,28,3
216624,53,2
216624,15,1
216625,45,3
216625,103,1
216626,64,2
216626,96,2
216626,23,2
216627,50,10
216628,113,9
216628,7,1
216629,40,4
216629,66,3
216630,41,3
216630,34,2
216631,56,2
216631,47,3
216632,114,4
216632,11,1
216632,15,1
216633,18,2
216633,7,2
216634,89,5
216634,50,1
216635,33,1
216635,104,2
216635,9,2
216635,44,1
216635,28,2
216636,76,2
216636,46,1
216637,8,1
216637,95,6
216638,8,3
216638,81,1
216639,53,3
216639,29,3
216640,42,1
216641,72,2
216641,97,2
216641,20,1
216641,53,1
216642,88,6
216642,89,1
216642,61,1
216642,13,3
216643,34,1
216643,61,2
216643,39,4
216644,85,1
216644,22,1
216645,2,1
216645,92,2
216645,93,1
216645,38,2
216646,112,8
216646,26,1
216646,43,1
216647,91,1
216647,116,5
216647,29,1
216648,105,2
216648,3,2
216648,51,1
216649,104,1
216649,73,3
216649,58,2
216649,11,1
216650,8,1
216650,13,1
216650,15,1
216651,32,7
216651,105,2
216652,19,1
216653,60,2
216653,6,2
216654,42,4
216654,63,7
216655,64,1
216655,19,1
216656,32,3
216656,49,2
216657,56,2
216657,43,1
216657,14,1
216658,37,3
216659,2,1
216659,60,3
216660,58,1
216660,78,6
216661,113,1
216661,15,1
216662,34,2
216662,13,1
216662,14,1
216662,55,3
216663,64,2
216663,12,1
216664,67,2
216664,77,5
216665,1,1
216665,58,1
216665,60,1
216666,57,3
216667,51,4
216667,31,2
216667,46,3
216667,103,1
216668,19,1
216669,65,6
216669,3,1
216669,25,1
216670,26,8
216671,55,2
216671,15,4
216672,26,1
216672,31,1
216673,88,7
216673,19,1
216673,30,1
216674,48,1
216674,18,2
216674,12,3
216674,87,1
216675,32,2
216675,5,2
216676,28,7
216677,8,1
216677,62,3
216678,26,2
216678,106,3
216679,21,9
216680,43,5
216681,33,1
216681,58,1
216681,53,1
216681,87,1
216682,58,7
216683,56,3
216683,57,1
216684,83,1
216684,84,1
216685,84,1
216686,48,2
216686,53,1
216686,6,1
216687,56,3
216687,49,1
216687,59,2
216687,85,1
216688,60,1
216688,76,1
216689,107,1
216689,59,1
216689,28,1
216689,30,1
216690,56,1
216690,49,1
216690,13,1
216691,64,5
216691,120,1
216691,52,2
216692,2,7
216693,42,2
216693,44,1
216693,28,1
216693,39,4
216694,26,2
216694,102,3
216694,7,1
216695,89,1
216696,16,4
216696,10,1
216697,10,1
216697,22,1
216698,42,1
216698,118,8
216699,101,4
216699,13,1
216699,38,3
216700,73,2
216700,18,5
216701,46,3
216701,119,5
216702,104,4
216703,113,1
216704,23,5
216705,23,1
216706,112,3
216706,78,7
216707,50,3
216707,38,1
216708,41,2
216708,19,1
216708,45,7
216709,43,3
216709,51,6
216709,84,1
216710,16,6
216710,17,2
216710,18,1
216710,39,1
216711,83,3
216711,52,2
216711,118,1
216712,88,3
216712,11,1
216712,95,1
216713,32,1
216713,109,1
216713,55,1
216713,89,1
216713,92,1
216714,81,2
216714,67,1
216715,11,4
216716,97,1
216716,9,1
216716,114,1
216716,25,1
216716,59,1
216717,57,1
216717,98,1
216717,2,1
216718,50,3
216718,43,6
216718,108,1
216719,11,5
216720,38,5
216721,42,1
216721,2,1
216721,60,2
216722,89,1
216722,3,1
216722,20,1
216723,52,2
216724,41,1
216724,2,1
216724,27,1
216724,92,2
216725,19,1
216725,70,4
216725,47,2
216726,97,7
216726,91,1
216726,3,1
216726,23,1
216727,66,1
216727,3,3
216727,54,1
216728,41,4
216728,26,1
216729,107,1
216729,37,5
216730,17,3
216731,48,1
216731,57,2
216731,75,2
216731,53,2
216732,98,8
216732,13,1
216732,45,1
216733,49,1
216733,52,1
216733,57,3
216734,5,7
216735,7,8
216736,62,2
216736,104,2
216736,94,1
216737,41,7
216737,31,1
216737,111,1
216737,15,1
216738,3,5
216738,15,3
216739,54,1
216739,25,3
216739,52,1
216739,14,1
216740,69,7
216741,97,4
216741,51,2
216741,94,1
216741,63,1
216742,82,1
216742,67,1
216742,28,1
216743,117,1
216744,3,1
216744,76,1
216744,45,1
216744,19,1
216744,59,1
216745,16,2
216745,25,3
216746,64,1
216746,77,1
216746,87,1
216747,4,1
216748,40,6
216748,27,2
216749,114,8
216750,103,1
216751,49,3
216751,52,2
216751,109,1
216752,7,1
216753,19,4
216753,99,1
216753,117,2
216754,58,2
216754,38,2
216755,1,1
216755,62,1
216755,47,1
216756,56,4
216756,69,2
216756,101,1
216757,107,1
216757,44,1
216757,61,1
216758,97,1
216758,58,4
216758,19,1
216758,39,1
216759,48,3
216759,19,1
216759,68,1
216760,35,2
216760,37,1
216760,47,1
216761,46,1
216761,118,1
216761,38,1
216762,8,4
216762,7,4
216763,12,2
216763,49,1
216763,59,1
216763,94,1
216763,31,1
216764,81,3
216764,46,4
216765,51,2
216765,84,2
216766,18,1
216766,5,3
216767,1,2
216767,54,8
216768,65,1
216768,2,1
216768,42,1
216768,59,1
216768,31,1
216769,35,1
216769,70,1
216770,112,3
216770,83,1
216771,98,1
216772,59,2
216772,77,1
216773,120,1
216773,89,1
216773,59,1
216774,36,7
216774,102,1
216775,60,3
216775,46,1
216776,48,1
216776,2,1
216776,60,1
216777,75,4
216778,64,1
216778,7,3
216779,112,1
216779,49,1
216779,114,1
216779,58,1
216780,104,1
216780,97,4
216780,2,1
216780,9,1
216781,33,2
216781,34,2
216782,58,1
216782,18,1
216782,31,1
216783,11,6
216784,18,3
216784,30,2
216784,71,1
216785,1,1
216785,108,1
216785,38,2
216786,48,1
216786,85,1
216786,61,1
216787,116,1
216787,69,1
216787,68,1
216788,98,3
216788,55,2
216788,63,2
216789,48,6
216789,49,1
216790,17,1
216790,69,3
216790,109,1
216791,10,1
216791,47,2
216791,48,1
216791,22,1
216791,25,1
216792,66,2
216793,108,3
216793,55,2
216794,32,5
216794,35,2
216794,48,1
216794,51,1
216794,53,2
216795,10,1
216795,92,1
216795,109,1
216795,14,1
216796,24,4
216796,58,3
216797,115,1
216797,46,1
216797,23,2
216798,90,10
216799,58,3
216799,27,2
216799,15,1
216800,76,1
216800,49,1
216800,53,1
216800,61,1
216800,95,1
216801,18,1
216801,69,1
216802,16,1
216802,91,1
216803,15,1
216803,76,1
216803,7,1
216803,23,1
216804,8,5
216804,93,1
216804,21,1
216804,55,1
216805,78,3
216805,80,1
216805,117,2
216805,55,1
216805,28,1
216806,42,3
216806,12,2
216807,42,4
216807,39,1
216808,120,1
216808,2,3
216808,39,2
216809,69,1
216809,42,3
216809,75,1
216809,46,1
216809,50,2
216810,98,2
216810,107,1
216810,68,1
216811,24,1
216811,106,1
216811,39,3
216812,34,2
216812,82,1
216813,16,2
216813,57,2
216814,19,3
216814,52,3
216814,77,1
216815,58,1
216815,85,1
216815,46,1
216816,28,6
216817,1,2
216817,3,2
216817,53,1
216817,46,1
216818,8,2
216818,15,1
216818,7,1
216819,75,1
216819,52,2
216819,23,1
216820,105,2
216820,86,6
216821,75,4
216822,47,4
216823,2,2
216823,37,1
216823,30,2
216823,60,2
216823,94,1
216824,5,4
216824,38,1
216824,50,1
216824,88,1
216824,28,1
216825,107,3
216826,61,2
216826,53,1
216827,40,3
216827,17,1
216827,4,3
216827,110,1
216828,96,1
216828,49,1
216829,49,2
216829,3,1
216829,5,1
216830,13,6
216831,64,2
216831,25,1
216831,109,2
216832,90,2
216832,54,4
216833,49,4
216833,34,1
216833,78,2
216834,1,3
216834,34,1
216834,35,1
216834,7,1
216834,113,1
216835,10,7
216836,62,6
216837,10,4
216837,11,4
216838,10,1
216839,14,1
216839,50,2
216839,55,1
216839,88,1
216839,29,1
216840,96,4
216840,66,1
216840,98,1
216840,14,1
216840,20,1
216841,80,1
216841,37,1
216841,67,1
216841,53,1
216842,57,5
216842,78,1
216842,47,2
216843,1,1
216843,5,2
216843,37,1
216843,42,1
216843,24,1
216844,50,2
216844,51,1
216844,58,1
216844,106,1
216845,20,1
216845,61,1
216846,16,3
216846,81,3
216846,114,1
216846,11,1
216847,38,7
216848,5,1
216848,10,1
216848,45,1
216848,19,1
216848,94,1
216849,97,3
216849,12,1
216849,78,1
216849,15,1
216850,75,1
216850,60,1
216850,13,1
216851,109,2
216852,97,1
216852,8,1
216852,41,1
216852,44,1
216852,115,1
216853,95,1
216854,56,1
216854,18,2
216855,33,2
216855,60,1
216855,44,1
216855,76,1
216856,45,4
216856,7,1
216857,56,1
216857,59,1
216857,28,1
216858,10,2
216858,29,1
216858,54,2
216858,103,2
216859,50,6
216860,14,1
216861,1,10
216862,34,3
216862,3,1
216862,85,1
216862,29,1
216863,4,3
216863,93,8
216864,97,2
216864,45,1
216864,93,2
216865,50,1
216865,51,2
216865,98,1
216866,108,2
216866,100,3
216867,46,8
216868,8,1
216868,77,2
216868,31,2
216869,34,1
216869,86,5
216870,58,1
216870,35,1
216870,116,1
216871,46,1
216872,24,1
216873,91,8
216874,9,2
216874,82,1
216875,8,2
216875,17,4
216876,11,1
216876,100,1
216876,12,1
216876,118,1
216877,119,3
216877,45,1
216877,7,1
216878,1,8
216879,43,1
216879,44,1
216879,13,2
216879,22,1
216880,39,1
216880,40,1
216880,14,1
216880,21,1
216880,57,1
216881,112,1
216881,2,1
216881,43,1
216882,1,4
216882,60,3
216882,30,1
216883,13,1
216883,54,1
216884,57,1
216884,44,1
216884,15,2
216885,88,1
216885,9,4
216885,30,1
216886,56,3
216886,50,7
216887,6,5
216888,96,3
216888,103,1
216888,10,1
216888,21,1
216888,31,1
216889,65,1
216889,52,1
216889,109,1
216890,42,1
216890,11,1
216890,82,1
216890,7,1
216891,32,1
216892,3,1
216892,69,3
216892,70,1
216892,109,1
216892,52,1
216893,48,8
216894,104,1
216894,42,1
216894,12,1
216894,54,1
216894,22,1
216895,96,4
216895,34,1
216895,6,1
216895,40,1
216895,43,1
216896,72,2
216896,50,2
216896,20,3
216896,31,1
216897,26,1
216897,35,1
216897,55,1
216898,108,1
216898,7,1
216898,60,1
216898,47,1
216899,104,4
216899,51,1
216899,36,1
216899,120,1
216900,96,1
216900,1,2
216900,4,4
216901,65,1
216901,42,1
216901,79,1
216902,17,5
216902,111,1
216903,52,6
216903,93,1
216904,16,1
216904,36,1
216905,68,2
216905,20,5
216906,57,4
216906,90,1
216906,69,1
216906,53,2
216907,59,8
216908,7,2
216908,95,1
216908,52,1
216908,63,1
216909,48,7
216909,25,1
216910,34,1
216910,107,1
216910,101,2
216911,61,1
216912,59,5
216912,94,3
216913,105,5
216913,5,1
216913,70,1
216913,63,1
216914,77,1
216915,38,3
216915,7,2
216916,64,2
216916,97,1
216916,42,2
216916,9,1
216917,48,2
216918,87,1
216919,20,2
216919,46,1
216920,1,6
216920,58,1
216921,42,1
216921,45,2
216921,21,1
216921,57,1
216921,95,1
216922,51,2
216922,52,1
216922,15,3
216923,12,1
216924,56,8
216925,16,3
216925,2,1
216925,21,1
216925,109,1
216926,106,8
216927,112,3
216927,48,4
216927,44,1
216927,21,1
216928,34,1
216928,3,2
216928,118,1
216928,47,1
216929,117,4
216930,116,1
216930,106,1
216930,108,1
216930,60,2
216931,90,1
216931,12,2
216931,52,1
216931,95,2
216932,2,5
216932,47,5
216933,57,3
216933,100,1
216933,103,1
216934,16,1
216934,28,1
216934,95,1
216935,64,1
216935,41,1
216936,103,1
216936,5,1
216936,55,1
216937,5,1
216937,22,5
216938,8,3
216938,43,1
216938,49,1
216938,50,2
216938,18,2
216939,17,2
216940,45,2
216940,108,2
216940,53,3
216941,97,1
216941,6,1
216942,85,6
216943,49,4
216943,30,2
216943,57,4
216944,116,2
216944,18,1
216944,115,1
216944,52,1
216945,26,1
216945,52,1
216945,50,1
216946,6,9
216947,97,6
216947,3,1
216947,44,1
216948,32,1
216948,35,1
216948,5,1
216948,6,1
216948,76,1
216949,91,9
216950,48,3
216950,91,2
216951,100,1
216951,43,1
216951,80,1
216951,57,1
216951,58,1
216952,75,1
216952,61,1
216953,35,1
216953,19,4
216954,67,2
216954,45,1
216954,62,2
216955,33,5
216955,51,1
216955,37,1
216955,119,1
216956,120,7
216956,113,2
216956,50,2
216956,21,1
216957,56,2
216957,57,2
216957,59,1
216958,29,10
216959,44,6
216960,73,3
216960,53,2
216961,40,3
216961,100,3
216961,50,1
216961,58,1
216962,32,1
216962,106,5
216962,53,3
216963,69,8
216964,42,8
216964,71,1
216965,88,1
216965,56,1
216966,42,1
216967,70,1
216967,5,1
216967,86,1
216968,45,4
216968,23,1
216969,38,8
216970,3,9
216971,27,6
216972,64,3
216972,26,8
216973,9,2
216973,45,7
216974,57,3
216974,82,1
216974,109,2
216975,107,1
216975,42,1
216975,99,1
216975,84,1
216976,1,1
216976,94,1
216977,49,10
216978,41,3
216978,45,1
216978,49,1
216978,50,1
216978,84,1
216979,30,7
216979,7,1
216980,40,3
216980,21,1
216980,46,1
216981,90,3
216981,55,4
216982,78,1
216983,90,1
216984,96,1
216985,56,2
216985,26,6
216986,50,4
216986,19,4
216987,76,1
216987,14,1
216988,57,1
216988,114,1
216988,117,1
216988,25,1
216989,73,3
216990,49,1
216990,18,1
216990,84,1
216990,22,1
216991,106,1
216991,10,3
216991,21,2
216992,93,7
216993,64,11
216993,41,1
216993,53,1
216994,74,3
216994,90,1
216994,23,3
216995,74,1
216995,10,4
216995,53,1
216996,75,7
216996,47,1
216997,26,1
216997,22,7
216998,89,3
216999,49,2
216999,2,2
217000,65,1
217000,74,2
217000,11,1
217000,94,1
217001,57,6
217001,66,1
217001,19,3
217002,13,1
217002,70,1
217003,99,2
217003,101,2
217003,78,1
217004,64,4
217004,113,1
217004,68,1
217004,6,1
217005,115,1
217006,1,8
217007,45,4
217008,60,2
217008,29,1
217009,19,5
217010,41,1
217010,37,5
217011,12,1
217011,52,2
217012,44,5
217012,22,2
217013,4,1
217013,37,4
217013,8,1
217013,41,1
217013,13,1
217014,75,8
217015,98,1
217015,52,1
217015,93,1
217015,87,1
217016,41,2
217016,20,1
217016,6,5
217017,34,1
217018,64,1
217018,81,1
217018,10,1
217018,19,1
217019,19,7
217020,50,2
217020,30,2
217021,9,5
217022,81,8
217023,57,1
217023,11,1
217023,76,3
217024,56,3
217024,18,1
217024,53,1
217024,30,1
217025,33,4
217025,43,1
217025,77,1
217026,35,1
217026,72,1
217026,8,1
217026,11,2
217026,47,1
217027,65,1
217027,43,2
217027,87,5
217027,55,1
217028,41,1
217028,26,1
217028,119,1
217029,96,1
217029,34,2
217030,99,1
217030,47,2
217030,55,1
217030,87,1
217030,89,1
217031,8,7
217032,80,1
217033,53,1
217034,48,1
217034,44,2
217034,15,2
217035,85,1
217035,54,6
217036,8,2
217036,34,1
217036,50,4
217037,12,2
217037,83,1
217037,53,1
217037,61,2
217037,62,1
217038,58,3
217038,3,4
217039,2,5
217039,99,1
217040,40,1
217040,2,1
217041,20,5
217042,49,5
217042,118,2
217043,43,7
217044,60,6
217044,79,1
217045,118,4
217045,11,2
217045,54,1
217046,13,7
217047,97,1
217047,4,1
217047,118,1
217048,16,5
217048,111,1
217049,25,4
217049,26,1
217049,45,2
217050,17,5
217051,52,1
217051,101,1
217052,32,3
217052,4,2
217053,81,1
217053,2,1
217053,51,1
217053,102,1
217054,3,1
217054,109,1
217055,41,2
217055,31,2
217056,29,3
217056,14,5
217057,16,1
217057,33,1
217058,39,1
217058,40,1
217058,44,1
217058,91,1
217058,61,1
217059,18,1
217060,22,4
217061,1,2
217061,7,1
217061,104,1
217061,17,1
217061,24,1
217062,9,1
217062,17,1
217062,87,3
217063,18,1
217063,27,1
217064,19,5
217064,28,1
217065,96,1
217065,49,1
217065,103,1
217066,62,5
217066,51,1
217066,30,1
217066,87,1
217067,41,1
217067,49,1
217067,52,3
217067,31,1
217068,64,1
217068,7,1
217069,3,7
217069,119,1
217070,96,1
217070,57,1
217071,18,1
217071,85,1
217072,54,4
217072,52,3
217072,14,1
217072,6,1
217073,103,10
217074,12,1
217074,4,1
217075,6,6
217075,7,2
217076,1,6
217076,3,1
217077,81,3
217077,118,2
217077,86,1
217077,39,1
217078,51,1
217079,44,1
217080,1,5
217081,9,3
217081,108,1
217081,77,1
217081,111,1
217081,80,1
217082,32,5
217082,89,2
217083,42,1
217084,15,3
217084,113,2
217084,51,1
217084,52,1
217084,85,1
217085,5,1
217085,55,3
217086,42,1
217086,44,1
217087,59,2
217087,13,1
217087,6,1
217088,39,1
217089,27,1
217089,12,1
217089,47,1
217090,74,2
217090,3,2
217090,94,2
217091,37,3
217091,45,3
217091,54,2
217092,45,1
217093,97,3
217093,119,2
217094,56,1
217094,73,3
217095,18,2
217095,19,1
217095,69,3
217095,38,2
217096,49,1
217096,10,2
217097,4,4
217097,7,1
217097,46,3
217097,50,1
217097,60,1
217098,46,1
217099,46,1
217100,51,7
217100,43,1
217101,17,2
217101,19,1
217102,57,3
217102,43,1
217102,9,1
217102,7,1
217103,104,3
217103,18,8
217104,74,3
217105,96,1
217105,41,1
217105,5,1
217106,58,2
217106,27,1
217106,13,3
217106,7,1
217107,75,3
217108,8,4
217108,107,1
217109,88,6
217109,9,1
217109,28,1
217109,6,3
217110,19,2
217110,54,3
217111,16,1
217111,76,1
217112,16,5
217112,117,4
217112,46,1
217112,111,2
217113,104,2
217113,114,1
217113,91,1
217114,65,1
217114,101,1
217114,7,2
217114,13,1
217114,56,2
217115,13,4
217115,69,1
217115,53,1
217116,5,1
217116,84,1
217116,20,1
217117,72,4
217117,51,2
217118,103,1
217118,11,1
217118,49,1
217118,26,1
217118,59,1
217119,9,1
217119,50,2
217119,52,2
217119,46,1
217120,55,5
217121,8,4
217122,82,1
217122,76,1
217122,5,1
217123,80,5
217123,41,2
217123,70,1
217124,48,1
217125,58,1
217125,67,1
217126,81,1
217127,17,2
217127,18,5
217128,24,1
217128,58,1
217128,43,6
217129,40,6
217130,5,4
217130,45,1
217130,18,3
217130,56,1
217130,91,2
217131,18,3
217131,77,5
217132,35,1
217132,21,1
217133,55,2
217134,53,5
217135,40,1
217135,55,1
217136,10,1
217136,77,1
217136,101,2
217137,78,8
217138,9,3
217138,20,1
217138,5,1
217138,46,1
217139,11,1
217139,5,1
217140,16,3
217140,11,1
217140,116,2
217141,34,2
217141,19,1
217142,57,4
217142,19,5
217142,7,1
217143,49,1
217144,11,2
217144,38,1
217145,9,1
217145,115,1
217145,68,1
217145,70,1
217146,56,2
217146,52,2
217146,95,3
217147,17,1
217147,95,1
217148,8,3
217149,30,4
217150,5,5
217151,80,3
217151,20,3
217151,86,1
217152,24,8
217153,42,1
217153,5,1
217154,80,3
217154,25,2
217154,61,2
217155,40,2
217155,16,6
217156,41,1
217156,115,1
217156,53,1
217156,86,1
217156,26,1
217157,25,1
217158,96,1
217159,16,8
217160,49,3
217160,7,6
217161,105,2
217161,53,1
217161,45,2
217161,111,2
217162,17,3
217162,61,6
217163,50,2
217163,47,1
217163,71,1
217164,18,3
217164,111,1
217165,49,4
217165,91,1
217165,1,3
217166,75,1
217166,54,1
217167,10,1
217168,56,3
217168,52,1
217168,37,1
217168,62,1
217169,60,7
217170,56,3
217170,18,1
217170,117,1
217171,96,2
217171,90,1
217171,18,1
217171,47,1
217172,42,1
217172,2,1
217172,84,1
217173,115,2
217173,69,3
217174,57,6
217175,114,1
217175,12,1
217175,93,1
217176,2,1
217176,44,1
217177,5,1
217177,77,1
217177,22,1
217178,54,1
217178,31,6
217179,17,1
217179,105,1
217179,57,1
217180,49,3
217180,5,3
217181,9,3
217181,18,2
217181,119,2
217182,106,4
217182,35,1
217182,109,1
217183,102,5
217184,17,1
217184,91,1
217185,105,6
217185,43,2
217186,107,6
217186,92,2
217186,49,1
217186,24,1
217186,60,1
217187,20,8
217188,40,1
217188,105,1
217188,30,1
217189,9,3
217189,107,2
217189,12,1
217190,26,6
217191,67,9
217192,112,1
217192,43,3
217192,38,2
217193,59,1
217193,103,1
217194,80,2
217194,10,2
217195,18,1
217196,115,4
217196,30,1
217196,6,1
217197,6,1
217197,15,2
217198,49,1
217198,51,1
217198,117,1
217199,49,1
217199,58,3
217200,79,6
217201,50,3
217201,52,2
217202,33,5
217202,36,1
217203,108,1
217203,12,1
217204,48,5
217204,33,3
217205,104,6
217205,8,1
217205,32,1
217206,43,3
217206,31,1
217207,3,5
217207,19,2
217207,87,1
217208,50,1
217208,118,5
217209,115,10
217210,47,1
217211,73,1
217211,2,1
217211,3,1
217211,53,1
217212,12,2
217212,22,5
217213,33,2
217213,59,1
217214,49,1
217214,84,4
217214,53,1
217214,105,1
217215,48,1
217215,89,1
217215,14,1
217215,15,1
217216,94,2
217216,55,2
217217,3,1
217217,12,4
217218,1,1
217218,3,1
217218,52,1
217218,39,1
217219,102,8
217220,96,1
217220,86,1
217220,55,1
217221,41,8
217221,46,1
217222,75,8
217223,33,1
217223,37,1
217223,108,1
217223,49,1
217223,53,1
217224,1,1
217224,3,1
217225,26,1
217225,20,2
217226,49,1
217227,81,3
217227,113,2
217227,106,1
217227,33,1
217228,25,3
217228,29,1
217228,62,1
217229,8,2
217229,82,1
217229,29,1
217230,4,3
217230,14,1
217230,53,2
217230,93,1
217230,30,1
217231,16,5
217231,9,2
217231,52,1
217231,118,1
217232,75,1
217232,51,1
217232,84,1
217232,52,1
217232,86,1
217233,7,2
217233,103,1
217233,11,2
217233,25,1
217233,29,1
217234,67,2
217234,5,1
217234,71,1
217234,108,1
217234,20,1
217235,108,10
217236,10,2
217236,35,3
217237,40,2
217237,81,1
217237,98,1
217238,57,4
217238,76,1
217238,20,1
217239,91,1
217239,86,1
217240,41,3
217240,61,1
217240,29,1
217240,14,1
217241,89,7
217242,57,1
217242,79,2
217243,35,2
217243,41,1
217243,15,1
217243,48,1
217243,18,1
217244,56,1
217244,53,4
217244,111,2
217245,117,1
217246,51,2
217246,62,1
217246,15,1
217247,9,5
217247,10,1
217247,47,1
217248,53,1
217248,14,2
217249,28,1
217249,55,3
217250,107,1
217250,61,1
217250,109,1
217251,56,1
217251,41,3
217251,59,1
217252,9,1
217252,26,4
217252,94,4
217253,12,7
217254,50,2
217254,36,1
217254,53,3
217255,64,1
217255,66,1
217256,6,1
217257,78,5
217257,46,4
217258,17,4
217258,108,2
217259,56,3
217259,100,3
217260,48,2
217260,97,1
217260,15,2
217261,46,3
217261,113,1
217261,19,1
217261,119,1
217261,91,1
217262,32,1
217262,42,1
217263,1,1
217263,4,1
217263,38,1
217263,31,1
217264,81,3
217264,2,3
217265,12,2
217266,3,6
217266,7,1
217267,72,1
217267,98,3
217268,49,1
217268,43,1
217268,52,3
217269,64,2
217269,56,1
217269,44,1
217269,93,3
217270,29,6
217271,32,5
217271,44,1
217271,13,2
217272,109,3
217272,60,3
217272,20,1
217273,90,2
217273,59,1
217273,54,2
217274,48,1
217274,51,1
217274,67,1
217275,107,1
217275,109,2
217275,86,3
217275,23,3
217276,114,3
217276,35,1
217276,94,1
217276,63,1
217277,40,1
217277,3,3
217277,116,1
217278,16,2
217278,2,2
217278,30,1
217279,16,1
217279,33,1
217279,47,1
217280,2,2
217280,67,4
217280,68,2
217280,53,1
217281,83,4
217281,10,1
217281,91,1
217282,88,2
217282,1,5
217282,49,1
217283,57,2
217284,56,1
217284,37,1
217285,49,2
217285,118,2
217285,111,2
217286,5,4
217287,60,1
217287,53,6
217287,63,1
217288,67,2
217288,20,1
217288,63,5
217289,100,11
217290,113,1
217291,64,4
217291,13,2
217292,91,5
217292,119,1
217292,15,2
217293,65,3
217293,98,2
217293,101,1
217293,10,1
217293,49,1
217294,120,4
217294,44,3
217294,4,1
217295,51,3
217295,68,1
217295,93,1
217295,23,1
217296,43,1
217296,62,1
217297,56,1
217297,11,1
217297,60,1
217297,54,1
217298,7,3
217298,10,1
217298,107,1
217298,12,1
217298,60,1
217299,81,1
217299,22,2
217300,55,3
217301,106,7
217302,42,3
217302,46,4
217303,98,3
217303,28,4
217304,56,2
217304,1,1
217304,3,1
217305,96,7
217305,111,3
217306,114,1
217306,14,1
217306,7,2
217307,56,3
217307,38,1
217308,4,1
217308,5,3
217308,14,1
217309,98,4
217309,83,4
217309,14,3
217310,1,2
217310,83,1
217310,44,1
217310,55,2
217311,16,4
217311,28,1
217311,6,1
217312,80,5
217312,17,1
217312,48,1
217313,49,3
217313,23,2
217314,34,1
217314,37,1
217314,45,1
217314,58,3
217314,95,1
217315,16,1
217315,35,1
217316,72,1
217316,2,2
217316,59,1
217317,47,1
217318,26,3
217318,4,1
217319,26,1
217319,3,1
217319,34,1
217319,14,1
217320,71,1
217321,31,1
217322,32,3
217322,38,1
217322,10,1
217322,78,2
217322,21,1
217323,112,8
217324,89,4
217325,25,2
217325,12,1
217325,103,1
217326,34,1
217326,53,5
217327,9,3
217327,61,1
217327,95,1
217327,7,2
217328,73,2
217328,18,2
217329,12,4
217329,101,2
217330,29,2
217330,103,1
217331,89,1
217331,29,10
217332,35,6
217332,44,1
217333,18,1
217333,60,2
217333,61,1
217333,23,2
217334,74,2
217334,39,2
217335,17,5
217336,24,2
217336,89,2
217337,80,1
217337,113,6
217337,7,2
217338,38,4
217338,19,2
217338,6,1
217339,57,4
217339,77,2
217339,13,1
217340,34,1
217340,12,1
217340,14,1
217340,15,1
217341,112,4
217341,74,1
217341,104,2
217342,60,2
217342,45,1
217343,118,5
217343,7,2
217344,57,3
217345,42,2
217345,111,1
217346,1,3
217346,4,1
217346,14,1
217347,41,3
217347,75,2
217347,37,1
217348,12,1
217349,94,6
217350,75,5
217350,60,5
217351,5,1
217351,69,1
217352,52,2
217352,7,1
217353,105,1
217353,54,1
217354,44,1
217354,45,1
217354,52,1
217355,80,1
217355,69,1
217355,28,1
217355,13,1
217356,81,3
217356,13,5
217356,102,1
217357,1,7
217357,31,1
217358,34,2
217358,63,2
217359,41,6
217360,14,1
217360,23,1
217361,49,1
217361,34,3
217362,60,2
217363,54,9
217364,24,3
217364,22,1
217365,63,1
217365,53,3
217365,39,1
217366,115,1
217366,21,1
217367,43,2
217367,44,2
217368,12,1
217368,47,5
217369,84,1
217369,111,1
217370,44,1
217370,15,1
217371,41,5
217371,7,2
217372,112,1
217372,110,1
217373,13,6
217373,55,2
217374,104,2
217374,67,2
217374,6,2
217375,40,2
217375,14,2
217376,18,1
217376,118,1
217376,63,1
217377,8,2
217377,68,1
217377,52,1
217377,7,1
217378,63,6
217379,55,1
217379,53,1
217379,15,1
217380,63,5
217381,10,6
217382,1,3
217382,60,1
217382,117,2
217383,49,1
217384,53,4
217384,21,4
217385,14,10
217386,1,5
217386,101,2
217386,46,1
217387,8,2
217387,17,3
217387,98,1
217387,70,1
217388,96,1
217388,57,1
217388,6,3
217389,10,1
217389,79,1
217389,18,1
217389,19,1
217389,29,1
217390,8,2
217390,17,1
217390,45,2
217391,44,7
217392,24,2
217393,96,1
217393,66,2
217393,38,1
217393,13,1
217393,60,1
217394,8,4
217394,63,5
217395,26,7
217396,21,9
217397,20,1
217397,70,4
217398,10,7
217399,8,1
217399,4,1
217400,24,1
217400,16,1
217400,118,1
217401,9,1
217401,15,2
217402,35,3
217402,29,1
217402,110,1
217402,14,1
217403,2,1
217403,60,3
217403,45,2
217404,9,3
217404,77,1
217404,14,1
217404,79,1
217405,59,3
217405,19,1
217405,20,2
217406,70,1
217407,64,1
217407,107,2
217407,44,1
217407,38,2
217408,26,3
217408,6,1
217409,48,2
217409,49,1
217409,90,1
217409,20,2
217410,57,4
217411,60,1
217411,94,1
217412,2,1
217412,14,1
217413,13,1
217413,15,2
217414,96,8
217415,99,3
217416,108,3
217416,44,2
217416,85,1
217416,14,1
217417,58,4
217417,18,1
217417,61,1
217417,47,1
217418,1,1
217418,58,1
217418,5,1
217418,37,1
217419,32,1
217419,63,1
217420,29,7
217421,3,1
217421,5,1
217421,10,1
217421,81,1
217421,120,1
217422,101,1
217423,11,1
217423,43,1
217423,20,1
217424,80,1
217424,8,2
217424,20,1
217424,100,1
217425,35,4
217425,7,1
217425,109,1
217425,16,2
217425,50,1
217426,37,2
217426,94,1
217427,115,4
217428,48,2
217428,55,1
217429,8,1
217429,42,1
217429,77,1
217430,2,6
217430,15,1
217431,75,1
217432,48,1
217432,66,4
217432,109,1
217433,71,1
217433,44,2
217433,76,3
217433,48,1
217433,57,1
217434,60,2
217434,15,7
217435,59,1
217435,47,1
217436,19,3
217436,110,3
217437,43,7
217437,11,3
217437,52,1
217437,101,1
217438,42,1
217438,91,1
217439,114,5
217439,35,1
217439,93,1
217439,14,1
217440,44,6
217441,26,1
217442,19,2
217442,100,1
217442,93,4
217442,6,2
217443,49,1
217443,67,1
217443,29,2
217444,3,1
217445,99,5
217445,4,1
217445,38,2
217446,93,1
217446,4,1
217446,13,5
217447,72,1
217447,9,1
217447,37,1
217447,5,1
217448,16,5
217448,113,1
217448,86,1
217449,40,8
217450,77,1
217451,104,1
217451,30,1
217451,63,1
217452,58,4
217452,67,3
217453,56,1
217453,20,1
217453,77,1
217453,6,1
217454,7,13
217455,2,1
217455,108,1
217455,5,1
217456,26,1
217456,108,6
217457,40,4
217457,49,2
217457,98,1
217457,36,1
217458,119,3
217459,118,1
217460,57,2
217460,54,1
217460,47,1
217461,16,2
217461,43,1
217461,72,1
217461,27,1
217462,16,1
217462,81,1
217462,117,1
217462,6,1
217463,16,1
217463,73,1
217463,41,1
217464,93,6
217464,62,1
217465,49,1
217465,47,1
217466,9,2
217466,14,1
217466,47,2
217467,6,1
217468,89,8
217469,13,1
217469,46,7
217470,60,4
217471,5,4
217471,71,5
217472,24,1
217472,14,1
217473,44,8
217474,89,1
217474,57,1
217475,56,1
217475,25,1
217475,5,1
217475,1,1
217476,14,1
217476,48,1
217476,85,1
217476,53,1
217476,28,1
217477,24,3
217478,12,3
217478,110,2
217479,1,2
217479,38,2
217480,72,2
217480,59,4
217481,8,11
217482,30,1
217483,84,3
217484,23,1
217485,117,9
217486,97,1
217486,60,7
217487,105,1
217487,10,1
217487,117,2
217487,28,1
217487,95,1
217488,41,1
217488,98,1
217488,18,1
217488,42,1
217489,45,9
217490,36,2
217490,45,2
217490,14,1
217490,55,1
217490,60,1
217491,11,2
217491,46,1
217492,16,9
217493,58,1
217493,60,1
217494,59,3
217494,107,1
217494,46,1
217495,67,1
217495,54,2
217495,95,3
217496,48,2
217496,67,2
217496,47,1
217497,83,3
217497,111,2
217498,53,2
217498,74,1
217498,2,1
217498,69,1
217499,115,1
217499,119,3
217500,81,5
217501,24,2
217501,57,1
217501,50,1
217502,29,7
217502,62,1
217503,16,1
217504,10,1
217504,85,1
217504,42,2
217504,4,1
217505,1,3
217505,94,3
217506,18,7
217507,17,1
217507,18,1
217507,92,1
217507,33,1
217508,66,7
217509,76,1
217509,20,5
217510,20,1
217510,116,1
217510,13,1
217511,73,3
217511,100,1
217511,13,1
217512,42,3
217512,7,2
217513,54,4
217513,41,1
217513,5,1
217513,9,1
217514,20,2
217514,21,1
217515,10,5
217515,23,2
217516,22,3
217517,5,7
217518,70,6
217519,9,1
217519,22,3
217520,120,5
217520,80,3
217520,70,5
217521,57,2
217521,74,1
217522,38,1
217522,46,2
217522,47,1
217523,73,2
217523,41,1
217523,45,1
217523,78,1
217524,96,2
217524,18,3
217524,55,2
217525,16,1
217525,88,1
217525,12,4
217525,6,1
217526,19,5
217527,51,8
217528,37,1
217528,95,2
217529,17,5
217530,72,1
217530,97,1
217530,70,1
217531,60,6
217532,72,1
217532,108,2
217532,16,1
217532,56,1
217532,63,1
217533,99,3
217533,20,1
217533,14,1
217534,45,1
217534,38,2
217535,106,3
217536,53,1
217536,3,1
217536,93,1
217537,65,3
217537,25,1
217537,58,1
217537,8,2
217538,18,1
217538,3,4
217539,57,6
217539,44,1
217540,53,2
217541,88,4
217541,75,2
217541,108,1
217541,63,1
217542,110,4
217542,6,4
217543,101,8
217544,16,1
217544,119,1
217545,43,1
217545,79,5
217546,83,5
217547,40,1
217547,22,3
217548,11,6
217549,2,2
217549,50,5
217550,96,3
217550,68,2
217550,5,2
217551,3,1
217551,72,1
217551,19,2
217552,59,3
217552,77,4
217553,113,4
217553,13,2
217553,21,1
217553,103,1
217554,64,2
217554,115,1
217555,45,1
217555,48,1
217555,21,1
217555,86,1
217555,91,1
217556,69,2
217556,79,2
217557,80,5
217557,13,2
217557,93,1
217558,63,4
217559,60,1
217560,74,1
217560,35,2
217560,37,1
217560,55,3
217561,38,1
217562,17,1
217562,62,5
217563,72,4
217563,113,1
217563,10,1
217563,57,4
217564,26,1
217564,11,1
217564,37,1
217565,4,7
217565,38,1
217566,72,1
217566,102,1
217567,81,1
217567,66,1
217567,43,1
217567,46,1
217568,8,1
217568,21,1
217568,54,1
217569,18,9
217569,38,1
217569,55,1
217570,65,4
217570,43,3
217571,17,2
217571,35,4
217572,8,9
217573,53,1
217573,67,1
217573,45,1
217574,1,1
217574,12,1
217575,57,7
217575,11,1
217576,51,1
217577,2,2
217577,44,1
217577,82,1
217578,18,2
217578,76,1
217578,14,1
217579,103,2
217580,4,6
217581,42,6
217582,120,1
217583,9,1
217584,18,2
217584,6,3
217585,9,4
217585,19,1
217585,12,1
217585,103,1
217586,78,1
217586,6,8
217587,49,1
217587,76,4
217587,97,4
217588,98,5
217589,19,1
217590,89,1
217590,44,1
217590,61,1
217591,9,10
217592,120,7
217592,33,2
217593,9,1
217593,3,4
217594,16,1
217595,20,10
217596,32,3
217596,81,3
217596,13,1
217597,48,2
217597,16,8
217598,18,9
217598,37,1
217599,3,1
217600,4,2
217600,14,1
217601,82,7
217602,119,2
217603,101,1
217603,42,1
217603,16,2
217603,84,1
217603,86,1
217604,35,7
217604,52,1
217605,25,4
217605,77,1
217605,86,1
217606,64,1
217606,58,1
217607,4,2
217607,78,1
217607,17,1
217607,19,1
217607,57,3
217608,7,4
217609,54,1
217609,50,1
217609,12,1
217609,6,2
217610,8,1
217610,41,1
217610,11,1
217610,6,1
217611,8,1
217611,50,1
217611,7,1
217612,3,1
217612,55,2
217613,113,1
217613,28,1
217614,35,2
217614,68,1
217614,93,1
217615,24,2
217615,33,3
217615,31,2
217616,33,2
217616,10,2
217616,91,3
217617,25,5
217617,15,1
217618,16,5
217619,77,4
217619,47,1
217620,6,1
217621,65,2
217621,70,1
217622,96,4
217622,18,1
217622,101,2
217622,55,1
217623,120,2
217623,76,4
217623,6,1
217624,21,3
217624,15,1
217624,13,1
217624,79,1
217625,88,1
217625,103,2
217626,64,1
217626,41,1
217626,14,1
217626,53,1
217626,58,1
217627,67,1
217627,43,1
217627,28,1
217628,93,5
217629,43,1
217629,47,1
217630,59,1
217630,76,1
217630,101,1
217631,52,1
217631,46,1
217632,40,6
217632,55,4
217633,97,2
217633,102,2
217633,47,1
217634,20,5
217634,54,3
217635,25,1
217635,58,1
217635,99,1
217635,50,1
217636,3,1
217636,22,1
217636,23,1
217637,120,5
217638,49,6
217639,74,2
217639,106,2
217640,33,3
217640,34,1
217640,28,2
217641,112,1
217641,42,1
217641,91,5
217642,48,1
217642,102,1
217642,118,1
217643,94,1
217643,91,1
217643,6,1
217643,49,1
217644,72,2
217644,53,1
217644,118,3
217645,98,1
217645,79,4
217646,29,6
217647,66,6
217648,80,3
217648,52,1
217649,6,4
217650,89,1
217650,76,1
217650,45,1
217651,104,1
217651,35,1
217651,87,1
217652,37,4
217653,104,2
217653,43,1
217653,60,3
217654,39,5
217655,80,3
217655,57,1
217655,104,1
217655,54,1
217656,1,4
217656,17,1
217656,79,3
217657,10,1
217657,46,2
217657,52,1
217657,56,1
217657,30,1
217658,43,1
217658,37,1
217658,23,1
217659,16,7
217659,7,1
217660,49,1
217660,23,3
217660,31,2
217661,75,4
217661,19,5
217662,19,4
217662,11,4
217663,109,6
217663,39,2
217664,26,7
217664,19,4
217665,2,2
217665,59,2
217665,6,4
217666,88,2
217666,25,1
217666,60,1
217666,97,1
217667,32,2
217667,2,1
217667,82,2
217667,6,2
217668,33,1
217668,86,1
217668,119,1
217669,58,1
217669,46,1
217669,87,1
217670,5,8
217671,101,6
217671,94,2
217672,99,1
217672,58,1
217672,59,1
217672,44,1
217673,57,3
217673,37,1
217673,77,1
217673,29,2
217674,26,3
217674,19,1
217674,14,1
217674,23,1
217675,113,1
217675,50,2
217675,17,6
217676,48,3
217676,41,1
217676,59,2
217676,68,1
217677,60,3
217678,64,1
217678,41,1
217679,17,4
217679,51,1
217679,37,1
217680,38,2
217681,19,4
217681,53,1
217682,13,6
217682,117,2
217683,37,3
217683,10,2
217683,83,1
217683,53,1
217683,91,1
217684,49,7
217684,21,1
217684,62,1
217684,105,1
217685,99,1
217685,31,3
217685,54,3
217685,39,2
217686,25,3
217686,51,1
217686,9,1
217686,59,1
217687,40,1
217687,10,1
217687,52,1
217687,54,1
217687,58,1
217688,17,3
217688,42,2
217688,71,1
217689,25,1
217689,10,2
217689,86,1
217690,25,3
217690,92,1
217690,57,1
217691,108,1
217691,49,3
217691,68,1
217691,47,2
217692,16,1
217692,45,5
217692,6,2
217693,49,1
217693,42,2
217694,40,6
217694,1,2
217695,75,2
217695,6,3
217695,71,2
217696,56,6
217696,116,4
217697,58,1
217697,86,1
217698,11,1
217698,83,1
217699,63,1
217700,12,1
217700,45,3
217701,48,1
217701,33,1
217701,117,2
217701,86,1
217702,67,3
217702,8,2
217702,10,1
217702,45,2
217702,86,1
217703,42,6
217703,51,1
217704,120,5
217704,1,2
217704,52,1
217704,7,1
217705,20,7
217705,53,2
217706,3,1
217706,43,2
217706,80,1
217706,58,1
217706,30,1
217707,32,6
217707,105,1
217708,40,1
217708,45,3
217708,14,4
217709,40,5
217709,101,1
217709,6,1
217710,8,1
217710,51,1
217710,102,1
217711,32,3
217711,82,3
217712,50,3
217712,45,2
217713,91,3
217713,51,1
217713,62,1
217713,55,1
217714,22,1
217714,14,1
217715,68,5
217715,54,3
217716,17,1
217716,67,4
217716,19,2
217716,77,1
217717,81,1
217717,28,1
217717,37,1
217718,50,6
217718,28,1
217718,119,3
217719,33,1
217719,93,6
217720,113,1
217720,67,2
217721,26,3
217721,71,1
217722,64,1
217722,65,2
217722,23,1
217723,55,4
217724,99,1
217724,6,5
217725,43,1
217725,84,4
217726,43,6
217727,18,1
217727,22,3
217728,9,2
217728,45,4
217728,49,1
217728,56,1
217728,57,2
217729,50,4
217729,12,1
217729,85,1
217729,94,1
217730,56,1
217730,70,1
217731,105,1
217731,58,1
217732,56,4
217732,98,1
217733,19,3
217734,80,1
217734,50,1
217734,45,1
217734,14,1
217735,38,1
217735,45,3
217735,102,1
217736,72,2
217736,2,1
217736,43,1
217737,69,3
217738,55,3
217738,7,3
217739,28,1
217740,57,2
217740,18,2
217740,12,2
217740,17,1
217741,9,2
217741,108,1
217741,21,2
217741,118,1
217742,24,1
217742,55,2
217743,11,3
217743,53,1
217743,87,3
217744,112,1
217744,89,1
217744,92,1
217744,110,1
217745,9,4
217745,51,6
217745,103,1
217746,5,1
217746,3,1
217746,45,1
217747,120,1
217747,117,1
217747,55,1
217748,16,6
217748,114,3
217749,88,4
217750,57,1
217750,90,2
217750,61,2
217751,114,1
217751,79,1
217752,17,1
217752,2,1
217752,28,1
217753,16,3
217753,1,1
217754,81,1
217754,79,2
217755,56,3
217755,39,3
217756,10,1
217756,103,7
217757,56,5
217758,16,3
217758,4,2
217759,51,2
217759,93,3
217760,57,3
217760,82,2
217760,105,2
217761,58,3
217761,77,1
217761,55,1
217762,92,1
217762,109,4
217762,102,3
217763,115,2
217763,92,1
217764,60,1
217764,44,5
217765,80,1
217765,13,1
217766,44,4
217766,87,1
217766,23,1
217767,44,1
217768,40,1
217768,53,1
217769,50,1
217770,17,2
217770,53,5
217771,106,1
217771,62,2
217772,103,9
217773,9,2
217773,10,1
217773,27,1
217773,50,3
217774,9,4
217775,24,4
217775,2,1
217775,107,1
217775,47,1
217776,24,2
217776,41,1
217776,43,1
217777,46,9
217778,62,6
217779,26,1
217779,3,1
217779,39,1
217780,24,1
217780,79,1
217781,59,1
217781,19,3
217781,102,1
217781,86,2
217782,101,1
217782,17,2
217782,114,3
217782,51,1
217782,61,1
217783,44,3
217783,62,4
217784,10,2
217784,42,1
217784,46,2
217785,88,1
217785,83,6
217785,100,2
217786,3,1
217786,16,1
217786,18,1
217786,51,1
217787,73,1
217787,13,4
217787,17,2
217788,74,3
217788,18,1
217789,18,1
217789,4,1
217789,77,1
217790,115,5
217790,6,2
217791,53,1
217792,68,6
217793,88,4
217793,11,1
217793,71,2
217794,57,2
217794,58,2
217794,59,3
217795,112,1
217795,18,1
217796,8,4
217796,94,1
217797,96,2
217797,13,2
217797,110,2
217797,54,1
217797,62,3
217798,43,2
217798,118,1
217798,119,1
217798,60,1
217798,29,1
217799,67,5
217799,101,1
217799,55,1
217800,24,1
217800,1,3
217800,39,1
217800,15,1
217801,34,3
217802,68,6
217802,79,1
217803,57,1
217803,14,1
217804,80,1
217804,50,2
217804,55,3
217804,57,2
217804,30,2
217805,4,1
217805,54,1
217806,21,4
217807,108,4
217807,7,1
217808,4,5
217808,101,6
217809,105,5
217810,26,3
217811,48,5
217812,8,3
217812,9,5
217812,5,1
217812,111,1
217813,44,1
217814,59,1
217814,7,1
217815,105,1
217816,102,1
217816,110,1
217817,44,3
217817,13,2
217818,48,1
217819,97,1
217819,62,2
217819,7,2
217820,93,10
217821,52,1
217821,84,3
217822,16,4
217822,9,1
217822,50,1
217823,25,1
217823,74,1
217823,101,1
217823,17,1
217824,17,1
217824,107,4
217825,89,5
217825,50,1
217825,108,1
217826,35,1
217826,5,1
217827,56,4
217827,57,1
217827,12,2
217827,47,3
217828,75,5
217828,27,1
217828,14,1
217828,95,1
217829,36,5
217829,85,1
217829,44,1
217829,63,2
217830,10,4
217830,84,1
217831,35,2
217831,52,1
217831,7,2
217832,48,2
217832,21,5
217833,48,2
217833,12,6
217834,96,3
217834,68,4
217835,16,1
217835,53,3
217835,43,1
217835,117,2
217836,113,2
217836,54,3
217837,92,1
217837,7,1
217838,111,1
217839,58,1
217839,118,3
217839,55,1
217840,40,1
217840,27,1
217840,108,2
217840,13,2
217841,120,8
217842,9,1
217842,44,1
217843,40,1
217843,11,1
217843,59,1
217843,51,1
217844,41,1
217844,20,1
217844,87,1
217845,86,1
217846,39,6
217847,6,9
217848,1,1
217848,38,1
217849,98,7
217849,23,3
217850,113,1
217850,15,3
217851,104,2
217852,26,1
217852,27,1
217852,12,1
217853,16,2
217853,1,1
217853,51,1
217853,9,1
217854,49,1
217854,14,2
217854,71,2
217855,96,2
217855,2,8
217855,40,1
217855,12,1
217856,70,1
217856,79,1
217857,5,1
217857,53,1
217858,105,1
217858,108,3
217859,41,3
217859,55,2
217860,6,7
217861,8,9
217861,12,2
217862,99,1
217862,52,2
217862,6,2
217863,33,3
217863,58,1
217863,7,1
217864,105,2
217864,18,1
217864,51,2
217864,53,3
217865,51,3
217865,37,2
217866,11,3
217867,9,1
217867,7,6
217868,58,4
217868,5,3
217869,59,3
217869,45,2
217870,34,4
217870,52,1
217870,58,1
217870,54,1
217871,10,1
217871,50,1
217872,13,1
217872,18,2
217872,115,1
217872,50,1
217872,114,1
217873,9,1
217873,45,1
217874,88,2
217874,51,2
217874,5,2
217875,9,1
217875,29,6
217876,74,3
217876,23,2
217876,63,3
217877,72,5
217877,54,3
217878,5,1
217878,30,1
217879,12,3
217879,15,5
217880,117,1
217880,110,4
217881,96,7
217882,41,1
217882,62,2
217882,17,1
217883,74,4
217883,44,2
217883,46,1
217883,39,1
217884,16,2
217884,10,2
217884,70,1
217885,76,5
217885,23,1
217886,42,3
217886,60,2
217887,78,1
217887,10,2
217887,28,1
217887,6,1
217888,120,1
217888,87,1
217889,39,8
217890,50,1
217890,14,3
217890,6,3
217891,31,1
217892,56,5
217892,51,1
217893,28,9
217894,42,1
217894,5,11
217895,2,1
217895,7,1
217895,87,1
217895,88,1
217895,59,2
217896,34,3
217896,12,1
217897,19,3
217897,60,1
217897,109,3
217897,63,1
217898,10,1
217898,38,1
217899,37,3
217899,7,1
217900,35,2
217900,11,2
217900,71,1
217901,48,4
217901,2,1
217902,44,2
217902,5,6
217903,72,2
217903,16,1
217903,52,1
217904,84,6
217904,85,1
217904,94,1
217905,10,5
217905,6,3
217906,119,1
217906,15,2
217907,9,2
217907,91,2
217908,72,1
217908,73,1
217908,51,7
217909,60,6
217910,50,3
217910,77,3
217911,56,1
217911,55,2
217911,79,1
217912,106,1
217912,66,1
217913,9,1
217914,49,8
217915,44,2
217916,81,1
217916,3,1
217916,12,1
217917,41,1
217917,46,1
217917,55,1
217918,9,6
217918,27,1
217919,82,1
217919,116,2
217919,55,3
217920,58,4
217921,17,3
217921,58,3
217921,91,1
217921,12,1
217922,4,2
217922,69,1
217922,46,1
217922,55,1
217923,3,1
217923,19,1
217923,95,1
217924,35,3
217924,11,2
217924,116,1
217924,30,1
217925,25,1
217925,28,1
217925,54,1
217926,2,3
217926,69,8
217927,64,2
217927,59,6
217928,16,2
217928,43,1
217928,101,2
217928,54,3
217929,12,3
217929,15,1
217929,116,1
217929,59,1
217929,30,1
217930,105,1
217930,106,2
217930,113,1
217931,10,7
217932,18,6
217933,90,2
217933,63,4
217934,2,1
217934,13,1
217934,6,1
217935,67,8
217936,40,1
217936,52,1
217937,87,1
217938,65,4
217938,6,1
217939,58,1
217939,6,1
217939,15,1
217940,17,2
217940,3,2
217940,12,1
217940,87,1
217941,116,1
217941,60,1
217942,89,1
217942,19,6
217942,109,1
217942,113,1
217943,64,4
217943,9,2
217943,117,3
217944,32,3
217944,3,1
217945,45,3
217946,25,1
217946,43,4
217946,111,1
217947,41,1
217947,11,1
217948,47,7
217949,48,1
217949,87,1
217949,15,1
217950,1,1
217950,51,1
217951,57,3
217951,44,3
217951,69,2
217952,3,1
217952,91,6
217952,4,1
217953,98,1
217954,91,3
217954,43,4
217955,10,5
217956,31,8
217957,5,8
217958,48,5
217959,24,1
217959,26,1
217959,45,1
217960,1,3
217960,18,4
217961,40,1
217961,60,3
217962,40,6
217963,53,3
217963,78,2
217964,19,2
217964,110,5
217965,81,4
217966,104,5
217966,7,1
217967,58,10
217968,57,1
217968,76,1
217968,78,1
217969,15,1
217969,111,1
217970,103,3
217970,23,2
217971,36,6
217971,7,2
217972,58,4
217972,21,3
217973,93,8
217974,112,5
217974,75,2
217975,52,5
217975,37,3
217976,49,1
217976,50,1
217976,58,1
217976,28,2
217976,61,4
217977,89,1
217977,18,2
217977,11,1
217977,119,4
217978,81,1
217978,65,4
217978,58,1
217978,6,1
217979,5,3
217979,102,3
217980,42,2
217980,54,1
217981,100,2
217981,102,2
217982,24,4
217982,73,1
217982,94,1
217983,116,1
217984,7,7
217985,16,5
217985,18,1
217985,45,4
217986,120,1
217986,57,2
217987,12,3
217987,45,3
217988,49,9
217989,72,2
217989,38,1
217989,2,1
217989,106,1
217990,57,1
217990,18,7
217991,17,3
217991,106,1
217991,15,3
217992,16,6
217992,42,1
217992,12,1
217993,87,8
217994,8,1
217994,10,1
217994,43,1
217994,29,1
217995,49,4
217995,29,1
217995,37,1
217995,77,1
217996,54,6
217997,58,3
217997,4,1
217997,46,1
217998,59,1
217999,57,1
218000,103,3
218000,39,2
218001,16,1
218001,44,7
218002,90,3
218002,2,6
218002,54,2
218003,26,1
218003,29,1
218004,74,1
218004,54,1
218005,18,1
218005,44,1
218006,21,3
218007,82,5
218007,103,1
218008,112,4
218008,62,2
218008,39,3
218009,48,3
218009,75,2
218009,67,2
218009,54,1
218010,19,4
218011,78,1
218012,27,1
218012,20,1
218012,111,1
218013,38,11
218014,16,8
218014,27,5
218014,14,1
218015,32,1
218015,99,1
218015,30,2
218016,66,1
218016,63,1
218016,7,1
218017,8,1
218017,115,3
218018,17,1
218018,82,2
218018,103,2
218019,25,3
218019,119,3
218020,9,5
218020,102,1
218020,111,1
218021,98,1
218021,19,1
218021,53,4
218021,94,2
218022,17,1
218022,60,1
218022,79,1
218023,20,3
218024,80,2
218024,50,1
218025,11,6
218025,37,1
218026,108,1
218026,52,1
218027,39,3
218028,35,6
218029,19,3
218029,69,3
218030,27,2
218031,32,2
218031,51,4
218031,19,1
218031,38,1
218032,96,1
218032,58,1
218032,40,1
218033,12,5
218034,105,1
218034,107,1
218034,55,2
218035,52,6
218036,32,3
218037,1,1
218038,56,1
218038,39,1
218039,49,1
218039,34,3
218039,12,1
218039,7,1
218040,56,1
218041,73,1
218041,10,2
218041,12,1
218041,95,1
218042,32,6
218042,21,1
218042,31,2
218043,74,10
218044,67,1
218045,49,3
218045,10,5
218046,111,3
218047,20,2
218048,24,3
218048,31,2
218049,96,1
218050,43,5
218050,35,1
218050,53,2
218050,6,1
218051,60,5
218051,54,2
218051,31,1
218052,7,4
218053,80,1
218053,115,1
218054,9,1
218054,116,7
218055,44,6
218056,46,1
218056,51,1
218056,84,1
218056,22,1
218057,50,3
218058,105,5
218058,45,4
218059,59,1
218059,86,2
218059,55,1
218060,16,1
218060,48,5
218061,16,1
218061,6,3
218062,64,7
218063,30,7
218064,64,3
218064,9,1
218064,44,2
218064,13,1
218064,51,1
218065,62,2
218065,95,2
218066,49,7
218067,107,7
218068,52,10
218069,55,3
218070,22,2
218070,31,3
218071,59,5
218071,93,1
218071,22,3
218072,91,6
218073,98,4
218074,2,1
218074,110,2
218074,106,4
218075,20,1
218075,39,1
218076,111,1
218076,118,1
218076,23,1
218077,8,1
218077,45,2
218077,13,1
218077,111,1
218078,49,2
218078,60,1
218078,6,4
218079,59,2
218079,55,2
218080,117,1
218081,19,6
218082,35,5
218083,10,4
218083,7,2
218084,90,1
218084,76,1
218084,77,1
218084,47,1
218085,33,2
218085,53,3
218086,57,2
218086,34,4
218086,5,1
218087,50,4
218087,4,3
218088,76,1
218088,46,1
218088,7,1
218089,43,6
218090,58,2
218090,43,1
218090,54,1
218091,16,3
218091,85,5
218091,63,1
218092,34,8
218092,92,2
218093,106,1
218093,60,1
218094,90,3
218094,59,2
218094,103,2
218095,56,1
218095,38,1
218096,70,2
218096,8,1
218096,111,2
218096,112,1
218096,63,1
218097,42,1
218098,99,7
218099,74,1
218099,114,6
218100,41,2
218100,18,1
218100,119,3
218101,88,1
218101,57,6
218101,60,2
218102,96,1
218102,28,2
218102,71,1
218103,50,3
218103,99,3
218103,44,1
218103,5,1
218104,40,1
218104,53,1
218104,86,1
218105,42,4
218105,43,2
218106,78,1
218106,42,1
218106,6,1
218107,25,2
218108,61,1
218109,66,3
218109,40,1
218109,21,1
218109,54,1
218109,88,1
218110,4,1
218110,117,6
218111,30,1
218112,50,1
218112,45,1
218112,79,1
218113,92,4
218113,13,1
218113,14,1
218113,55,1
218114,53,6
218115,25,3
218115,91,1
218115,52,1
218116,57,1
218116,47,1
218116,119,3
218117,113,3
218117,49,4
218118,67,5
218118,4,1
218118,40,1
218118,20,1
218118,21,2
218119,24,1
218119,4,1
218120,72,2
218120,24,1
218120,57,1
218120,59,3
218120,60,1
218121,8,3
218121,21,2
218121,85,2
218121,37,1
218122,61,7
218122,102,1
218123,102,8
218124,19,7
218125,59,7
218125,6,1
218126,44,1
218126,39,1
218127,3,1
218127,46,7
218128,99,8
218129,3,1
218130,56,1
218130,83,1
218131,42,1
218132,59,5
218132,2,4
218132,43,4
218133,17,3
218134,28,8
218134,53,2
218135,59,1
218136,3,2
218136,31,2
218137,57,7
218138,1,2
218138,15,6
218139,2,5
218139,76,1
218139,45,1
218140,114,1
218140,29,1
218140,93,1
218140,71,1
218141,90,3
218141,55,4
218142,67,4
218142,10,1
218142,44,2
218142,17,1
218142,56,1
218143,86,5
218143,83,1
218143,12,1
218143,14,1
218144,17,3
218144,18,1
218144,51,1
218144,7,1
218145,18,1
218145,20,1
218145,13,1
218146,2,1
218146,59,1
218147,113,2
218148,89,1
218148,42,2
218148,76,1
218148,7,1
218149,42,2
218149,43,1
218149,61,1
218149,70,3
218150,56,4
218150,17,3
218151,79,6
218152,77,2
218152,14,1
218153,48,1
218153,58,1
218154,58,1
218154,12,1
218154,45,2
218155,82,1
218155,20,1
218155,45,1
218156,2,1
218156,75,3
218156,21,4
218157,1,3
218157,3,1
218157,84,1
218158,2,1
218158,42,1
218159,79,2
218159,55,5
218160,49,5
218160,115,2
218161,6,1
218161,12,1
218161,45,1
218161,60,1
218161,61,1
218162,81,2
218162,57,2
218162,14,2
218163,5,1
218164,24,1
218164,57,1
218164,119,1
218165,17,4
218165,115,1
218165,85,1
218165,15,1
218166,73,1
218166,20,1
218166,61,3
218166,39,1
218167,64,4
218167,57,1
218167,85,3
218168,75,1
218168,103,5
218169,15,7
218170,16,1
218170,33,1
218171,18,3
218172,12,2
218172,15,3
218173,84,3
218174,65,2
218174,2,1
218174,28,2
218174,78,3
218175,98,5
218175,93,5
218176,49,7
218176,23,2
218177,27,1
218177,20,1
218178,32,4
218178,30,2
218179,112,5
218180,16,1
218180,17,3
218181,49,1
218181,19,4
218181,78,2
218182,54,8
218183,67,1
218184,11,3
218184,87,1
218185,5,7
218186,9,1
218187,58,1
218187,50,1
218187,53,1
218187,102,1
218188,70,7
218188,39,1
218189,60,4
218190,60,1
218191,42,4
218191,91,3
218191,5,1
218192,40,5
218193,18,6
218194,77,1
218195,48,2
218195,60,1
218195,103,1
218196,17,2
218196,77,8
218197,57,1
218197,27,2
218197,102,1
218197,1,1
218198,113,7
218198,25,1
218199,17,2
218199,116,4
218200,26,3
218200,60,1
218200,55,3
218201,54,8
218202,68,3
218202,46,2
218202,7,1
218203,65,1
218203,53,1
218204,9,1
218204,90,1
218204,27,6
218205,19,1
218205,52,1
218205,38,1
218205,14,1
218206,33,3
218206,13,2
218206,95,3
218207,106,7
218207,43,1
218208,29,4
218208,22,3
218209,8,1
218209,52,1
218209,39,1
218210,97,3
218210,4,2
218210,17,1
218211,2,5
218212,105,4
218212,58,2
218212,54,1
218213,42,3
218213,11,2
218213,12,2
218214,32,3
218214,107,3
218214,5,1
218215,35,1
218215,12,1
218215,14,1
218216,13,2
218216,55,3
218217,9,2
218217,84,3
218218,112,1
218218,94,1
218218,111,1
218219,36,9
218220,112,2
218220,26,2
218221,36,1
218222,32,1
218222,19,3
218222,116,1
218222,55,1
218222,91,1
218223,16,6
218224,120,3
218224,89,3
218224,43,1
218225,9,1
218226,48,2
218226,80,1
218226,120,1
218226,70,1
218227,16,1
218227,49,1
218227,46,1
218228,26,1
218229,40,7
218230,57,1
218230,90,1
218231,49,2
218231,61,2
218231,53,3
218232,1,1
218232,43,1
218232,76,2
218232,82,1
218232,61,1
218233,38,1
218234,67,4
218235,24,1
218235,9,1
218235,86,1
218236,108,4
218236,1,1
218236,28,1
218237,53,2
218238,90,10
218239,26,1
218239,27,1
218239,55,1
218240,112,1
218240,50,1
218240,27,1
218240,117,3
218241,80,1
218241,35,5
218241,7,2
218242,33,2
218242,6,1
218243,16,1
218243,24,1
218243,53,1
218244,43,1
218244,99,1
218245,58,1
218245,20,1
218246,16,2
218246,46,2
218247,6,6
218248,26,5
218248,35,1
218248,58,1
218249,8,1
218249,4,4
218250,111,1
218251,40,5
218251,37,1
218251,85,4
218251,118,1
218252,43,1
218252,67,1
218252,12,1
218252,46,1
218253,3,6
218253,15,4
218254,33,2
218254,82,1
218254,87,2
218255,40,6
218256,119,4
218256,6,1
218256,95,1
218257,58,5
218258,60,1
218258,62,1
218259,66,1
218259,108,8
218260,24,1
218260,86,1
218261,119,10
218262,18,5
218262,84,1
218262,14,2
218263,52,1
218264,32,1
218264,7,2
218264,50,1
218264,54,1
218264,89,1
218265,12,1
218266,77,3
218267,73,4
218267,34,1
218268,65,4
218268,74,1
218268,101,1
218268,70,1
218269,65,2
218269,43,3
218269,59,2
218270,11,1
218270,69,1
218270,7,1
218271,38,1
218271,74,1
218271,19,1
218271,86,1
218271,89,1
218272,41,3
218272,22,1
218273,113,1
218273,68,1
218274,96,4
218274,65,1
218274,26,1
218274,6,1
218275,5,3
218275,43,1
218275,17,1
218275,52,1
218275,119,1
218276,104,2
218276,40,4
218276,39,1
218276,15,1
218277,16,3
218277,43,1
218277,61,1
218277,7,2
218278,11,1
218278,43,1
218279,104,1
218279,1,1
218280,64,1
218280,7,5
218281,33,1
218281,10,1
218281,14,1
218281,115,1
218281,119,2
218282,24,7
218282,94,1
218283,49,1
218283,26,1
218283,51,4
218284,65,2
218284,101,2
218285,108,8
218286,15,1
218287,116,2
218288,50,1
218288,100,1
218288,14,1
218289,49,2
218289,26,1
218290,18,2
218290,19,1
218290,51,1
218290,89,1
218290,92,1
218291,33,3
218291,18,1
218291,19,1
218292,44,4
218293,112,1
218293,6,1
218293,39,1
218294,48,3
218294,49,1
218294,35,2
218294,7,1
218295,56,5
218295,83,1
218295,45,2
218295,30,3
218296,100,2
218296,10,2
218296,60,2
218297,97,1
218297,27,3
218298,98,2
218298,51,3
218298,116,1
218298,94,1
218299,105,1
218299,93,1
218300,88,2
218300,33,1
218301,24,1
218301,97,1
218301,26,1
218301,18,1
218302,41,8
218302,2,1
218302,74,2
218303,77,2
218304,29,5
218305,32,3
218305,118,3
218305,87,2
218306,34,1
218306,47,1
218307,19,2
218308,57,1
218308,10,1
218308,58,1
218309,16,4
218309,49,1
218309,103,1
218310,97,2
218310,60,3
218311,25,4
218311,58,1
218311,116,2
218311,76,1
218312,1,5
218312,106,3
218313,68,1
218314,46,2
218314,26,1
218314,29,4
218314,22,2
218315,4,2
218315,68,1
218315,105,1
218315,107,1
218315,57,1
218316,13,6
218317,48,1
218317,64,1
218317,67,2
218317,52,1
218318,73,1
218318,101,1
218318,94,1
218319,3,2
218319,37,1
218319,54,2
218320,10,4
218320,59,1
218320,22,1
218321,17,2
218321,52,5
218322,34,2
218322,111,1
218323,52,1
218324,114,1
218324,118,1
218324,95,1
218325,7,1
218325,107,1
218325,76,1
218325,22,1
218325,90,1
218326,80,1
218326,37,1
218327,112,3
218327,113,1
218327,16,1
218327,25,1
218328,9,1
218328,74,3
218328,18,1
218328,13,2
218329,16,2
218329,58,6
218330,109,1
218330,45,1
218330,93,1
218331,48,1
218331,106,1
218331,46,1
218332,48,4
218332,29,3
218332,14,1
218333,56,7
218334,19,1
218334,111,1
218334,7,1
218335,25,1
218335,39,1
218336,23,6
218337,1,1
218337,93,1
218338,37,2
218338,72,1
218338,109,1
218338,22,1
218338,26,1
218339,57,1
218339,13,1
218340,48,1
218341,114,1
218341,5,1
218342,69,1
218342,55,1
218343,73,1
218343,71,1
218344,35,7
218345,1,4
218345,3,1
218345,37,1
218345,10,1
218345,13,1
218346,118,1
218347,59,3
218348,65,5
218348,114,1
218348,95,1
218349,68,7
218350,17,1
218351,82,6
218352,39,8
218353,41,7
218353,77,1
218354,51,1
218354,94,1
218355,34,6
218356,104,6
218356,17,1
218357,60,1
218357,79,1
218358,102,1
218358,73,1
218358,106,1
218358,43,1
218358,53,1
218359,17,1
218359,30,1
218359,14,1
218360,59,7
218360,4,1
218361,41,1
218361,59,1
218361,54,1
218362,4,4
218362,8,2
218362,19,1
218362,30,1
218362,31,1
218363,94,1
218363,61,1
218363,45,1
218363,86,2
218364,2,6
218364,4,1
218365,43,1
218365,83,3
218365,3,1
218365,6,1
218366,16,2
218366,61,2
218366,22,1
218366,7,1
218367,57,1
218367,13,1
218367,23,1
218368,95,1
218369,3,4
218369,93,2
218370,98,1
218370,100,1
218371,60,1
218372,23,8
218373,49,4
218374,54,7
218375,54,1
218376,48,3
218376,35,3
218377,58,1
218377,45,1
218378,48,1
218378,49,1
218378,70,1
218379,110,1
218379,15,4
218380,113,1
218380,90,2
218380,46,1
218381,8,3
218381,9,1
218381,4,1
218381,25,1
218382,9,5
218382,93,1
218383,11,4
218383,36,2
218383,13,1
218384,52,2
218384,39,5
218385,57,3
218385,50,1
218385,43,1
218385,101,1
218386,49,2
218386,9,3
218386,30,3
218387,32,1
218387,43,2
218387,87,1
218388,50,1
218388,103,1
218388,71,1
218389,96,2
218389,43,3
218389,52,1
218390,17,3
218390,83,1
218390,53,3
218391,39,1
218391,13,2
218391,111,1
218391,23,1
218391,59,1
218392,40,6
218392,113,2
218393,4,1
218393,39,4
218394,32,1
218394,86,2
218394,7,3
218395,19,2
218395,14,4
218396,104,4
218396,46,3
218397,108,5
218397,47,1
218397,15,1
218398,56,1
218398,77,2
218399,41,1
218399,10,1
218399,55,1
218400,56,3
218400,18,6
218400,12,1
218401,40,1
218401,49,1
218401,1,1
218402,42,3
218402,19,2
218402,84,2
218402,46,1
218403,97,3
218403,34,3
218404,55,1
218405,1,2
218405,78,3
218405,55,1
218406,79,1
218407,25,5
218407,50,1
218407,45,1
218408,64,1
218408,49,1
218408,70,1
218409,4,4
218409,110,1
218409,39,2
218410,20,1
218410,52,1
218410,36,3
218410,95,2
218411,35,7
218411,43,1
218412,56,3
218412,68,1
218412,54,1
218413,16,3
218413,67,5
218414,5,2
218414,47,1
218415,47,8
218416,112,11
218416,8,2
218417,1,1
218417,43,3
218417,5,2
218418,17,2
218418,13,2
218418,79,1
218419,32,1
218419,108,2
218419,112,1
218419,53,1
218419,86,1
218420,49,3
218420,113,1
218421,88,1
218421,108,1
218422,24,11
218423,77,1
218424,37,3
218424,75,1
218424,48,1
218424,84,1
218424,55,2
218425,116,2
218425,63,2
218426,14,1
218427,3,6
218427,46,2
218428,88,1
218428,116,7
218429,58,2
218429,2,1
218429,14,1
218430,16,3
218430,33,1
218430,12,1
218430,53,2
218431,1,1
218431,66,1
218431,93,1
218432,72,4
218432,9,1
218432,35,1
218432,21,1
218433,18,2
218433,27,2
218433,110,3
218434,112,5
218435,16,5
218436,48,2
218436,93,6
218437,3,11
218438,120,1
218438,68,3
218439,8,5
218440,113,3
218440,53,1
218441,52,3
218442,48,1
218442,1,1
218442,10,1
218442,60,1
218443,120,1
218443,98,1
218443,60,4
218443,62,1
218444,51,4
218444,67,1
218444,59,1
218445,43,3
218445,5,3
218446,43,1
218447,1,6
218447,5,1
218447,117,1
218448,119,1
218449,16,3
218449,33,3
218449,30,1
218449,25,1
218450,105,4
218450,84,4
218451,49,2
218451,35,4
218451,30,1
218452,115,4
218452,30,1
218453,37,8
218454,104,1
218454,20,5
218454,22,1
218455,82,3
218455,119,4
218456,41,1
218456,5,2
218457,50,2
218457,51,3
218458,50,1
218458,20,1
218459,48,1
218459,68,4
218460,17,8
218461,72,2
218461,65,1
218461,6,1
218462,53,1
218463,92,8
218464,1,2
218465,57,1
218465,33,1
218466,26,8
218466,52,1
218467,58,2
218467,70,1
218468,48,2
218468,32,2
218468,42,2
218468,20,1
218469,103,9
218470,25,4
218470,94,1
218470,31,1
218471,56,2
218471,113,1
218471,89,1
218472,28,1
218472,101,1
218473,118,3
218473,30,1
218474,19,3
218475,104,1
218475,67,1
218475,19,4
218476,8,8
218476,42,3
218477,20,2
218477,53,1
218477,22,1
218478,81,1
218479,88,1
218479,25,1
218479,44,1
218480,21,3
218480,45,3
218481,50,4
218481,28,1
218481,109,2
218482,45,4
218482,78,2
218483,51,3
218483,82,1
218483,27,3
218484,11,4
218484,75,1
218484,51,1
218484,54,1
218485,84,1
218485,79,1
218485,47,1
218486,120,9
218487,54,5
218488,34,4
218488,10,1
218488,31,1
218488,15,1
218489,32,3
218489,46,9
218490,8,2
218490,81,1
218490,50,3
218491,16,1
218491,19,1
218491,44,1
218492,49,2
218492,59,1
218492,6,2
218493,12,2
218494,66,9
218495,75,1
218495,83,1
218495,12,1
218495,44,1
218496,1,1
218496,7,7
218497,96,6
218497,10,1
218497,91,1
218498,51,6
218499,12,1
218500,108,5
218500,54,3
218501,17,5
218502,1,1
218502,18,4
218503,28,2
218503,85,4
218503,71,2
218504,120,1
218504,66,1
218505,73,2
218505,21,6
218506,27,2
218506,20,7
218507,17,2
218507,101,1
218508,46,2
218509,22,1
218509,63,1
218510,62,5
218510,54,1
218510,79,1
218511,74,6
218511,54,1
218511,30,2
218512,52,1
218513,50,2
218513,43,2
218513,54,2
218514,58,2
218514,42,1
218515,9,3
218515,95,4
218516,32,2
218516,1,2
218516,112,1
218517,19,1
218517,44,1
218518,52,1
218519,73,1
218519,83,1
218519,20,1
218520,5,2
218521,90,6
218522,108,5
218522,87,3
218523,88,2
218523,9,1
218523,52,1
218524,58,5
218525,59,2
218525,92,3
218526,9,1
218526,58,6
218527,3,2
218527,111,1
218528,84,11
218529,24,1
218530,80,3
218530,49,3
218531,2,2
218531,4,2
218531,48,1
218531,49,1
218531,52,1
218532,48,1
218532,3,2
218533,74,6
218533,55,1
218534,64,1
218534,18,1
218534,7,1
218535,120,2
218535,73,1
218535,114,5
218536,32,6
218536,50,1
218537,48,3
218538,36,2
218538,61,2
218538,7,3
218539,49,1
218539,1,1
218540,113,7
218540,13,2
218541,58,4
218541,19,1
218542,6,1
218543,64,2
218543,57,1
218543,116,1
218543,53,2
218544,57,2
218544,19,1
218545,16,3
218545,85,8
218546,19,6
218546,6,1
218547,53,1
218548,57,1
218548,52,1
218549,27,5
218550,43,7
218550,111,1
218551,65,1
218551,17,1
218552,8,3
218552,33,1
218552,10,1
218552,6,1
218553,98,3
218553,92,3
218553,4,5
218554,11,2
218554,28,1
218554,119,1
218554,111,1
218555,14,9
218556,9,1
218556,59,1
218556,12,1
218557,41,9
218557,23,1
218558,59,4
218558,52,4
218559,88,3
218559,81,1
218559,95,3
218560,113,2
218560,44,4
218561,120,1
218561,4,1
218562,38,5
218563,33,7
218563,108,1
218563,23,1
218564,76,1
218565,27,5
218566,57,1
218566,19,2
218566,38,1
218567,37,4
218568,21,5
218569,108,10
218570,34,1
218570,60,1
218570,20,1
218570,7,1
218571,17,1
218571,18,4
218572,8,3
218572,84,3
218573,61,1
218573,22,1
218574,105,6
218574,22,1
218574,103,1
218575,104,2
218575,98,2
218576,53,6
218576,77,2
218577,34,5
218578,8,2
218578,97,1
218578,51,1
218578,102,1
218579,17,3
218579,41,5
218580,49,5
218580,60,2
218581,76,3
218581,110,1
218582,31,6
218583,18,2
218583,79,1
218584,98,2
218584,12,4
218585,28,7
218585,54,1
218585,39,2
218586,1,3
218587,16,3
218587,58,1
218587,45,3
218587,47,1
218588,2,1
218588,102,2
218588,106,1
218588,46,1
218588,117,2
218589,43,1
218590,19,3
218590,12,3
218591,13,3
218591,44,1
218591,109,1
218592,19,2
218592,36,1
218592,38,1
218592,111,1
218593,78,4
218594,20,3
218595,49,7
218595,17,1
218596,25,1
218596,91,1
218596,45,1
218596,7,1
218597,74,3
218597,7,4
218598,32,2
218598,35,1
218598,12,1
218598,13,2
218599,49,1
218599,63,3
218600,106,5
218600,28,2
218601,57,1
218601,53,2
218601,6,1
218601,47,2
218602,28,5
218603,19,1
218603,54,1
218604,37,1
218604,47,1
218605,64,10
218605,94,1
218606,49,1
218606,58,8
218607,57,5
218607,47,1
218607,46,1
218607,55,4
218608,61,1
218608,101,1
218609,12,2
218609,119,3
218610,1,2
218610,63,3
218610,71,5
218611,10,7
218611,28,1
218612,1,1
218613,9,1
218613,85,10
218614,33,6
218615,3,3
218615,36,4
218616,4,5
218616,110,2
218617,48,1
218617,117,1
218618,57,2
218618,111,1
218618,95,3
218618,31,1
218619,41,2
218619,42,2
218619,12,2
218619,85,1
218620,9,1
218620,11,1
218620,110,1
218621,25,1
218621,30,2
218622,36,4
218623,69,4
218623,22,3
218624,41,1
218624,19,2
218624,4,2
218624,53,1
218625,5,5
218626,48,2
218626,105,1
218626,86,1
218627,77,1
218628,21,1
218628,85,1
218629,89,1
218629,13,1
218629,71,1
218630,108,4
218630,12,4
218631,72,1
218632,15,2
218632,95,5
218633,106,1
218633,67,2
218633,14,1
218633,63,1
218634,87,1
218634,47,1
218635,12,5
218635,60,1
218636,27,1
218636,58,1
218636,67,2
218637,114,3
218637,51,1
218637,14,1
218638,25,1
218638,53,2
218639,83,1
218639,99,1
218639,92,1
218640,17,2
218640,67,1
218641,48,1
218641,8,1
218641,27,5
218642,87,1
218642,55,3
218642,6,2
218642,95,1
218643,2,3
218643,71,4
218644,96,1
218644,104,2
218644,56,1
218644,27,1
218644,61,1
218645,18,1
218645,69,2
218645,37,1
218646,50,6
218647,9,6
218648,9,1
218648,70,1
218649,21,7
218649,71,1
218650,99,1
218650,4,1
218650,41,2
218650,27,2
218650,28,2
218651,80,4
218651,97,4
218652,77,7
218653,17,2
218653,77,1
218654,42,3
218654,5,4
218655,40,1
218655,8,1
218655,42,1
218655,9,2
218656,16,1
218656,2,1
218657,17,2
218657,114,1
218657,77,2
218657,23,1
218658,71,2
218659,25,4
218659,35,3
218660,66,6
218660,19,2
218661,3,1
218661,41,2
218661,119,1
218661,25,1
218661,60,1
218662,85,2
218662,55,2
218663,48,1
218663,59,3
218663,60,1
218663,5,1
218664,108,3
218664,12,2
218665,42,4
218665,20,1
218665,21,1
218666,41,1
218666,52,2
218666,28,1
218666,87,1
218667,91,3
218667,4,1
218667,13,1
218668,12,3
218668,60,2
218669,51,2
218670,2,5
218670,14,2
218670,39,1
218671,25,3
218671,74,2
218671,1,2
218672,41,3
218672,27,1
218672,4,1
218673,9,1
218673,33,1
218674,81,1
218674,7,1
218674,45,1
218674,57,3
218675,33,1
218675,61,1
218676,98,1
218676,37,1
218676,106,1
218676,17,1
218676,54,1
218677,43,5
218677,53,1
218677,46,1
218678,29,6
218678,99,1
218678,45,1
218679,104,1
218679,81,1
218679,10,1
218679,34,1
218680,33,2
218680,20,6
218681,18,5
218682,57,2
218682,115,1
218682,62,2
218683,40,4
218683,25,2
218683,18,1
218684,59,2
218684,68,2
218684,38,4
218685,11,1
218685,90,1
218685,51,5
218686,35,1
218686,3,1
218686,38,3
218687,114,4
218687,12,1
218687,6,1
218688,107,5
218689,120,3
218689,106,3
218689,27,2
218690,104,5
218690,13,3
218691,105,1
218691,49,1
218692,60,1
218692,69,4
218692,54,1
218693,42,2
218693,53,4
218693,61,1
218694,120,1
218694,49,1
218694,82,1
218694,48,1
218695,25,1
218695,34,1
218695,4,1
218696,8,2
218696,2,1
218697,64,2
218697,7,1
218697,13,1
218697,18,1
218697,21,1
218698,4,6
218698,14,1
218699,88,2
218699,26,2
218699,45,1
218700,119,2
218701,48,2
218701,38,1
218702,29,8
218703,24,3
218703,9,2
218703,54,1
218704,50,2
218704,4,3
218704,5,2
218705,33,1
218706,65,2
218706,54,2
218707,1,1
218707,108,1
218707,7,1
218708,9,1
218708,51,1
218708,30,1
218709,100,1
218710,28,5
218710,79,2
218711,44,1
218711,4,2
218711,31,1
218712,14,10
218713,41,6
218714,16,1
218714,110,2
218715,112,6
218715,35,1
218715,95,2
218716,41,1
218716,5,2
218716,47,1
218717,50,1
218718,24,1
218718,25,3
218718,79,2
218719,10,1
218719,110,2
218719,6,1
218720,10,6
218720,4,2
218720,47,1
218720,55,2
218721,115,7
218721,84,1
218722,108,2
218722,12,2
218722,95,1
218723,27,7
218723,95,1
218724,16,1
218724,104,1
218724,14,1
218724,103,1
218725,59,4
218725,79,4
218726,59,5
218727,66,2
218727,29,1
218728,60,4
218728,21,1
218729,45,1
218729,36,1
218729,29,1
218730,19,4
218730,59,3
218730,18,2
218730,27,1
218731,25,3
218731,4,4
218732,89,6
218732,118,1
218733,57,1
218733,2,1
218734,17,2
218734,23,1
218735,17,2
218735,20,1
218735,5,2
218736,76,2
218737,100,2
218738,9,3
218738,11,1
218738,49,1
218738,88,1
218738,24,1
218739,88,1
218739,112,1
218739,110,1
218740,28,1
218740,85,1
218740,103,4
218741,41,4
218742,52,1
218742,23,5
218743,50,4
218744,80,4
218744,15,1
218745,3,3
218745,44,1
218745,30,1
218745,79,1
218746,73,2
218746,18,2
218746,66,1
218746,103,1
218747,40,3
218747,28,1
218747,14,2
218748,53,7
218749,120,1
218749,42,1
218750,43,1
218750,78,1
218751,16,1
218751,2,1
218751,62,1
218752,40,4
218752,42,1
218752,10,1
218752,61,1
218753,31,1
218754,17,1
218754,12,2
218754,14,1
218754,6,1
218755,2,4
218755,109,2
218756,80,1
218757,67,1
218757,37,1
218757,23,1
218758,7,1
218759,98,1
218759,14,2
218760,104,6
218760,52,1
218760,45,1
218761,17,4
218762,93,3
218763,13,1
218763,43,1
218763,5,1
218764,16,5
218765,32,1
218765,46,1
218766,48,3
218766,57,3
218766,43,1
218766,44,1
218767,11,1
218767,53,1
218768,113,1
218768,29,2
218768,37,1
218768,111,2
218769,25,3
218770,49,3
218770,11,1
218770,17,1
218771,43,1
218772,8,1
218772,49,1
218772,54,1
218773,14,2
218773,71,5
218774,58,5
218774,4,3
218775,24,3
218775,8,5
218776,9,5
218776,19,4
218776,54,2
218777,76,4
218778,11,1
218778,107,1
218778,86,1
218778,71,2
218779,104,1
218779,17,1
218779,44,1
218779,85,1
218780,53,4
218781,59,1
218781,43,5
218781,110,1
218782,3,3
218782,71,4
218782,63,1
218783,60,2
218783,70,3
218783,47,2
218784,27,1
218785,24,1
218785,1,1
218785,2,6
218786,48,1
218786,65,1
218786,5,1
218787,38,2
218787,20,1
218787,30,2
218788,67,1
218789,67,2
218790,51,7
218791,46,8
218792,64,1
218792,44,4
218792,61,1
218793,9,3
218793,60,4
218794,97,2
218794,11,1
218794,53,1
218794,9,1
218795,17,8
218796,73,5
218796,4,3
218796,44,1
218797,32,2
218797,7,4
218798,16,1
218799,32,1
218799,9,1
218800,18,5
218800,45,1
218800,109,1
218800,23,1
218801,7,11
218802,77,1
218803,51,6
218803,75,3
218803,6,1
218804,43,2
218804,77,1
218805,52,2
218805,71,1
218806,18,2
218806,70,2
218807,17,1
218807,3,1
218808,56,1
218809,24,11
218810,90,3
218810,26,1
218810,106,2
218810,7,2
218811,66,5
218811,106,3
218812,23,1
218813,3,5
218814,26,4
218814,51,3
218815,16,1
218815,80,1
218816,7,2
218816,6,1
218816,47,1
218817,14,8
218818,14,4
218819,63,2
218820,51,2
218820,77,1
218821,112,1
218821,59,1
218822,12,10
218823,32,2
218823,10,3
218823,60,5
218823,87,1
218824,11,1
218824,92,3
218824,45,1
218825,72,6
218825,52,1
218826,62,1
218826,54,3
218827,50,6
218827,99,1
218828,51,2
218828,44,5
218828,14,2
218829,52,1
218829,69,1
218829,78,1
218830,24,5
218830,114,1
218830,51,1
218831,96,1
218831,4,1
218832,41,1
218832,115,1
218833,49,7
218834,64,1
218834,22,4
218835,16,5
218835,27,2
218835,19,2
218835,53,1
218836,12,9
218836,55,1
218837,37,1
218837,38,1
218837,77,1
218837,116,1
218837,59,1
218838,35,1
218838,14,1
218838,87,1
218839,48,2
218839,24,2
218839,98,1
218839,11,1
218840,19,11
218841,80,4
218841,4,1
218841,93,4
218841,7,4
218842,80,1
218842,70,7
218843,70,4
218843,21,1
218843,46,1
218843,31,1
218844,11,3
218844,43,2
218844,100,2
218845,28,5
218845,101,4
218846,32,1
218846,44,1
218846,46,1
218846,63,1
218847,52,5
218847,5,1
218847,15,2
218848,3,3
218849,8,3
218849,57,2
218849,60,1
218849,23,1
218850,24,5
218850,9,1
218850,56,1
218850,35,1
218851,41,9
218852,7,4
218853,24,1
218853,1,3
218853,5,2
218854,5,8
218855,1,3
218856,52,6
218857,25,2
218857,37,3
218858,58,1
218859,53,1
218859,54,1
218860,113,2
218860,3,6
218861,76,1
218862,57,3
218862,51,1
218863,8,5
218863,25,2
218863,59,2
218863,15,1
218864,53,7
218865,91,2
218865,23,1
218866,2,3
218866,6,1
218866,103,1
218866,42,1
218866,79,1
218867,67,1
218867,51,2
218867,100,1
218867,55,1
218868,120,2
218868,53,2
218869,4,2
218870,56,1
218871,40,6
218871,107,2
218871,30,1
218872,107,1
218873,93,3
218873,6,1
218874,96,6
218874,73,2
218874,52,1
218874,101,1
218875,3,2
218875,15,2
218876,30,1
218876,86,1
218876,47,1
218877,64,1
218877,55,4
218878,11,1
218878,52,1
218878,39,1
218879,56,1
218879,120,2
218880,35,1
218880,69,1
218880,71,1
218880,116,1
218880,20,1
218881,74,2
218881,63,1
218881,14,1
218881,15,1
218882,44,8
218883,18,5
218883,28,2
218884,41,2
218884,10,1
218884,99,2
218885,5,1
218885,60,2
218885,109,4
218886,67,3
218886,14,1
218886,49,1
218886,18,1
218886,54,1
218887,45,5
218887,30,5
218888,119,8
218889,9,4
218889,67,1
218889,19,1
218890,58,3
218890,4,1
218890,60,1
218891,41,5
218891,86,3
218892,26,1
218892,15,1
218893,112,1
218893,60,1
218894,43,4
218894,52,5
218895,2,1
218895,4,2
218895,70,1
218895,16,1
218895,52,1
218896,81,2
218896,20,1
218896,5,1
218897,59,6
218898,24,3
218898,49,1
218898,52,3
218898,22,1
218899,9,5
218900,32,1
218900,17,4
218901,49,1
218901,11,1
218901,23,1
218902,57,4
218903,104,1
218903,50,3
218903,69,1
218904,3,1
218904,51,4
218904,15,5
218905,49,1
218905,10,1
218905,76,1
218905,52,1
218906,13,1
218906,61,5
218907,49,2
218907,30,1
218907,7,2
218908,26,6
218908,51,2
218908,60,1
218909,43,6
218910,50,3
218910,37,1
218911,2,1
218911,75,1
218911,52,1
218911,118,1
218911,57,1
218912,88,2
218912,1,1
218912,81,2
218913,117,1
218914,18,6
218914,53,2
218915,53,1
218915,110,2
218916,17,1
218916,42,1
218917,15,7
218918,96,1
218918,61,5
218918,54,1
218919,52,1
218919,23,1
218920,24,1
218920,106,2
218920,19,3
218920,119,1
218921,57,4
218921,77,4
218922,50,2
218923,83,1
218923,55,6
218924,48,2
218924,51,3
218924,45,1
218924,7,3
218925,12,3
218925,14,3
218925,111,2
218926,12,3
218926,15,1
218926,95,1
218927,18,1
218927,44,1
218928,18,5
218928,4,2
218928,39,1
218929,2,8
218929,12,2
218930,21,1
218930,101,2
218931,9,2
218931,50,5
218932,17,2
218932,115,2
218933,56,3
218933,41,1
218934,2,8
218934,86,1
218934,15,1
218935,64,3
218935,49,3
218936,19,2
218936,111,2
218936,109,1
218936,31,2
218937,92,1
218937,6,1
218937,30,1
218938,20,8
218939,56,2
218939,8,1
218939,106,4
218939,28,1
218940,30,7
218941,13,5
218942,4,1
218942,61,1
218943,32,1
218943,76,2
218944,45,5
218944,54,1
218945,16,1
218945,100,1
218945,104,1
218946,50,3
218947,72,3
218947,58,1
218947,13,1
218948,59,1
218948,20,2
218949,43,3
218950,54,6
218950,55,2
218951,59,3
218952,2,1
218952,11,1
218953,1,1
218953,10,1
218953,11,1
218953,94,1
218954,72,1
218954,48,6
218955,56,1
218955,33,1
218955,42,1
218956,40,5
218956,41,1
218956,100,1
218957,34,1
218957,37,3
218958,120,5
218958,78,3
218958,6,2
218959,11,1
218959,5,6
218960,61,7
218961,34,6
218961,102,3
218962,113,3
218962,10,2
218962,91,1
218962,12,3
218963,18,4
218963,59,1
218963,6,1
218964,113,2
218964,95,1
218965,49,2
218965,18,1
218965,52,1
218965,21,1
218966,76,10
218967,48,7
218968,120,3
218968,6,5
218969,57,4
218969,58,3
218969,42,1
218970,30,10
218971,7,1
218971,47,1
218972,26,3
218972,4,4
218973,97,6
218973,44,1
218974,36,7
218975,7,7
218976,48,1
218976,27,2
218976,100,1
218977,18,3
218977,50,2
218977,30,2
218978,42,1
218978,52,2
218978,5,3
218979,75,1
218979,12,8
218980,8,1
218980,50,2
218981,38,1
218981,105,2
218981,44,1
218981,14,2
218982,114,4
218982,11,1
218982,5,1
218982,118,1
218983,16,7
218983,65,1
218983,54,1
218984,80,2
218984,77,1
218985,2,2
218985,60,1
218985,92,1
218986,4,1
218987,8,5
218987,99,4
218988,1,5
218988,2,1
218988,6,1
218988,14,1
218988,20,1
218989,110,6
218990,71,5
218990,47,1
218990,20,1
218990,21,1
218990,54,1
218991,8,6
218991,102,1
218991,15,1
218992,41,3
218992,58,1
218992,77,4
218993,73,1
218993,58,1
218993,60,2
218994,17,3
218994,119,8
218995,94,2
218995,7,5
218996,70,1
218997,33,1
218997,51,1
218998,1,4
218998,82,2
218998,100,1
218999,101,1
218999,69,1
219000,8,3
219000,100,3
219000,52,1
219001,62,1
219001,55,2
219002,16,2
219002,54,3
219002,102,1
219002,7,4
219003,49,2
219003,111,1
219004,16,1
219004,33,5
219004,7,1
219005,40,1
219005,115,1
219005,44,1
219005,5,3
219006,50,1
219006,62,1
219006,39,1
219007,87,8
219008,13,2
219008,5,1
219008,111,2
219009,55,1
219010,11,1
219010,83,1
219010,60,1
219011,45,4
219011,47,1
219011,115,3
219011,22,1
219011,61,1
219012,27,2
219012,50,1
219012,75,1
219012,30,1
219013,8,5
219013,54,2
219013,87,1
219014,5,1
219014,14,1
219015,17,2
219015,78,1
219016,101,6
219017,17,3
219017,66,2
219017,11,1
219017,35,1
219018,33,1
219018,36,1
219018,110,2
219018,7,2
219019,18,1
219020,19,1
219020,51,1
219020,20,2
219021,24,7
219021,76,1
219022,13,3
219022,79,3
219023,48,6
219024,2,2
219024,66,1
219024,4,1
219024,116,1
219024,28,1
219025,64,1
219025,10,2
219025,39,3
219026,49,1
219026,18,1
219027,114,1
219028,37,2
219028,31,5
219029,92,3
219029,69,1
219029,14,1
219029,119,1
219030,17,4
219030,46,1
219030,103,3
219031,18,2
219031,69,5
219032,15,3
219032,23,1
219032,46,1
219032,87,1
219033,60,3
219034,33,1
219034,100,2
219035,54,2
219035,81,2
219035,6,1
219035,94,2
219036,75,7
219037,67,1
219038,43,2
219038,5,2
219038,14,1
219039,66,1
219039,8,1
219039,112,1
219039,114,1
219039,59,1
219040,60,1
219040,118,1
219041,80,1
219041,35,1
219041,36,1
219042,113,2
219042,69,3
219043,56,2
219043,42,1
219044,49,2
219044,54,3
219044,55,2
219045,57,2
219046,106,1
219046,37,4
219046,111,2
219047,1,2
219047,59,3
219048,16,1
219048,53,3
219048,45,1
219049,17,7
219049,90,2
219049,94,2
219050,27,3
219050,4,1
219050,55,1
219050,111,1
219051,81,5
219051,14,1
219051,31,1
219052,17,7
219052,38,1
219053,37,1
219053,46,2
219053,39,5
219054,59,3
219055,12,1
219056,101,2
219056,91,1
219056,5,1
219057,72,4
219057,6,2
219057,23,1
219058,2,1
219058,37,1
219058,52,1
219058,55,1
219058,29,1
219059,20,5
219059,29,2
219060,19,1
219060,22,1
219061,78,1
219061,18,2
219061,86,2
219061,87,1
219062,3,3
219063,43,2
219063,70,1
219064,87,1
219065,6,1
219066,104,8
219067,105,1
219067,11,2
219067,14,2
219068,105,1
219068,47,1
219069,21,4
219069,5,1
219070,24,4
219070,34,6
219071,67,1
219071,102,1
219071,72,3
219071,120,2
219071,27,1
219072,5,3
219072,13,7
219073,104,3
219074,64,4
219075,94,1
219075,70,4
219076,38,1
219077,18,1
219077,38,3
219078,21,4
219079,8,5
219079,88,2
219080,50,1
219080,15,1
219081,97,1
219081,42,3
219081,2,1
219081,13,1
219082,83,3
219082,46,3
219083,92,3
219084,105,1
219084,82,1
219084,19,2
219084,101,1
219085,112,4
219085,108,5
219086,49,2
219086,69,2
219086,5,2
219087,65,1
219087,109,1
219087,31,1
219088,32,8
219089,64,1
219089,2,1
219090,56,1
219090,61,1
219090,31,1
219091,51,4
219091,60,1
219091,47,1
219092,61,2
219092,22,6
219093,56,2
219093,116,5
219094,42,1
219094,70,1
219095,8,1
219095,56,1
219095,118,1
219095,95,1
219096,18,3
219096,55,3
219097,50,3
219097,19,4
219098,72,3
219098,98,3
219098,55,2
219099,46,6
219099,95,2
219100,95,5
219101,65,4
219102,2,1
219102,20,1
219103,57,3
219103,42,4
219103,7,1
219104,105,4
219104,58,3
219105,50,5
219106,106,2
219106,55,3
219107,18,3
219107,19,1
219107,86,2
219108,1,1
219108,4,1
219109,105,1
219109,75,3
219110,13,1
219110,87,2
219111,56,1
219111,1,6
219112,1,4
219112,51,1
219112,70,1
219112,55,1
219113,1,2
219113,2,3
219113,12,1
219113,57,2
219114,80,1
219114,17,1
219114,102,1
219115,88,1
219115,65,1
219116,20,8
219117,49,2
219117,97,2
219118,104,1
219119,65,7
219119,58,1
219119,35,1
219120,96,2
219121,11,1
219121,85,3
219121,103,4
219122,26,3
219122,67,2
219122,55,1
219123,1,1
219123,2,1
219123,27,1
219123,7,4
219124,101,2
219124,95,2
219125,8,3
219125,116,2
219126,5,1
219126,22,4
219127,108,1
219127,34,1
219127,116,2
219128,80,2
219128,65,1
219128,4,1
219128,97,1
219129,12,4
219129,39,4
219130,5,10
219131,118,3
219131,103,2
219132,29,1
219132,93,1
219133,34,3
219133,74,2
219134,41,2
219134,51,1
219134,109,2
219135,17,7
219135,3,2
219136,59,1
219136,44,2
219136,71,2
219137,71,6
219138,102,6
219139,32,5
219139,28,1
219139,54,1
219139,6,1
219140,19,5
219140,4,5
219141,22,6
219142,35,1
219142,14,1
219143,42,1
219143,6,3
219144,70,3
219144,69,4
219144,54,1
219145,38,2
219145,17,1
219145,36,1
219145,52,1
219146,23,2
219146,79,1
219147,50,2
219147,53,1
219147,70,3
219147,6,2
219148,102,6
219148,15,1
219149,41,3
219149,25,1
219150,96,2
219150,17,2
219150,15,1
219151,51,6
219152,108,1
219153,8,3
219153,38,1
219153,87,2
219154,76,4
219155,45,1
219156,89,1
219156,26,1
219156,53,5
219157,54,4
219157,75,2
219157,84,3
219157,22,1
219158,64,10
219158,99,1
219159,11,1
219159,44,1
219160,51,7
219161,97,1
219161,2,1
219161,5,2
219161,7,1
219161,46,1
219162,56,6
219163,61,1
219164,64,3
219164,113,2
219165,64,1
219165,21,3
219166,2,2
219166,111,1
219167,116,5
219167,98,1
219167,36,2
219168,83,4
219168,14,6
219169,64,3
219169,60,3
219170,88,9
219171,51,1
219171,46,1
219172,8,1
219172,90,1
219173,38,1
219173,43,3
219173,76,1
219173,112,1
219173,53,1
219174,16,7
219174,48,1
219174,75,1
219175,85,3
219175,45,1
219176,17,1
219176,90,2
219177,49,2
219177,34,1
219177,9,2
219177,41,1
219178,56,2
219178,44,3
219179,27,5
219179,51,1
219179,43,3
219179,68,1
219180,7,4
219181,60,5
219181,4,2
219181,71,1
219182,42,2
219182,60,2
219182,103,1
219183,9,1
219184,57,5
219184,90,3
219185,59,4
219185,108,3
219186,90,6
219186,5,1
219187,34,2
219187,50,1
219188,49,1
219188,2,4
219188,17,2
219189,58,2
219189,59,1
219189,28,2
219190,112,1
219190,37,6
219190,15,1
219191,57,1
219191,15,1
219191,30,2
219191,87,1
219192,105,2
219192,43,1
219192,13,2
219192,19,1
219192,51,1
219193,51,1
219194,24,4
219194,115,1
219194,86,1
219195,67,1
219195,46,5
219196,32,5
219196,34,1
219196,67,1
219197,9,1
219197,42,2
219197,11,2
219197,13,2
219197,18,1
219198,57,9
219199,68,3
219199,40,1
219199,105,1
219199,12,1
219199,62,1
219200,7,1
219201,80,1
219202,72,1
219202,113,1
219203,95,3
219203,79,5
219204,44,2
219205,48,5
219205,41,1
219205,27,1
219205,62,1
219206,4,5
219206,70,1
219207,40,1
219207,59,1
219208,8,1
219208,54,1
219208,77,1
219208,6,1
219209,8,1
219209,83,1
219209,4,1
219209,87,1
219210,81,2
219210,1,3
219211,57,1
219212,112,1
219212,26,1
219212,87,3
219213,84,4
219214,49,2
219214,58,1
219214,5,4
219215,73,6
219215,66,1
219215,52,1
219216,88,4
219216,52,3
219216,111,1
219217,6,6
219218,57,2
219218,75,2
219218,20,2
219219,3,3
219219,38,1
219220,104,7
219221,50,6
219221,20,2
219222,27,1
219222,47,1
219223,40,2
219223,61,1
219223,23,2
219224,48,1
219224,70,1
219224,22,1
219225,25,2
219225,83,7
219225,12,1
219226,35,1
219226,61,1
219227,5,2
219227,22,4
219228,8,1
219228,50,2
219228,83,1
219228,51,1
219228,29,1
219229,73,1
219229,65,4
219229,8,1
219230,105,2
219230,4,2
219230,110,1
219231,11,1
219231,52,1
219231,7,1
219232,97,2
219232,3,1
219232,68,2
219232,70,1
219233,89,4
219233,11,3
219234,1,1
219235,8,2
219235,43,2
219235,46,4
219236,24,1
219236,26,1
219236,5,1
219236,86,2
219237,1,2
219237,67,3
219237,117,1
219238,24,6
219238,90,2
219239,58,4
219239,51,1
219239,42,1
219240,41,3
219240,27,4
219240,51,1
219241,70,5
219242,60,8
219243,48,1
219243,105,1
219243,101,1
219244,43,8
219245,108,5
219245,52,1
219246,12,3
219247,56,2
219247,52,3
219247,70,5
219248,80,10
219249,67,5
219250,118,2
219250,63,2
219251,41,1
219251,54,2
219252,16,5
219252,111,1
219252,15,4
219253,104,5
219254,8,9
219255,62,3
219255,85,3
219255,118,1
219256,41,1
219256,113,1
219257,44,1
219258,16,2
219258,82,2
219258,117,1
219258,7,1
219259,31,6
219259,95,1
219260,118,8
219261,46,3
219261,23,1
219262,38,6
219263,41,1
219263,28,1
219263,110,1
219264,71,4
219265,97,4
219266,44,7
219267,43,8
219268,48,1
219268,9,1
219268,50,1
219269,68,4
219270,80,1
219270,33,1
219270,61,1
219270,101,1
219271,50,1
219272,12,3
219273,99,4
219273,102,2
219273,108,1
219273,13,1
219273,78,1
219274,4,1
219274,6,4
219274,39,1
219274,12,1
219274,17,1
219275,7,7
219276,56,9
219276,11,1
219277,21,3
219278,1,1
219278,50,1
219278,57,1
219279,13,4
219280,118,1
219281,18,1
219282,2,6
219283,82,2
219283,93,4
219284,42,1
219284,91,7
219285,72,3
219285,21,1
219286,49,7
219286,38,1
219286,7,1
219287,73,7
219287,27,3
219288,86,1
219289,16,4
219289,78,2
219289,20,2
219289,110,1
219290,105,2
219290,5,3
219291,95,4
219292,51,3
219292,117,1
219292,118,1
219292,56,1
219292,58,1
219293,3,2
219293,17,1
219293,51,2
219293,108,3
219294,32,6
219294,115,2
219295,58,2
219295,3,2
219295,44,2
219296,11,1
219296,105,1
219296,99,1
219296,12,1
219297,42,1
219297,4,7
219298,16,6
219298,43,1
219298,55,1
219298,111,1
219299,24,1
219299,113,3
219300,53,7
219300,31,3
219301,16,1
219301,57,7
219302,41,2
219302,44,1
219302,92,4
219303,48,3
219304,33,3
219305,99,1
219305,5,1
219305,31,1
219306,63,4
219307,73,1
219307,10,1
219307,30,1
219308,80,6
219308,41,3
219308,45,1
219308,87,1
219309,30,1
219309,47,4
219310,80,4
219310,17,3
219310,40,1
219311,41,1
219311,76,1
219312,39,5
219313,10,2
219313,22,1
219314,73,1
219314,65,1
219314,43,1
219314,47,1
219315,12,9
219316,86,1
219317,25,4
219317,12,2
219318,24,1
219318,59,2
219318,83,1
219319,80,4
219319,46,1
219319,63,2
219320,77,5
219320,103,1
219321,3,1
219321,54,1
219322,59,4
219322,111,2
219323,17,2
219323,9,2
219324,16,3
219324,9,2
219324,43,1
219325,68,1
219325,20,1
219326,59,1
219326,55,1
219326,15,1
219327,59,1
219327,12,7
219328,17,1
219328,2,1
219328,23,2
219329,108,3
219329,20,4
219330,41,2
219330,2,5
219331,50,1
219331,44,1
219331,36,1
219332,16,2
219332,58,2
219333,24,2
219333,54,1
219333,39,1
219334,9,6
219334,55,3
219335,16,1
219335,57,2
219335,77,1
219335,41,1
219336,34,9
219337,60,1
219338,16,2
219338,34,1
219338,44,2
219338,53,2
219339,82,1
219339,27,2
219339,44,1
219340,61,2
219340,62,2
219341,31,6
219342,58,6
219342,6,2
219343,49,2
219343,66,1
219343,105,1
219344,98,3
219344,59,1
219344,29,1
219345,56,2
219346,54,2
219346,97,5
219346,66,1
219346,62,1
219347,49,2
219347,15,5
219348,10,2
219348,12,1
219348,111,2
219348,20,1
219348,26,1
219349,34,3
219349,12,1
219350,9,2
219350,53,1
219351,14,1
219351,119,1
219352,42,1
219352,29,1
219353,94,2
219354,16,1
219354,40,1
219354,18,1
219354,37,1
219355,9,4
219355,62,3
219356,8,7
219357,48,1
219358,81,6
219359,113,8
219360,1,1
219360,42,1
219360,2,1
219360,92,1
219361,91,1
219362,41,5
219362,58,2
219363,3,5
219363,92,2
219364,102,2
219364,118,3
219364,47,2
219365,6,4
219366,48,4
219366,40,1
219366,72,1
219367,28,2
219367,71,1
219368,14,1
219368,15,2
219369,48,3
219369,87,7
219370,89,3
219370,43,1
219370,75,1
219370,5,1
219371,73,2
219371,5,1
219371,54,1
219372,16,3
219372,18,5
219373,89,1
219373,18,1
219373,62,1
219374,20,8
219374,85,2
219374,78,1
219374,55,2
219375,42,6
219375,12,1
219376,1,1
219376,12,2
219376,102,2
219377,24,7
219377,53,1
219378,49,1
219378,50,1
219379,57,9
219380,14,1
219380,50,1
219380,82,1
219380,21,1
219380,120,2
219381,37,1
219381,47,1
219382,65,1
219382,11,1
219382,33,3
219383,99,3
219383,7,1
219384,1,1
219384,18,2
219384,15,5
219385,4,2
219386,56,1
219386,10,1
219386,20,1
219387,43,1
219387,44,4
219387,77,2
219388,107,4
219389,15,1
219390,56,4
219390,38,2
219390,39,1
219391,117,7
219392,64,3
219392,4,2
219392,7,1
219392,42,1
219392,55,1
219393,25,1
219393,100,1
219393,49,1
219394,56,1
219394,97,2
219395,89,5
219395,53,1
219395,41,1
219396,9,2
219396,108,2
219396,117,4
219397,79,1
219398,5,1
219398,80,1
219398,115,1
219398,27,1
219398,28,1
219399,28,11
219400,64,2
219400,68,1
219400,14,1
219401,48,1
219401,2,1
219401,64,1
219401,31,1
219402,17,2
219402,18,2
219402,92,2
219403,17,1
219404,11,3
219404,69,4
219404,29,1
219405,48,4
219405,98,1
219405,71,1
219406,40,6
219406,84,1
219406,61,1
219407,104,3
219407,65,2
219407,114,2
219407,22,1
219408,65,1
219408,51,2
219409,44,3
219409,31,5
219410,3,1
219410,7,1
219410,87,2
219411,24,5
219411,45,1
219412,1,5
219412,69,2
219413,44,1
219413,63,5
219414,36,1
219414,40,2
219414,15,1
219414,50,1
219414,58,1
219415,59,1
219415,60,1
219415,22,1
219416,36,3
219417,51,4
219417,55,1
219418,7,1
219419,2,3
219419,5,1
219420,105,2
219420,92,1
219420,6,1
219420,23,3
219421,58,3
219421,77,1
219421,47,4
219422,96,4
219422,15,4
219423,24,1
219424,2,7
219425,22,7
219425,111,2
219426,64,1
219426,55,1
219427,76,1
219428,69,1
219429,8,1
219429,57,1
219430,44,1
219430,85,2
219431,42,1
219431,99,3
219431,69,2
219432,107,2
219432,55,6
219433,1,1
219433,2,6
219433,29,1
219434,91,2
219434,23,2
219434,15,1
219435,98,1
219436,59,9
219437,4,3
219437,111,4
219438,87,1
219439,32,1
219439,18,1
219440,52,2
219440,29,1
219441,33,6
219441,34,1
219441,119,4
219442,1,4
219442,117,2
219442,36,1
219442,45,1
219443,76,1
219444,9,2
219444,3,1
219444,53,4
219445,49,1
219445,43,1
219445,14,3
219446,58,3
219446,54,3
219446,39,2
219447,9,1
219447,3,2
219447,7,1
219447,63,2
219448,90,1
219448,15,1
219448,95,5
219449,48,2
219449,9,1
219449,44,3
219449,53,3
219450,38,9
219451,37,1
219451,41,1
219451,46,1
219451,49,1
219451,85,1
219452,41,2
219452,18,1
219452,3,1
219452,97,1
219453,1,1
219453,2,3
219453,103,2
219453,9,1
219453,119,1
219454,8,1
219454,90,1
219454,37,1
219455,96,4
219455,51,1
219456,58,2
219456,76,1
219456,69,1
219457,79,1
219458,42,3
219458,3,1
219458,52,4
219459,51,7
219460,9,2
219460,91,1
219460,15,3
219461,13,3
219461,54,1
219462,32,9
219463,106,5
219463,12,1
219464,99,5
219465,59,1
219465,12,1
219465,22,5
219466,25,5
219466,12,3
219466,28,3
219467,41,6
219467,50,1
219467,30,1
219468,120,1
219468,16,1
219469,12,1
219469,84,5
219470,48,8
219471,1,2
219471,28,1
219471,45,2
219472,16,2
219472,104,6
219473,48,3
219473,80,1
219473,76,3
219474,55,9
219475,48,6
219475,103,2
219476,65,1
219476,92,1
219476,5,1
219477,50,6
219477,4,4
219478,41,2
219478,18,1
219478,37,2
219479,25,1
219480,43,1
219480,29,3
219481,47,2
219481,15,1
219482,96,2
219482,18,1
219482,83,1
219482,53,3
219482,91,1
219483,10,5
219483,2,3
219484,57,4
219484,41,4
219485,65,1
219485,3,1
219485,82,1
219485,52,1
219485,56,1
219486,1,2
219486,27,3
219487,59,3
219487,39,4
219488,3,1
219488,51,1
219489,16,1
219489,11,1
219489,96,1
219489,15,1
219490,8,6
219490,2,1
219490,54,1
219491,101,2
219491,51,1
219491,21,2
219492,93,1
219493,104,1
219493,61,2
219494,1,1
219494,17,3
219495,74,4
219495,59,4
219496,80,2
219496,89,4
219496,18,1
219496,51,1
219497,12,3
219497,60,3
219497,55,3
219498,49,1
219498,115,1
219498,78,1
219499,61,8
219500,51,1
219500,46,1
219500,22,1
219501,77,10
219502,9,4
219502,53,1
219502,118,1
219502,31,1
219503,73,3
219503,51,2
219504,17,4
219504,55,2
219505,44,1
219505,110,3
219505,55,1
219506,2,5
219507,33,1
219508,7,7
219509,52,2
219509,46,2
219510,24,1
219510,41,1
219510,50,1
219510,7,1
219511,24,4
219511,65,1
219511,10,3
219512,116,1
219512,44,2
219513,30,1
219514,65,5
219515,57,2
219515,15,3
219516,9,4
219516,37,1
219517,31,5
219517,13,3
219517,102,2
219517,119,1
219518,80,1
219518,55,5
219518,46,1
219518,39,1
219519,17,6
219519,4,1
219520,50,4
219520,4,1
219521,80,1
219521,16,4
219521,59,1
219521,22,1
219522,48,2
219522,50,2
219522,60,2
219522,114,1
219523,64,1
219523,66,1
219523,46,1
219524,48,4
219524,34,1
219524,40,1
219525,19,1
219525,45,1
219525,7,1
219526,73,4
219526,82,2
219526,108,1
219526,14,1
219527,10,1
219527,12,1
219528,103,5
219529,9,6
219529,11,1
219529,12,1
219529,29,1
219530,56,3
219530,37,2
219531,27,4
219531,89,1
219531,83,1
219532,48,1
219532,51,1
219533,89,2
219533,106,2
219533,20,2
219533,90,1
219534,34,2
219534,54,9
219535,11,3
219535,22,1
219535,31,4
219536,17,1
219536,25,3
219537,40,6
219537,19,1
219538,16,1
219539,99,1
219539,60,4
219540,1,1
219540,98,1
219541,110,1
219541,52,1
219541,54,1
219542,86,6
219543,113,2
219543,110,2
219544,32,1
219544,41,1
219544,44,3
219544,1,1
219545,49,5
219545,114,1
219545,31,1
219546,49,4
219546,21,2
219546,79,1
219547,49,1
219547,35,1
219547,37,1
219547,102,1
219548,32,3
219548,1,1
219548,44,1
219548,87,1
219549,70,2
219549,50,3
219549,54,1
219549,114,1
219550,8,4
219550,47,6
219551,3,7
219552,16,1
219552,3,1
219553,31,1
219554,114,3
219554,94,1
219555,42,1
219555,10,1
219555,84,1
219555,47,1
219556,58,10
219557,49,1
219558,80,4
219558,75,1
219558,4,1
219559,57,1
219559,37,1
219560,10,6
219561,49,4
219561,67,4
219562,41,1
219563,59,4
219563,30,4
219564,40,1
219564,42,1
219564,94,1
219565,116,1
219565,105,2
219565,76,3
219565,94,1
219566,41,3
219566,58,1
219566,49,2
219566,39,2
219567,15,1
219567,12,1
219567,119,1
219568,85,2
219568,5,4
219569,57,1
219569,22,1
219570,49,2
219571,2,5
219571,20,1
219571,54,1
219572,26,3
219573,10,7
219573,46,1
219574,116,1
219574,101,2
219575,72,6
219576,50,1
219576,58,1
219576,47,1
219577,16,5
219577,3,1
219577,46,1
219578,61,3
219578,54,2
219578,31,1
219579,9,6
219579,19,1
219579,29,1
219580,80,1
219580,75,1
219581,4,2
219581,110,1
219581,21,2
219581,54,1
219581,28,1
219582,72,3
219582,91,2
219582,93,1
219583,73,3
219583,75,1
219583,23,1
219584,56,1
219584,25,2
219584,19,1
219584,46,1
219585,18,2
219585,3,2
219586,48,2
219586,9,2
219586,110,3
219586,7,1
219587,57,4
219588,48,6
219589,49,1
219589,26,1
219590,42,3
219590,91,1
219590,92,1
219590,93,1
219591,96,2
219591,69,2
219591,44,1
219591,4,1
219592,57,2
219592,55,2
219593,57,2
219593,12,3
219593,39,1
219594,75,1
219594,55,3
219595,54,1
219596,56,2
219596,46,1
219596,15,3
219597,55,1
219598,24,3
219598,14,5
219599,85,9
219600,11,7
219601,110,3
219602,100,1
219602,29,1
219602,6,1
219603,120,3
219603,17,1
219603,31,2
219604,120,1
219605,89,1
219605,118,1
219605,9,1
219606,12,3
219606,6,3
219607,20,3
219607,29,1
219608,83,2
219608,59,1
219608,14,1
219608,6,1
219609,17,9
219610,16,2
219610,57,1
219610,2,1
219610,7,1
219611,18,1
219612,56,2
219612,90,1
219613,29,7
219614,8,1
219614,42,1
219615,16,3
219615,41,1
219615,115,2
219616,114,1
219616,90,4
219617,5,1
219618,67,9
219619,56,7
219619,67,1
219619,52,2
219620,42,1
219620,61,7
219621,23,4
219622,35,11
219623,8,2
219623,4,1
219623,45,1
219623,36,1
219624,65,3
219624,15,7
219625,24,3
219625,8,3
219625,10,1
219625,76,2
219626,81,1
219626,42,1
219626,12,1
219626,15,1
219627,9,1
219627,3,4
219628,34,1
219629,41,1
219629,45,2
219630,53,2
219631,75,1
219631,117,1
219631,63,1
219632,41,1
219632,34,4
219632,107,1
219632,33,1
219633,56,1
219633,33,1
219633,60,1
219634,11,1
219634,19,1
219634,52,1
219635,9,1
219635,115,2
219636,16,1
219636,57,1
219637,17,3
219637,7,1
219638,67,1
219638,14,1
219638,22,1
219639,44,6
219640,72,2
219640,2,1
219640,31,1
219641,58,9
219642,91,5
219642,7,3
219643,40,1
219643,100,4
219644,90,2
219644,61,1
219645,10,1
219645,76,2
219645,12,3
219646,9,7
219646,36,1
219646,47,1
219646,23,1
219647,60,5
219647,13,3
219648,18,4
219648,3,2
219648,93,1
219649,104,1
219649,42,1
219649,67,1
219649,14,1
219650,1,2
219650,2,6
219651,75,1
219651,95,4
219652,1,1
219652,2,4
219652,77,1
219652,22,1
219652,28,1
219653,115,5
219653,41,2
219653,107,1
219653,45,1
219654,8,1
219654,66,1
219654,44,1
219654,50,1
219655,101,1
219656,49,1
219656,30,3
219657,42,1
219657,7,1
219657,87,1
219658,80,1
219659,9,3
219659,59,1
219659,71,1
219659,7,1
219660,40,8
219661,43,2
219661,10,2
219661,51,1
219661,45,1
219662,50,7
219662,58,1
219662,45,1
219663,52,8
219663,28,1
219663,102,1
219664,8,3
219664,41,1
219664,118,1
219665,1,1
219665,61,5
219665,97,1
219666,51,4
219666,7,1
219667,65,2
219667,19,2
219668,27,4
219668,57,1
219668,115,2
219668,47,1
219669,9,6
219669,54,1
219669,14,1
219670,17,3
219670,21,3
219671,3,2
219671,100,6
219671,45,1
219672,90,8
219673,88,1
219673,51,7
219674,105,3
219675,48,3
219675,25,3
219675,67,1
219675,41,1
219676,3,2
219676,38,2
219676,42,1
219676,16,1
219676,26,2
219677,56,1
219677,34,1
219678,99,1
219678,1,1
219678,43,4
219678,112,1
219679,38,1
219680,52,5
219680,54,1
219680,6,3
219681,51,4
219681,3,1
219681,45,2
219682,5,2
219682,63,2
219683,42,1
219683,10,1
219683,44,2
219683,106,1
219684,20,3
219684,46,1
219685,36,1
219686,104,1
219686,20,2
219686,93,2
219686,102,2
219687,80,1
219687,41,2
219687,36,1
219687,15,1
219688,49,6
219688,86,2
219689,26,5
219690,56,3
219690,90,3
219691,20,1
219691,92,1
219691,45,1
219691,15,1
219692,110,2
219692,43,3
219692,61,1
219692,70,1
219693,20,2
219693,68,1
219693,53,1
219694,27,2
219694,5,6
219695,1,1
219695,2,1
219695,72,2
219695,47,1
219695,24,1
219696,65,1
219697,84,2
219697,6,1
219697,71,1
219698,4,1
219698,38,1
219698,63,1
219699,105,7
219699,50,1
219699,69,3
219700,31,8
219701,72,1
219701,41,1
219701,3,4
219702,104,1
219702,25,1
219702,59,1
219702,45,1
219703,10,1
219703,51,2
219703,79,1
219704,3,1
219704,46,3
219705,26,1
219705,59,1
219705,78,6
219706,119,4
219707,66,4
219707,116,2
219707,6,3
219708,8,5
219708,9,6
219709,104,1
219709,53,1
219710,65,2
219710,91,3
219710,47,3
219711,112,2
219711,6,1
219711,15,1
219712,91,1
219712,100,1
219713,43,3
219714,16,3
219714,10,1
219714,12,2
219714,55,2
219715,105,1
219715,108,1
219715,113,1
219715,24,1
219715,25,1
219716,18,1
219716,51,1
219717,93,4
219717,38,3
219718,49,2
219718,103,1
219718,7,1
219719,41,3
219719,43,1
219719,45,2
219719,55,1
219720,96,2
219720,103,2
219720,119,1
219720,39,1
219721,61,6
219722,13,7
219723,81,1
219723,59,1
219724,66,1
219725,14,3
219726,32,5
219726,93,2
219727,51,1
219727,35,1
219727,45,1
219728,68,2
219728,13,2
219728,88,2
219728,28,1
219728,29,1
219729,1,4
219730,9,8
219731,1,2
219731,4,1
219731,36,1
219732,13,3
219733,56,1
219733,15,2
219734,91,3
219734,35,3
219734,5,1
219734,14,1
219735,27,1
219735,94,2
219735,111,3
219736,8,5
219736,15,1
219737,1,8
219737,59,1
219737,61,1
219738,66,7
219739,1,7
219739,49,1
219740,57,1
219740,12,1
219740,39,3
219741,42,1
219741,21,1
219741,6,1
219742,18,4
219743,49,2
219743,21,7
219744,89,3
219744,114,1
219744,20,1
219745,55,7
219746,9,2
219746,114,2
219746,4,1
219747,45,10
219748,17,3
219748,52,2
219748,117,1
219749,76,3
219749,71,2
219750,3,2
219750,40,2
219750,51,1
219750,24,1
219750,25,1
219751,1,1
219751,106,1
219751,63,1
219752,70,1
219752,14,6
219753,73,1
219753,5,3
219753,41,2
219754,82,1
219754,19,1
219755,43,1
219755,78,1
219756,24,3
219756,82,2
219757,36,7
219757,14,1
219757,63,1
219758,105,1
219758,108,1
219758,57,1
219759,66,1
219759,54,4
219760,22,4
219761,88,2
219761,63,4
219762,8,5
219762,11,3
219763,35,2
219763,19,1
219763,7,1
219764,48,8
219765,3,4
219765,71,1
219765,78,1
219765,19,1
219765,86,1
219766,43,5
219766,29,2
219766,6,1
219767,50,3
219767,110,1
219767,63,6
219768,6,1
219769,72,1
219770,102,1
219770,37,1
219770,54,1
219770,47,1
219771,48,2
219771,71,2
219772,49,1
219772,13,1
219773,64,2
219773,18,2
219774,26,6
219774,101,1
219775,49,1
219776,96,1
219776,1,1
219776,74,1
219776,17,1
219776,55,1
219777,109,4
219777,71,2
219777,119,1
219778,32,3
219778,34,1
219778,44,1
219778,90,1
219778,60,1
219779,49,1
219779,36,5
219780,57,3
219780,11,2
219781,6,2
219782,83,1
219782,36,2
219782,14,2
219783,28,6
219783,55,4
219783,54,2
219783,44,2
219784,73,1
219785,11,2
219785,54,1
219786,58,3
219786,10,1
219786,52,2
219786,23,2
219787,49,5
219787,2,2
219787,13,1
219787,114,1
219788,41,3
219788,36,3
219788,25,2
219788,31,2
219789,64,1
219789,43,1
219789,110,1
219790,1,1
219791,56,1
219791,42,2
219791,35,1
219791,22,1
219792,27,1
219793,27,5
219794,13,1
219794,21,3
219795,73,4
219795,38,1
219795,39,1
219796,44,1
219796,101,3
219796,38,1
219797,57,5
219797,10,2
219797,100,2
219797,62,3
219798,106,9
219799,17,1
219799,25,1
219799,41,1
219800,111,2
219801,2,5
219801,60,6
219802,119,1
219803,21,7
219803,46,2
219804,2,2
219804,35,2
219804,52,1
219804,54,2
219804,26,1
219805,60,1
219805,39,1
219806,48,3
219806,50,1
219807,108,1
219807,7,1
219808,82,2
219808,52,5
219808,15,1
219809,109,1
219809,14,1
219809,79,7
219810,104,1
219810,81,1
219810,50,1
219810,103,1
219811,82,1
219811,52,1
219811,30,2
219811,47,4
219812,88,5
219813,103,2
219813,14,1
219813,115,1
219813,53,1
219813,27,1
219814,36,4
219814,85,2
219815,48,9
219815,3,2
219815,15,1
219816,48,2
219816,107,1
219816,70,2
219817,82,1
219817,52,2
219817,70,1
219818,9,1
219818,50,1
219818,90,1
219819,57,7
219819,108,2
219820,42,2
219820,59,2
219820,4,1
219821,18,2
219821,11,2
219821,82,1
219822,56,2
219822,48,4
219822,15,2
219823,43,2
219823,31,4
219824,75,3
219825,19,3
219826,112,1
219826,116,1
219826,30,1
219826,39,1
219827,66,3
219827,51,2
219827,53,4
219828,44,1
219828,111,1
219829,33,5
219830,27,2
219830,47,4
219831,104,7
219832,62,1
219832,15,1
219833,120,4
219834,96,4
219834,106,1
219834,67,3
219834,6,2
219835,57,3
219835,44,3
219835,102,1
219835,47,1
219836,5,1
219836,38,1
219836,6,1
219836,40,1
219836,31,1
219837,72,3
219837,16,1
219837,80,2
219837,69,1
219838,29,1
219838,7,1
219839,20,7
219840,11,6
219841,110,1
219842,99,5
219843,78,2
219843,15,1
219843,20,1
219843,85,1
219843,56,1
219844,56,1
219844,41,2
219845,10,1
219845,12,4
219845,18,1
219845,20,1
219845,54,1
219846,73,1
219846,46,7
219847,58,4
219847,87,7
219848,90,1
219848,20,1
219848,50,1
219849,8,1
219849,6,1
219850,22,9
219851,80,1
219851,97,2
219851,61,2
219851,30,1
219852,14,1
219853,60,3
219853,7,5
219854,106,4
219854,12,3
219855,9,2
219855,14,1
219855,41,1
219856,58,3
219856,79,2
219857,107,1
219857,63,3
219858,16,1
219858,41,1
219858,85,1
219859,64,2
219859,9,1
219859,46,1
219859,81,1
219860,25,4
219860,58,1
219860,22,1
219861,97,8
219862,115,2
219862,116,7
219863,32,2
219863,8,3
219863,83,1
219863,1,2
219864,2,1
219864,4,7
219865,20,3
219866,45,4
219866,76,7
219866,20,1
219867,16,3
219867,105,2
219867,36,1
219867,38,2
219868,16,3
219868,57,6
219869,18,2
219869,54,3
219870,73,1
219870,58,1
219871,115,1
219871,68,1
219872,51,2
219872,36,1
219873,35,1
219873,31,1
219874,53,8
219875,26,10
219876,114,2
219876,103,8
219877,5,7
219878,41,2
219878,20,3
219879,32,3
219879,3,1
219880,49,4
219881,79,2
219881,6,2
219881,111,2
219882,2,7
219882,109,1
219883,117,1
219883,14,5
219884,1,1
219884,94,4
219884,79,1
219884,47,1
219885,48,2
219885,26,2
219885,55,4
219886,76,4
219887,33,1
219887,66,1
219887,35,1
219887,19,1
219887,116,1
219888,23,6
219888,14,2
219888,119,1
219889,45,12
219890,106,6
219891,85,2
219891,79,1
219892,24,3
219892,26,1
219892,68,1
219893,12,9
219894,112,2
219894,100,1
219894,85,4
219895,100,1
219895,91,1
219895,116,1
219895,13,1
219896,33,1
219896,91,4
219896,61,3
219897,43,1
219897,68,3
219898,20,3
219899,19,5
219899,30,1
219900,48,7
219900,55,2
219901,56,1
219901,59,1
219902,13,1
219903,114,2
219903,66,7
219904,16,2
219904,69,2
219904,7,1
219905,50,3
219906,44,2
219906,63,1
219906,95,1
219907,51,2
219907,3,1
219907,111,2
219908,33,1
219909,47,3
219909,51,2
219909,89,1
219909,62,1
219909,57,1
219910,8,1
219910,17,1
219911,34,2
219911,4,1
219911,39,1
219911,8,1
219911,28,1
219912,62,5
219913,107,2
219913,46,1
219913,95,1
219914,81,3
219914,95,1
219914,41,6
219915,98,4
219915,78,3
219915,15,1
219916,115,1
219916,102,1
219917,41,1
219917,2,4
219917,67,1
219918,56,2
219918,59,1
219919,42,2
219919,26,6
219920,25,2
219920,38,1
219920,55,1
219921,34,5
219922,112,1
219922,105,4
219922,59,2
219922,20,1
219923,6,3
219923,43,1
219923,13,1
219923,17,1
219923,113,1
219924,20,1
219925,6,3
219925,15,2
219926,56,1
219926,10,1
219927,26,2
219927,59,1
219927,53,1
219928,45,1
219929,51,1
219929,85,3
219930,17,1
219930,42,3
219930,59,4
219931,112,3
219931,17,3
219932,93,1
219932,7,4
219933,96,1
219933,119,1
219934,114,1
219934,59,1
219934,45,1
219935,113,7
219935,2,1
219935,60,2
219935,47,1
219936,58,3
219936,91,2
219936,92,1
219936,38,1
219937,17,3
219937,3,4
219938,96,4
219939,114,3
219940,51,9
219941,17,3
219941,92,4
219942,57,2
219942,98,1
219942,30,3
219943,65,2
219943,33,5
219944,2,1
219945,26,3
219945,45,2
219945,39,1
219946,18,2
219946,47,1
219946,31,2
219947,33,1
219947,13,1
219948,40,9
219948,12,3
219949,42,2
219950,20,5
219950,55,3
219951,51,1
219951,7,1
219951,39,1
219952,73,1
219952,108,3
219953,19,1
219953,20,1
219953,37,1
219953,102,1
219954,40,1
219954,111,1
219955,43,3
219955,44,1
219955,5,2
219956,32,1
219957,59,5
219958,107,1
219959,11,5
219959,52,2
219960,96,4
219960,59,2
219960,46,2
219961,94,3
219962,120,3
219962,114,2
219962,30,1
219963,65,3
219963,73,3
219963,31,1
219964,40,1
219964,116,1
219965,4,4
219965,102,1
219965,41,1
219965,22,1
219965,59,1
219966,53,1
219967,32,2
219967,70,3
219967,7,2
219968,105,1
219968,91,1
219968,14,1
219969,34,1
219969,4,1
219969,28,1
219969,111,1
219970,44,1
219970,15,1
219970,50,1
219970,88,1
219970,60,1
219971,49,1
219971,116,5
219972,97,4
219972,50,1
219972,30,1
219972,6,1
219973,11,1
219973,13,2
219974,32,1
219974,25,1
219974,44,1
219974,8,1
219975,60,5
219975,118,3
219976,43,1
219977,8,6
219977,110,1
219977,55,1
219978,41,1
219978,107,1
219979,6,1
219979,44,1
219979,14,1
219979,29,1
219979,31,1
219980,16,3
219980,113,1
219980,87,1
219980,25,1
219980,60,1
219981,80,7
219981,18,1
219982,54,7
219982,38,2
219983,66,1
219983,30,2
219984,60,7
219984,7,3
219985,10,1
219985,100,1
219985,15,1
219986,104,2
219987,90,1
219987,19,7
219988,73,1
219988,28,6
219989,48,3
219989,16,1
219989,3,1
219990,2,1
219990,4,2
219990,69,1
219990,59,1
219990,95,1
219991,73,4
219991,53,1
219991,5,3
219992,16,3
219992,25,6
219992,29,1
219992,1,1
219993,12,5
219993,30,2
219994,92,8
219995,40,1
219995,42,1
219995,75,1
219995,39,1
219996,8,3
219996,17,1
219996,98,1
219996,96,1
219997,40,2
219997,73,1
219997,54,1
219997,22,1
219998,80,1
219998,33,1
219999,49,3
219999,109,2
219999,31,3
220000,89,3
220000,65,3
220000,58,3
220000,41,2
